target_month,target_month_date,state,state_order,cutoff_date,max_article_publication_date,active_source_count,primary_phase1_evaluation,information_design,actual_target_headline_inflation_yoy,relevant_articles,direct_inflation_articles,indirect_driver_articles,upward_articles,downward_articles,neutral_articles,uncertain_articles,sum_upward_score,sum_downward_score,sum_net_price_pressure,weighted_price_pressure,mean_net_price_pressure,mean_uncertainty,upward_share,downward_share,neutral_share,uncertainty_share,direct_inflation_share,net_direction_balance,relevant_articles_per_active_source,weighted_pressure_per_active_source,theme_fuel_energy,theme_headline_inflation,theme_imports_supply_chain,theme_fiscal_tax_policy,theme_monetary_financial,theme_exchange_rate,theme_food_agriculture,theme_wages_labour,theme_housing_utilities,theme_transport_logistics
2010-01,2010-01-01,S1_Day7,1,2010-01-07 23:59:59,,1.0,0,CURRENT_PHASE1_CORPUS_MONTH_TO_DATE_VINTAGE,14.8,0,0,0,0.0,0.0,0.0,0.0,0.0,0.0,0.0,0.0,0.0,0.0,0.0,0.0,0.0,0.0,0.0,0.0,0.0,0.0,0,0,0,0,0,0,0,0,0,0
2010-01,2010-01-01,S2_Day14,2,2010-01-14 23:59:59,,1.0,0,CURRENT_PHASE1_CORPUS_MONTH_TO_DATE_VINTAGE,14.8,0,0,0,0.0,0.0,0.0,0.0,0.0,0.0,0.0,0.0,0.0,0.0,0.0,0.0,0.0,0.0,0.0,0.0,0.0,0.0,0,0,0,0,0,0,0,0,0,0
2010-01,2010-01-01,S3_Day21,3,2010-01-21 23:59:59,,1.0,0,CURRENT_PHASE1_CORPUS_MONTH_TO_DATE_VINTAGE,14.8,0,0,0,0.0,0.0,0.0,0.0,0.0,0.0,0.0,0.0,0.0,0.0,0.0,0.0,0.0,0.0,0.0,0.0,0.0,0.0,0,0,0,0,0,0,0,0,0,0
2010-01,2010-01-01,S4_MonthEnd,4,2010-01-31 23:59:59,,1.0,0,CURRENT_PHASE1_CORPUS_MONTH_TO_DATE_VINTAGE,14.8,0,0,0,0.0,0.0,0.0,0.0,0.0,0.0,0.0,0.0,0.0,0.0,0.0,0.0,0.0,0.0,0.0,0.0,0.0,0.0,0,0,0,0,0,0,0,0,0,0
2010-02,2010-02-01,S1_Day7,1,2010-02-07 23:59:59,,1.0,0,CURRENT_PHASE1_CORPUS_MONTH_TO_DATE_VINTAGE,14.2,0,0,0,0.0,0.0,0.0,0.0,0.0,0.0,0.0,0.0,0.0,0.0,0.0,0.0,0.0,0.0,0.0,0.0,0.0,0.0,0,0,0,0,0,0,0,0,0,0
2010-02,2010-02-01,S2_Day14,2,2010-02-14 23:59:59,,1.0,0,CURRENT_PHASE1_CORPUS_MONTH_TO_DATE_VINTAGE,14.2,0,0,0,0.0,0.0,0.0,0.0,0.0,0.0,0.0,0.0,0.0,0.0,0.0,0.0,0.0,0.0,0.0,0.0,0.0,0.0,0,0,0,0,0,0,0,0,0,0
2010-02,2010-02-01,S3_Day21,3,2010-02-21 23:59:59,,1.0,0,CURRENT_PHASE1_CORPUS_MONTH_TO_DATE_VINTAGE,14.2,0,0,0,0.0,0.0,0.0,0.0,0.0,0.0,0.0,0.0,0.0,0.0,0.0,0.0,0.0,0.0,0.0,0.0,0.0,0.0,0,0,0,0,0,0,0,0,0,0
2010-02,2010-02-01,S4_MonthEnd,4,2010-02-28 23:59:59,,1.0,0,CURRENT_PHASE1_CORPUS_MONTH_TO_DATE_VINTAGE,14.2,0,0,0,0.0,0.0,0.0,0.0,0.0,0.0,0.0,0.0,0.0,0.0,0.0,0.0,0.0,0.0,0.0,0.0,0.0,0.0,0,0,0,0,0,0,0,0,0,0
2010-03,2010-03-01,S1_Day7,1,2010-03-07 23:59:59,,1.0,0,CURRENT_PHASE1_CORPUS_MONTH_TO_DATE_VINTAGE,13.3,0,0,0,0.0,0.0,0.0,0.0,0.0,0.0,0.0,0.0,0.0,0.0,0.0,0.0,0.0,0.0,0.0,0.0,0.0,0.0,0,0,0,0,0,0,0,0,0,0
2010-03,2010-03-01,S2_Day14,2,2010-03-14 23:59:59,,1.0,0,CURRENT_PHASE1_CORPUS_MONTH_TO_DATE_VINTAGE,13.3,0,0,0,0.0,0.0,0.0,0.0,0.0,0.0,0.0,0.0,0.0,0.0,0.0,0.0,0.0,0.0,0.0,0.0,0.0,0.0,0,0,0,0,0,0,0,0,0,0
2010-03,2010-03-01,S3_Day21,3,2010-03-21 23:59:59,,1.0,0,CURRENT_PHASE1_CORPUS_MONTH_TO_DATE_VINTAGE,13.3,0,0,0,0.0,0.0,0.0,0.0,0.0,0.0,0.0,0.0,0.0,0.0,0.0,0.0,0.0,0.0,0.0,0.0,0.0,0.0,0,0,0,0,0,0,0,0,0,0
2010-03,2010-03-01,S4_MonthEnd,4,2010-03-31 23:59:59,,1.0,0,CURRENT_PHASE1_CORPUS_MONTH_TO_DATE_VINTAGE,13.3,0,0,0,0.0,0.0,0.0,0.0,0.0,0.0,0.0,0.0,0.0,0.0,0.0,0.0,0.0,0.0,0.0,0.0,0.0,0.0,0,0,0,0,0,0,0,0,0,0
2010-04,2010-04-01,S1_Day7,1,2010-04-07 23:59:59,,1.0,0,CURRENT_PHASE1_CORPUS_MONTH_TO_DATE_VINTAGE,11.7,0,0,0,0.0,0.0,0.0,0.0,0.0,0.0,0.0,0.0,0.0,0.0,0.0,0.0,0.0,0.0,0.0,0.0,0.0,0.0,0,0,0,0,0,0,0,0,0,0
2010-04,2010-04-01,S2_Day14,2,2010-04-14 23:59:59,,1.0,0,CURRENT_PHASE1_CORPUS_MONTH_TO_DATE_VINTAGE,11.7,0,0,0,0.0,0.0,0.0,0.0,0.0,0.0,0.0,0.0,0.0,0.0,0.0,0.0,0.0,0.0,0.0,0.0,0.0,0.0,0,0,0,0,0,0,0,0,0,0
2010-04,2010-04-01,S3_Day21,3,2010-04-21 23:59:59,,1.0,0,CURRENT_PHASE1_CORPUS_MONTH_TO_DATE_VINTAGE,11.7,0,0,0,0.0,0.0,0.0,0.0,0.0,0.0,0.0,0.0,0.0,0.0,0.0,0.0,0.0,0.0,0.0,0.0,0.0,0.0,0,0,0,0,0,0,0,0,0,0
2010-04,2010-04-01,S4_MonthEnd,4,2010-04-30 23:59:59,,1.0,0,CURRENT_PHASE1_CORPUS_MONTH_TO_DATE_VINTAGE,11.7,0,0,0,0.0,0.0,0.0,0.0,0.0,0.0,0.0,0.0,0.0,0.0,0.0,0.0,0.0,0.0,0.0,0.0,0.0,0.0,0,0,0,0,0,0,0,0,0,0
2010-05,2010-05-01,S1_Day7,1,2010-05-07 23:59:59,,1.0,0,CURRENT_PHASE1_CORPUS_MONTH_TO_DATE_VINTAGE,10.7,0,0,0,0.0,0.0,0.0,0.0,0.0,0.0,0.0,0.0,0.0,0.0,0.0,0.0,0.0,0.0,0.0,0.0,0.0,0.0,0,0,0,0,0,0,0,0,0,0
2010-05,2010-05-01,S2_Day14,2,2010-05-14 23:59:59,,1.0,0,CURRENT_PHASE1_CORPUS_MONTH_TO_DATE_VINTAGE,10.7,0,0,0,0.0,0.0,0.0,0.0,0.0,0.0,0.0,0.0,0.0,0.0,0.0,0.0,0.0,0.0,0.0,0.0,0.0,0.0,0,0,0,0,0,0,0,0,0,0
2010-05,2010-05-01,S3_Day21,3,2010-05-21 23:59:59,,1.0,0,CURRENT_PHASE1_CORPUS_MONTH_TO_DATE_VINTAGE,10.7,0,0,0,0.0,0.0,0.0,0.0,0.0,0.0,0.0,0.0,0.0,0.0,0.0,0.0,0.0,0.0,0.0,0.0,0.0,0.0,0,0,0,0,0,0,0,0,0,0
2010-05,2010-05-01,S4_MonthEnd,4,2010-05-31 23:59:59,,1.0,0,CURRENT_PHASE1_CORPUS_MONTH_TO_DATE_VINTAGE,10.7,0,0,0,0.0,0.0,0.0,0.0,0.0,0.0,0.0,0.0,0.0,0.0,0.0,0.0,0.0,0.0,0.0,0.0,0.0,0.0,0,0,0,0,0,0,0,0,0,0
2010-06,2010-06-01,S1_Day7,1,2010-06-07 23:59:59,,1.0,0,CURRENT_PHASE1_CORPUS_MONTH_TO_DATE_VINTAGE,9.5,0,0,0,0.0,0.0,0.0,0.0,0.0,0.0,0.0,0.0,0.0,0.0,0.0,0.0,0.0,0.0,0.0,0.0,0.0,0.0,0,0,0,0,0,0,0,0,0,0
2010-06,2010-06-01,S2_Day14,2,2010-06-14 23:59:59,,1.0,0,CURRENT_PHASE1_CORPUS_MONTH_TO_DATE_VINTAGE,9.5,0,0,0,0.0,0.0,0.0,0.0,0.0,0.0,0.0,0.0,0.0,0.0,0.0,0.0,0.0,0.0,0.0,0.0,0.0,0.0,0,0,0,0,0,0,0,0,0,0
2010-06,2010-06-01,S3_Day21,3,2010-06-21 23:59:59,,1.0,0,CURRENT_PHASE1_CORPUS_MONTH_TO_DATE_VINTAGE,9.5,0,0,0,0.0,0.0,0.0,0.0,0.0,0.0,0.0,0.0,0.0,0.0,0.0,0.0,0.0,0.0,0.0,0.0,0.0,0.0,0,0,0,0,0,0,0,0,0,0
2010-06,2010-06-01,S4_MonthEnd,4,2010-06-30 23:59:59,,1.0,0,CURRENT_PHASE1_CORPUS_MONTH_TO_DATE_VINTAGE,9.5,0,0,0,0.0,0.0,0.0,0.0,0.0,0.0,0.0,0.0,0.0,0.0,0.0,0.0,0.0,0.0,0.0,0.0,0.0,0.0,0,0,0,0,0,0,0,0,0,0
2010-07,2010-07-01,S1_Day7,1,2010-07-07 23:59:59,,1.0,0,CURRENT_PHASE1_CORPUS_MONTH_TO_DATE_VINTAGE,9.5,0,0,0,0.0,0.0,0.0,0.0,0.0,0.0,0.0,0.0,0.0,0.0,0.0,0.0,0.0,0.0,0.0,0.0,0.0,0.0,0,0,0,0,0,0,0,0,0,0
2010-07,2010-07-01,S2_Day14,2,2010-07-14 23:59:59,,1.0,0,CURRENT_PHASE1_CORPUS_MONTH_TO_DATE_VINTAGE,9.5,0,0,0,0.0,0.0,0.0,0.0,0.0,0.0,0.0,0.0,0.0,0.0,0.0,0.0,0.0,0.0,0.0,0.0,0.0,0.0,0,0,0,0,0,0,0,0,0,0
2010-07,2010-07-01,S3_Day21,3,2010-07-21 23:59:59,,1.0,0,CURRENT_PHASE1_CORPUS_MONTH_TO_DATE_VINTAGE,9.5,0,0,0,0.0,0.0,0.0,0.0,0.0,0.0,0.0,0.0,0.0,0.0,0.0,0.0,0.0,0.0,0.0,0.0,0.0,0.0,0,0,0,0,0,0,0,0,0,0
2010-07,2010-07-01,S4_MonthEnd,4,2010-07-31 23:59:59,,1.0,0,CURRENT_PHASE1_CORPUS_MONTH_TO_DATE_VINTAGE,9.5,0,0,0,0.0,0.0,0.0,0.0,0.0,0.0,0.0,0.0,0.0,0.0,0.0,0.0,0.0,0.0,0.0,0.0,0.0,0.0,0,0,0,0,0,0,0,0,0,0
2010-08,2010-08-01,S1_Day7,1,2010-08-07 23:59:59,,1.0,0,CURRENT_PHASE1_CORPUS_MONTH_TO_DATE_VINTAGE,9.4,0,0,0,0.0,0.0,0.0,0.0,0.0,0.0,0.0,0.0,0.0,0.0,0.0,0.0,0.0,0.0,0.0,0.0,0.0,0.0,0,0,0,0,0,0,0,0,0,0
2010-08,2010-08-01,S2_Day14,2,2010-08-14 23:59:59,,1.0,0,CURRENT_PHASE1_CORPUS_MONTH_TO_DATE_VINTAGE,9.4,0,0,0,0.0,0.0,0.0,0.0,0.0,0.0,0.0,0.0,0.0,0.0,0.0,0.0,0.0,0.0,0.0,0.0,0.0,0.0,0,0,0,0,0,0,0,0,0,0
2010-08,2010-08-01,S3_Day21,3,2010-08-21 23:59:59,,1.0,0,CURRENT_PHASE1_CORPUS_MONTH_TO_DATE_VINTAGE,9.4,0,0,0,0.0,0.0,0.0,0.0,0.0,0.0,0.0,0.0,0.0,0.0,0.0,0.0,0.0,0.0,0.0,0.0,0.0,0.0,0,0,0,0,0,0,0,0,0,0
2010-08,2010-08-01,S4_MonthEnd,4,2010-08-31 23:59:59,,1.0,0,CURRENT_PHASE1_CORPUS_MONTH_TO_DATE_VINTAGE,9.4,0,0,0,0.0,0.0,0.0,0.0,0.0,0.0,0.0,0.0,0.0,0.0,0.0,0.0,0.0,0.0,0.0,0.0,0.0,0.0,0,0,0,0,0,0,0,0,0,0
2010-09,2010-09-01,S1_Day7,1,2010-09-07 23:59:59,,1.0,0,CURRENT_PHASE1_CORPUS_MONTH_TO_DATE_VINTAGE,9.4,0,0,0,0.0,0.0,0.0,0.0,0.0,0.0,0.0,0.0,0.0,0.0,0.0,0.0,0.0,0.0,0.0,0.0,0.0,0.0,0,0,0,0,0,0,0,0,0,0
2010-09,2010-09-01,S2_Day14,2,2010-09-14 23:59:59,,1.0,0,CURRENT_PHASE1_CORPUS_MONTH_TO_DATE_VINTAGE,9.4,0,0,0,0.0,0.0,0.0,0.0,0.0,0.0,0.0,0.0,0.0,0.0,0.0,0.0,0.0,0.0,0.0,0.0,0.0,0.0,0,0,0,0,0,0,0,0,0,0
2010-09,2010-09-01,S3_Day21,3,2010-09-21 23:59:59,,1.0,0,CURRENT_PHASE1_CORPUS_MONTH_TO_DATE_VINTAGE,9.4,0,0,0,0.0,0.0,0.0,0.0,0.0,0.0,0.0,0.0,0.0,0.0,0.0,0.0,0.0,0.0,0.0,0.0,0.0,0.0,0,0,0,0,0,0,0,0,0,0
2010-09,2010-09-01,S4_MonthEnd,4,2010-09-30 23:59:59,,1.0,0,CURRENT_PHASE1_CORPUS_MONTH_TO_DATE_VINTAGE,9.4,0,0,0,0.0,0.0,0.0,0.0,0.0,0.0,0.0,0.0,0.0,0.0,0.0,0.0,0.0,0.0,0.0,0.0,0.0,0.0,0,0,0,0,0,0,0,0,0,0
2010-10,2010-10-01,S1_Day7,1,2010-10-07 23:59:59,,1.0,0,CURRENT_PHASE1_CORPUS_MONTH_TO_DATE_VINTAGE,9.4,0,0,0,0.0,0.0,0.0,0.0,0.0,0.0,0.0,0.0,0.0,0.0,0.0,0.0,0.0,0.0,0.0,0.0,0.0,0.0,0,0,0,0,0,0,0,0,0,0
2010-10,2010-10-01,S2_Day14,2,2010-10-14 23:59:59,,1.0,0,CURRENT_PHASE1_CORPUS_MONTH_TO_DATE_VINTAGE,9.4,0,0,0,0.0,0.0,0.0,0.0,0.0,0.0,0.0,0.0,0.0,0.0,0.0,0.0,0.0,0.0,0.0,0.0,0.0,0.0,0,0,0,0,0,0,0,0,0,0
2010-10,2010-10-01,S3_Day21,3,2010-10-21 23:59:59,2010-10-18,1.0,0,CURRENT_PHASE1_CORPUS_MONTH_TO_DATE_VINTAGE,9.4,2,1,1,0.0,1.0,1.0,0.0,0.0,2.0,-2.0,-4.0,-1.0,0.0,0.0,0.5,0.5,0.0,0.5,-0.5,2.0,-4.0,0,0,0,1,0,0,1,0,0,0
2010-10,2010-10-01,S4_MonthEnd,4,2010-10-31 23:59:59,2010-10-18,1.0,0,CURRENT_PHASE1_CORPUS_MONTH_TO_DATE_VINTAGE,9.4,2,1,1,0.0,1.0,1.0,0.0,0.0,2.0,-2.0,-4.0,-1.0,0.0,0.0,0.5,0.5,0.0,0.5,-0.5,2.0,-4.0,0,0,0,1,0,0,1,0,0,0
2010-11,2010-11-01,S1_Day7,1,2010-11-07 23:59:59,,1.0,0,CURRENT_PHASE1_CORPUS_MONTH_TO_DATE_VINTAGE,9.1,0,0,0,0.0,0.0,0.0,0.0,0.0,0.0,0.0,0.0,0.0,0.0,0.0,0.0,0.0,0.0,0.0,0.0,0.0,0.0,0,0,0,0,0,0,0,0,0,0
2010-11,2010-11-01,S2_Day14,2,2010-11-14 23:59:59,,1.0,0,CURRENT_PHASE1_CORPUS_MONTH_TO_DATE_VINTAGE,9.1,0,0,0,0.0,0.0,0.0,0.0,0.0,0.0,0.0,0.0,0.0,0.0,0.0,0.0,0.0,0.0,0.0,0.0,0.0,0.0,0,0,0,0,0,0,0,0,0,0
2010-11,2010-11-01,S3_Day21,3,2010-11-21 23:59:59,,1.0,0,CURRENT_PHASE1_CORPUS_MONTH_TO_DATE_VINTAGE,9.1,0,0,0,0.0,0.0,0.0,0.0,0.0,0.0,0.0,0.0,0.0,0.0,0.0,0.0,0.0,0.0,0.0,0.0,0.0,0.0,0,0,0,0,0,0,0,0,0,0
2010-11,2010-11-01,S4_MonthEnd,4,2010-11-30 23:59:59,,1.0,0,CURRENT_PHASE1_CORPUS_MONTH_TO_DATE_VINTAGE,9.1,0,0,0,0.0,0.0,0.0,0.0,0.0,0.0,0.0,0.0,0.0,0.0,0.0,0.0,0.0,0.0,0.0,0.0,0.0,0.0,0,0,0,0,0,0,0,0,0,0
2010-12,2010-12-01,S1_Day7,1,2010-12-07 23:59:59,,1.0,0,CURRENT_PHASE1_CORPUS_MONTH_TO_DATE_VINTAGE,8.6,0,0,0,0.0,0.0,0.0,0.0,0.0,0.0,0.0,0.0,0.0,0.0,0.0,0.0,0.0,0.0,0.0,0.0,0.0,0.0,0,0,0,0,0,0,0,0,0,0
2010-12,2010-12-01,S2_Day14,2,2010-12-14 23:59:59,,1.0,0,CURRENT_PHASE1_CORPUS_MONTH_TO_DATE_VINTAGE,8.6,0,0,0,0.0,0.0,0.0,0.0,0.0,0.0,0.0,0.0,0.0,0.0,0.0,0.0,0.0,0.0,0.0,0.0,0.0,0.0,0,0,0,0,0,0,0,0,0,0
2010-12,2010-12-01,S3_Day21,3,2010-12-21 23:59:59,,1.0,0,CURRENT_PHASE1_CORPUS_MONTH_TO_DATE_VINTAGE,8.6,0,0,0,0.0,0.0,0.0,0.0,0.0,0.0,0.0,0.0,0.0,0.0,0.0,0.0,0.0,0.0,0.0,0.0,0.0,0.0,0,0,0,0,0,0,0,0,0,0
2010-12,2010-12-01,S4_MonthEnd,4,2010-12-31 23:59:59,,1.0,0,CURRENT_PHASE1_CORPUS_MONTH_TO_DATE_VINTAGE,8.6,0,0,0,0.0,0.0,0.0,0.0,0.0,0.0,0.0,0.0,0.0,0.0,0.0,0.0,0.0,0.0,0.0,0.0,0.0,0.0,0,0,0,0,0,0,0,0,0,0
2011-01,2011-01-01,S1_Day7,1,2011-01-07 23:59:59,2011-01-04,1.0,0,CURRENT_PHASE1_CORPUS_MONTH_TO_DATE_VINTAGE,9.1,1,0,1,1.0,0.0,0.0,0.0,2.0,0.0,2.0,2.0,2.0,0.0,1.0,0.0,0.0,0.0,0.0,1.0,1.0,2.0,1,0,0,0,0,0,0,0,0,0
2011-01,2011-01-01,S2_Day14,2,2011-01-14 23:59:59,2011-01-13,1.0,0,CURRENT_PHASE1_CORPUS_MONTH_TO_DATE_VINTAGE,9.1,2,1,1,1.0,0.0,1.0,1.0,2.0,0.0,2.0,2.0,1.0,1.0,0.5,0.0,0.5,0.5,0.5,0.5,2.0,2.0,2,0,0,0,0,0,0,0,0,0
2011-01,2011-01-01,S3_Day21,3,2011-01-21 23:59:59,2011-01-13,1.0,0,CURRENT_PHASE1_CORPUS_MONTH_TO_DATE_VINTAGE,9.1,2,1,1,1.0,0.0,1.0,1.0,2.0,0.0,2.0,2.0,1.0,1.0,0.5,0.0,0.5,0.5,0.5,0.5,2.0,2.0,2,0,0,0,0,0,0,0,0,0
2011-01,2011-01-01,S4_MonthEnd,4,2011-01-31 23:59:59,2011-01-13,1.0,0,CURRENT_PHASE1_CORPUS_MONTH_TO_DATE_VINTAGE,9.1,2,1,1,1.0,0.0,1.0,1.0,2.0,0.0,2.0,2.0,1.0,1.0,0.5,0.0,0.5,0.5,0.5,0.5,2.0,2.0,2,0,0,0,0,0,0,0,0,0
2011-02,2011-02-01,S1_Day7,1,2011-02-07 23:59:59,2011-02-07,1.0,0,CURRENT_PHASE1_CORPUS_MONTH_TO_DATE_VINTAGE,9.2,1,0,1,0.0,0.0,1.0,0.0,0.0,0.0,0.0,0.0,0.0,0.0,0.0,0.0,1.0,0.0,0.0,0.0,1.0,0.0,0,0,0,0,0,1,0,0,0,0
2011-02,2011-02-01,S2_Day14,2,2011-02-14 23:59:59,2011-02-14,1.0,0,CURRENT_PHASE1_CORPUS_MONTH_TO_DATE_VINTAGE,9.2,2,1,1,0.0,0.0,2.0,0.0,0.0,0.0,0.0,0.0,0.0,0.0,0.0,0.0,1.0,0.0,0.5,0.0,2.0,0.0,0,0,0,0,1,1,0,0,0,0
2011-02,2011-02-01,S3_Day21,3,2011-02-21 23:59:59,2011-02-14,1.0,0,CURRENT_PHASE1_CORPUS_MONTH_TO_DATE_VINTAGE,9.2,2,1,1,0.0,0.0,2.0,0.0,0.0,0.0,0.0,0.0,0.0,0.0,0.0,0.0,1.0,0.0,0.5,0.0,2.0,0.0,0,0,0,0,1,1,0,0,0,0
2011-02,2011-02-01,S4_MonthEnd,4,2011-02-28 23:59:59,2011-02-14,1.0,0,CURRENT_PHASE1_CORPUS_MONTH_TO_DATE_VINTAGE,9.2,2,1,1,0.0,0.0,2.0,0.0,0.0,0.0,0.0,0.0,0.0,0.0,0.0,0.0,1.0,0.0,0.5,0.0,2.0,0.0,0,0,0,0,1,1,0,0,0,0
2011-03,2011-03-01,S1_Day7,1,2011-03-07 23:59:59,2011-03-02,1.0,0,CURRENT_PHASE1_CORPUS_MONTH_TO_DATE_VINTAGE,9.1,1,1,0,0.0,0.0,1.0,1.0,0.0,0.0,0.0,0.0,0.0,3.0,0.0,0.0,1.0,1.0,1.0,0.0,1.0,0.0,0,0,0,1,0,0,0,0,0,0
2011-03,2011-03-01,S2_Day14,2,2011-03-14 23:59:59,2011-03-14,1.0,0,CURRENT_PHASE1_CORPUS_MONTH_TO_DATE_VINTAGE,9.1,3,3,0,0.0,1.0,2.0,2.0,0.0,3.0,-3.0,-6.0,-1.0,2.6666666666666665,0.0,0.3333333333333333,0.6666666666666666,0.6666666666666666,1.0,-0.3333333333333333,3.0,-6.0,0,0,0,2,0,0,0,0,0,0
2011-03,2011-03-01,S3_Day21,3,2011-03-21 23:59:59,2011-03-14,1.0,0,CURRENT_PHASE1_CORPUS_MONTH_TO_DATE_VINTAGE,9.1,3,3,0,0.0,1.0,2.0,2.0,0.0,3.0,-3.0,-6.0,-1.0,2.6666666666666665,0.0,0.3333333333333333,0.6666666666666666,0.6666666666666666,1.0,-0.3333333333333333,3.0,-6.0,0,0,0,2,0,0,0,0,0,0
2011-03,2011-03-01,S4_MonthEnd,4,2011-03-31 23:59:59,2011-03-14,1.0,0,CURRENT_PHASE1_CORPUS_MONTH_TO_DATE_VINTAGE,9.1,3,3,0,0.0,1.0,2.0,2.0,0.0,3.0,-3.0,-6.0,-1.0,2.6666666666666665,0.0,0.3333333333333333,0.6666666666666666,0.6666666666666666,1.0,-0.3333333333333333,3.0,-6.0,0,0,0,2,0,0,0,0,0,0
2011-04,2011-04-01,S1_Day7,1,2011-04-07 23:59:59,2011-04-01,1.0,0,CURRENT_PHASE1_CORPUS_MONTH_TO_DATE_VINTAGE,9.0,1,0,1,0.0,0.0,1.0,0.0,0.0,0.0,0.0,0.0,0.0,0.0,0.0,0.0,1.0,0.0,0.0,0.0,1.0,0.0,1,0,0,0,0,0,0,0,0,0
2011-04,2011-04-01,S2_Day14,2,2011-04-14 23:59:59,2011-04-12,1.0,0,CURRENT_PHASE1_CORPUS_MONTH_TO_DATE_VINTAGE,9.0,2,0,2,0.0,0.0,2.0,0.0,0.0,0.0,0.0,0.0,0.0,0.0,0.0,0.0,1.0,0.0,0.0,0.0,2.0,0.0,1,0,0,1,0,0,0,0,0,0
2011-04,2011-04-01,S3_Day21,3,2011-04-21 23:59:59,2011-04-12,1.0,0,CURRENT_PHASE1_CORPUS_MONTH_TO_DATE_VINTAGE,9.0,2,0,2,0.0,0.0,2.0,0.0,0.0,0.0,0.0,0.0,0.0,0.0,0.0,0.0,1.0,0.0,0.0,0.0,2.0,0.0,1,0,0,1,0,0,0,0,0,0
2011-04,2011-04-01,S4_MonthEnd,4,2011-04-30 23:59:59,2011-04-12,1.0,0,CURRENT_PHASE1_CORPUS_MONTH_TO_DATE_VINTAGE,9.0,2,0,2,0.0,0.0,2.0,0.0,0.0,0.0,0.0,0.0,0.0,0.0,0.0,0.0,1.0,0.0,0.0,0.0,2.0,0.0,1,0,0,1,0,0,0,0,0,0
2011-05,2011-05-01,S1_Day7,1,2011-05-07 23:59:59,,1.0,0,CURRENT_PHASE1_CORPUS_MONTH_TO_DATE_VINTAGE,8.9,0,0,0,0.0,0.0,0.0,0.0,0.0,0.0,0.0,0.0,0.0,0.0,0.0,0.0,0.0,0.0,0.0,0.0,0.0,0.0,0,0,0,0,0,0,0,0,0,0
2011-05,2011-05-01,S2_Day14,2,2011-05-14 23:59:59,2011-05-13,1.0,0,CURRENT_PHASE1_CORPUS_MONTH_TO_DATE_VINTAGE,8.9,2,2,0,0.0,0.0,2.0,1.0,0.0,0.0,0.0,0.0,0.0,0.5,0.0,0.0,1.0,0.5,1.0,0.0,2.0,0.0,0,0,0,1,0,1,0,0,0,0
2011-05,2011-05-01,S3_Day21,3,2011-05-21 23:59:59,2011-05-13,1.0,0,CURRENT_PHASE1_CORPUS_MONTH_TO_DATE_VINTAGE,8.9,2,2,0,0.0,0.0,2.0,1.0,0.0,0.0,0.0,0.0,0.0,0.5,0.0,0.0,1.0,0.5,1.0,0.0,2.0,0.0,0,0,0,1,0,1,0,0,0,0
2011-05,2011-05-01,S4_MonthEnd,4,2011-05-31 23:59:59,2011-05-13,1.0,0,CURRENT_PHASE1_CORPUS_MONTH_TO_DATE_VINTAGE,8.9,2,2,0,0.0,0.0,2.0,1.0,0.0,0.0,0.0,0.0,0.0,0.5,0.0,0.0,1.0,0.5,1.0,0.0,2.0,0.0,0,0,0,1,0,1,0,0,0,0
2011-06,2011-06-01,S1_Day7,1,2011-06-07 23:59:59,,1.0,0,CURRENT_PHASE1_CORPUS_MONTH_TO_DATE_VINTAGE,8.6,0,0,0,0.0,0.0,0.0,0.0,0.0,0.0,0.0,0.0,0.0,0.0,0.0,0.0,0.0,0.0,0.0,0.0,0.0,0.0,0,0,0,0,0,0,0,0,0,0
2011-06,2011-06-01,S2_Day14,2,2011-06-14 23:59:59,,1.0,0,CURRENT_PHASE1_CORPUS_MONTH_TO_DATE_VINTAGE,8.6,0,0,0,0.0,0.0,0.0,0.0,0.0,0.0,0.0,0.0,0.0,0.0,0.0,0.0,0.0,0.0,0.0,0.0,0.0,0.0,0,0,0,0,0,0,0,0,0,0
2011-06,2011-06-01,S3_Day21,3,2011-06-21 23:59:59,,1.0,0,CURRENT_PHASE1_CORPUS_MONTH_TO_DATE_VINTAGE,8.6,0,0,0,0.0,0.0,0.0,0.0,0.0,0.0,0.0,0.0,0.0,0.0,0.0,0.0,0.0,0.0,0.0,0.0,0.0,0.0,0,0,0,0,0,0,0,0,0,0
2011-06,2011-06-01,S4_MonthEnd,4,2011-06-30 23:59:59,,1.0,0,CURRENT_PHASE1_CORPUS_MONTH_TO_DATE_VINTAGE,8.6,0,0,0,0.0,0.0,0.0,0.0,0.0,0.0,0.0,0.0,0.0,0.0,0.0,0.0,0.0,0.0,0.0,0.0,0.0,0.0,0,0,0,0,0,0,0,0,0,0
2011-07,2011-07-01,S1_Day7,1,2011-07-07 23:59:59,,1.0,0,CURRENT_PHASE1_CORPUS_MONTH_TO_DATE_VINTAGE,8.4,0,0,0,0.0,0.0,0.0,0.0,0.0,0.0,0.0,0.0,0.0,0.0,0.0,0.0,0.0,0.0,0.0,0.0,0.0,0.0,0,0,0,0,0,0,0,0,0,0
2011-07,2011-07-01,S2_Day14,2,2011-07-14 23:59:59,,1.0,0,CURRENT_PHASE1_CORPUS_MONTH_TO_DATE_VINTAGE,8.4,0,0,0,0.0,0.0,0.0,0.0,0.0,0.0,0.0,0.0,0.0,0.0,0.0,0.0,0.0,0.0,0.0,0.0,0.0,0.0,0,0,0,0,0,0,0,0,0,0
2011-07,2011-07-01,S3_Day21,3,2011-07-21 23:59:59,2011-07-15,1.0,0,CURRENT_PHASE1_CORPUS_MONTH_TO_DATE_VINTAGE,8.4,1,0,1,0.0,0.0,1.0,0.0,0.0,0.0,0.0,0.0,0.0,0.0,0.0,0.0,1.0,0.0,0.0,0.0,1.0,0.0,1,0,0,0,0,0,0,0,0,0
2011-07,2011-07-01,S4_MonthEnd,4,2011-07-31 23:59:59,2011-07-15,1.0,0,CURRENT_PHASE1_CORPUS_MONTH_TO_DATE_VINTAGE,8.4,1,0,1,0.0,0.0,1.0,0.0,0.0,0.0,0.0,0.0,0.0,0.0,0.0,0.0,1.0,0.0,0.0,0.0,1.0,0.0,1,0,0,0,0,0,0,0,0,0
2011-08,2011-08-01,S1_Day7,1,2011-08-07 23:59:59,,1.0,0,CURRENT_PHASE1_CORPUS_MONTH_TO_DATE_VINTAGE,8.4,0,0,0,0.0,0.0,0.0,0.0,0.0,0.0,0.0,0.0,0.0,0.0,0.0,0.0,0.0,0.0,0.0,0.0,0.0,0.0,0,0,0,0,0,0,0,0,0,0
2011-08,2011-08-01,S2_Day14,2,2011-08-14 23:59:59,,1.0,0,CURRENT_PHASE1_CORPUS_MONTH_TO_DATE_VINTAGE,8.4,0,0,0,0.0,0.0,0.0,0.0,0.0,0.0,0.0,0.0,0.0,0.0,0.0,0.0,0.0,0.0,0.0,0.0,0.0,0.0,0,0,0,0,0,0,0,0,0,0
2011-08,2011-08-01,S3_Day21,3,2011-08-21 23:59:59,,1.0,0,CURRENT_PHASE1_CORPUS_MONTH_TO_DATE_VINTAGE,8.4,0,0,0,0.0,0.0,0.0,0.0,0.0,0.0,0.0,0.0,0.0,0.0,0.0,0.0,0.0,0.0,0.0,0.0,0.0,0.0,0,0,0,0,0,0,0,0,0,0
2011-08,2011-08-01,S4_MonthEnd,4,2011-08-31 23:59:59,,1.0,0,CURRENT_PHASE1_CORPUS_MONTH_TO_DATE_VINTAGE,8.4,0,0,0,0.0,0.0,0.0,0.0,0.0,0.0,0.0,0.0,0.0,0.0,0.0,0.0,0.0,0.0,0.0,0.0,0.0,0.0,0,0,0,0,0,0,0,0,0,0
2011-09,2011-09-01,S1_Day7,1,2011-09-07 23:59:59,,1.0,0,CURRENT_PHASE1_CORPUS_MONTH_TO_DATE_VINTAGE,8.4,0,0,0,0.0,0.0,0.0,0.0,0.0,0.0,0.0,0.0,0.0,0.0,0.0,0.0,0.0,0.0,0.0,0.0,0.0,0.0,0,0,0,0,0,0,0,0,0,0
2011-09,2011-09-01,S2_Day14,2,2011-09-14 23:59:59,,1.0,0,CURRENT_PHASE1_CORPUS_MONTH_TO_DATE_VINTAGE,8.4,0,0,0,0.0,0.0,0.0,0.0,0.0,0.0,0.0,0.0,0.0,0.0,0.0,0.0,0.0,0.0,0.0,0.0,0.0,0.0,0,0,0,0,0,0,0,0,0,0
2011-09,2011-09-01,S3_Day21,3,2011-09-21 23:59:59,,1.0,0,CURRENT_PHASE1_CORPUS_MONTH_TO_DATE_VINTAGE,8.4,0,0,0,0.0,0.0,0.0,0.0,0.0,0.0,0.0,0.0,0.0,0.0,0.0,0.0,0.0,0.0,0.0,0.0,0.0,0.0,0,0,0,0,0,0,0,0,0,0
2011-09,2011-09-01,S4_MonthEnd,4,2011-09-30 23:59:59,,1.0,0,CURRENT_PHASE1_CORPUS_MONTH_TO_DATE_VINTAGE,8.4,0,0,0,0.0,0.0,0.0,0.0,0.0,0.0,0.0,0.0,0.0,0.0,0.0,0.0,0.0,0.0,0.0,0.0,0.0,0.0,0,0,0,0,0,0,0,0,0,0
2011-10,2011-10-01,S1_Day7,1,2011-10-07 23:59:59,,1.0,0,CURRENT_PHASE1_CORPUS_MONTH_TO_DATE_VINTAGE,8.6,0,0,0,0.0,0.0,0.0,0.0,0.0,0.0,0.0,0.0,0.0,0.0,0.0,0.0,0.0,0.0,0.0,0.0,0.0,0.0,0,0,0,0,0,0,0,0,0,0
2011-10,2011-10-01,S2_Day14,2,2011-10-14 23:59:59,,1.0,0,CURRENT_PHASE1_CORPUS_MONTH_TO_DATE_VINTAGE,8.6,0,0,0,0.0,0.0,0.0,0.0,0.0,0.0,0.0,0.0,0.0,0.0,0.0,0.0,0.0,0.0,0.0,0.0,0.0,0.0,0,0,0,0,0,0,0,0,0,0
2011-10,2011-10-01,S3_Day21,3,2011-10-21 23:59:59,,1.0,0,CURRENT_PHASE1_CORPUS_MONTH_TO_DATE_VINTAGE,8.6,0,0,0,0.0,0.0,0.0,0.0,0.0,0.0,0.0,0.0,0.0,0.0,0.0,0.0,0.0,0.0,0.0,0.0,0.0,0.0,0,0,0,0,0,0,0,0,0,0
2011-10,2011-10-01,S4_MonthEnd,4,2011-10-31 23:59:59,,1.0,0,CURRENT_PHASE1_CORPUS_MONTH_TO_DATE_VINTAGE,8.6,0,0,0,0.0,0.0,0.0,0.0,0.0,0.0,0.0,0.0,0.0,0.0,0.0,0.0,0.0,0.0,0.0,0.0,0.0,0.0,0,0,0,0,0,0,0,0,0,0
2011-11,2011-11-01,S1_Day7,1,2011-11-07 23:59:59,,1.0,0,CURRENT_PHASE1_CORPUS_MONTH_TO_DATE_VINTAGE,8.6,0,0,0,0.0,0.0,0.0,0.0,0.0,0.0,0.0,0.0,0.0,0.0,0.0,0.0,0.0,0.0,0.0,0.0,0.0,0.0,0,0,0,0,0,0,0,0,0,0
2011-11,2011-11-01,S2_Day14,2,2011-11-14 23:59:59,,1.0,0,CURRENT_PHASE1_CORPUS_MONTH_TO_DATE_VINTAGE,8.6,0,0,0,0.0,0.0,0.0,0.0,0.0,0.0,0.0,0.0,0.0,0.0,0.0,0.0,0.0,0.0,0.0,0.0,0.0,0.0,0,0,0,0,0,0,0,0,0,0
2011-11,2011-11-01,S3_Day21,3,2011-11-21 23:59:59,,1.0,0,CURRENT_PHASE1_CORPUS_MONTH_TO_DATE_VINTAGE,8.6,0,0,0,0.0,0.0,0.0,0.0,0.0,0.0,0.0,0.0,0.0,0.0,0.0,0.0,0.0,0.0,0.0,0.0,0.0,0.0,0,0,0,0,0,0,0,0,0,0
2011-11,2011-11-01,S4_MonthEnd,4,2011-11-30 23:59:59,,1.0,0,CURRENT_PHASE1_CORPUS_MONTH_TO_DATE_VINTAGE,8.6,0,0,0,0.0,0.0,0.0,0.0,0.0,0.0,0.0,0.0,0.0,0.0,0.0,0.0,0.0,0.0,0.0,0.0,0.0,0.0,0,0,0,0,0,0,0,0,0,0
2011-12,2011-12-01,S1_Day7,1,2011-12-07 23:59:59,,1.0,0,CURRENT_PHASE1_CORPUS_MONTH_TO_DATE_VINTAGE,8.6,0,0,0,0.0,0.0,0.0,0.0,0.0,0.0,0.0,0.0,0.0,0.0,0.0,0.0,0.0,0.0,0.0,0.0,0.0,0.0,0,0,0,0,0,0,0,0,0,0
2011-12,2011-12-01,S2_Day14,2,2011-12-14 23:59:59,,1.0,0,CURRENT_PHASE1_CORPUS_MONTH_TO_DATE_VINTAGE,8.6,0,0,0,0.0,0.0,0.0,0.0,0.0,0.0,0.0,0.0,0.0,0.0,0.0,0.0,0.0,0.0,0.0,0.0,0.0,0.0,0,0,0,0,0,0,0,0,0,0
2011-12,2011-12-01,S3_Day21,3,2011-12-21 23:59:59,2011-12-19,1.0,0,CURRENT_PHASE1_CORPUS_MONTH_TO_DATE_VINTAGE,8.6,2,2,0,0.0,1.0,1.0,2.0,0.0,3.0,-3.0,-6.0,-1.5,5.0,0.0,0.5,0.5,1.0,1.0,-0.5,2.0,-6.0,0,0,0,0,1,0,1,0,0,0
2011-12,2011-12-01,S4_MonthEnd,4,2011-12-31 23:59:59,2011-12-30,1.0,0,CURRENT_PHASE1_CORPUS_MONTH_TO_DATE_VINTAGE,8.6,3,2,1,0.0,1.0,2.0,2.0,0.0,3.0,-3.0,-6.0,-1.0,3.3333333333333335,0.0,0.3333333333333333,0.6666666666666666,0.6666666666666666,0.6666666666666666,-0.3333333333333333,3.0,-6.0,1,0,0,0,1,0,1,0,0,0
2012-01,2012-01-01,S1_Day7,1,2012-01-07 23:59:59,,1.0,0,CURRENT_PHASE1_CORPUS_MONTH_TO_DATE_VINTAGE,8.7,0,0,0,0.0,0.0,0.0,0.0,0.0,0.0,0.0,0.0,0.0,0.0,0.0,0.0,0.0,0.0,0.0,0.0,0.0,0.0,0,0,0,0,0,0,0,0,0,0
2012-01,2012-01-01,S2_Day14,2,2012-01-14 23:59:59,,1.0,0,CURRENT_PHASE1_CORPUS_MONTH_TO_DATE_VINTAGE,8.7,0,0,0,0.0,0.0,0.0,0.0,0.0,0.0,0.0,0.0,0.0,0.0,0.0,0.0,0.0,0.0,0.0,0.0,0.0,0.0,0,0,0,0,0,0,0,0,0,0
2012-01,2012-01-01,S3_Day21,3,2012-01-21 23:59:59,,1.0,0,CURRENT_PHASE1_CORPUS_MONTH_TO_DATE_VINTAGE,8.7,0,0,0,0.0,0.0,0.0,0.0,0.0,0.0,0.0,0.0,0.0,0.0,0.0,0.0,0.0,0.0,0.0,0.0,0.0,0.0,0,0,0,0,0,0,0,0,0,0
2012-01,2012-01-01,S4_MonthEnd,4,2012-01-31 23:59:59,2012-01-30,1.0,0,CURRENT_PHASE1_CORPUS_MONTH_TO_DATE_VINTAGE,8.7,1,0,1,0.0,0.0,1.0,1.0,0.0,0.0,0.0,0.0,0.0,2.0,0.0,0.0,1.0,1.0,0.0,0.0,1.0,0.0,0,0,0,1,0,0,0,0,0,0
2012-02,2012-02-01,S1_Day7,1,2012-02-07 23:59:59,,1.0,0,CURRENT_PHASE1_CORPUS_MONTH_TO_DATE_VINTAGE,8.6,0,0,0,0.0,0.0,0.0,0.0,0.0,0.0,0.0,0.0,0.0,0.0,0.0,0.0,0.0,0.0,0.0,0.0,0.0,0.0,0,0,0,0,0,0,0,0,0,0
2012-02,2012-02-01,S2_Day14,2,2012-02-14 23:59:59,,1.0,0,CURRENT_PHASE1_CORPUS_MONTH_TO_DATE_VINTAGE,8.6,0,0,0,0.0,0.0,0.0,0.0,0.0,0.0,0.0,0.0,0.0,0.0,0.0,0.0,0.0,0.0,0.0,0.0,0.0,0.0,0,0,0,0,0,0,0,0,0,0
2012-02,2012-02-01,S3_Day21,3,2012-02-21 23:59:59,2012-02-20,1.0,0,CURRENT_PHASE1_CORPUS_MONTH_TO_DATE_VINTAGE,8.6,1,1,0,0.0,0.0,1.0,1.0,0.0,0.0,0.0,0.0,0.0,8.0,0.0,0.0,1.0,1.0,1.0,0.0,1.0,0.0,0,0,0,0,0,1,0,0,0,0
2012-02,2012-02-01,S4_MonthEnd,4,2012-02-29 23:59:59,2012-02-20,1.0,0,CURRENT_PHASE1_CORPUS_MONTH_TO_DATE_VINTAGE,8.6,1,1,0,0.0,0.0,1.0,1.0,0.0,0.0,0.0,0.0,0.0,8.0,0.0,0.0,1.0,1.0,1.0,0.0,1.0,0.0,0,0,0,0,0,1,0,0,0,0
2012-03,2012-03-01,S1_Day7,1,2012-03-07 23:59:59,,1.0,0,CURRENT_PHASE1_CORPUS_MONTH_TO_DATE_VINTAGE,8.8,0,0,0,0.0,0.0,0.0,0.0,0.0,0.0,0.0,0.0,0.0,0.0,0.0,0.0,0.0,0.0,0.0,0.0,0.0,0.0,0,0,0,0,0,0,0,0,0,0
2012-03,2012-03-01,S2_Day14,2,2012-03-14 23:59:59,,1.0,0,CURRENT_PHASE1_CORPUS_MONTH_TO_DATE_VINTAGE,8.8,0,0,0,0.0,0.0,0.0,0.0,0.0,0.0,0.0,0.0,0.0,0.0,0.0,0.0,0.0,0.0,0.0,0.0,0.0,0.0,0,0,0,0,0,0,0,0,0,0
2012-03,2012-03-01,S3_Day21,3,2012-03-21 23:59:59,,1.0,0,CURRENT_PHASE1_CORPUS_MONTH_TO_DATE_VINTAGE,8.8,0,0,0,0.0,0.0,0.0,0.0,0.0,0.0,0.0,0.0,0.0,0.0,0.0,0.0,0.0,0.0,0.0,0.0,0.0,0.0,0,0,0,0,0,0,0,0,0,0
2012-03,2012-03-01,S4_MonthEnd,4,2012-03-31 23:59:59,,1.0,0,CURRENT_PHASE1_CORPUS_MONTH_TO_DATE_VINTAGE,8.8,0,0,0,0.0,0.0,0.0,0.0,0.0,0.0,0.0,0.0,0.0,0.0,0.0,0.0,0.0,0.0,0.0,0.0,0.0,0.0,0,0,0,0,0,0,0,0,0,0
2012-04,2012-04-01,S1_Day7,1,2012-04-07 23:59:59,2012-04-02,1.0,0,CURRENT_PHASE1_CORPUS_MONTH_TO_DATE_VINTAGE,9.1,1,0,1,0.0,0.0,1.0,1.0,0.0,0.0,0.0,0.0,0.0,6.0,0.0,0.0,1.0,1.0,0.0,0.0,1.0,0.0,0,0,0,0,0,1,0,0,0,0
2012-04,2012-04-01,S2_Day14,2,2012-04-14 23:59:59,2012-04-11,1.0,0,CURRENT_PHASE1_CORPUS_MONTH_TO_DATE_VINTAGE,9.1,2,1,1,0.0,0.0,2.0,1.0,0.0,0.0,0.0,0.0,0.0,3.0,0.0,0.0,1.0,0.5,0.5,0.0,2.0,0.0,0,0,0,0,1,1,0,0,0,0
2012-04,2012-04-01,S3_Day21,3,2012-04-21 23:59:59,2012-04-18,1.0,0,CURRENT_PHASE1_CORPUS_MONTH_TO_DATE_VINTAGE,9.1,3,1,2,0.0,0.0,3.0,1.0,0.0,0.0,0.0,0.0,0.0,2.0,0.0,0.0,1.0,0.3333333333333333,0.3333333333333333,0.0,3.0,0.0,0,0,0,0,2,1,0,0,0,0
2012-04,2012-04-01,S4_MonthEnd,4,2012-04-30 23:59:59,2012-04-25,1.0,0,CURRENT_PHASE1_CORPUS_MONTH_TO_DATE_VINTAGE,9.1,4,2,2,0.0,0.0,4.0,2.0,0.0,0.0,0.0,0.0,0.0,2.0,0.0,0.0,1.0,0.5,0.5,0.0,4.0,0.0,0,0,0,0,2,2,0,0,0,0
2012-05,2012-05-01,S1_Day7,1,2012-05-07 23:59:59,,1.0,0,CURRENT_PHASE1_CORPUS_MONTH_TO_DATE_VINTAGE,9.3,0,0,0,0.0,0.0,0.0,0.0,0.0,0.0,0.0,0.0,0.0,0.0,0.0,0.0,0.0,0.0,0.0,0.0,0.0,0.0,0,0,0,0,0,0,0,0,0,0
2012-05,2012-05-01,S2_Day14,2,2012-05-14 23:59:59,,1.0,0,CURRENT_PHASE1_CORPUS_MONTH_TO_DATE_VINTAGE,9.3,0,0,0,0.0,0.0,0.0,0.0,0.0,0.0,0.0,0.0,0.0,0.0,0.0,0.0,0.0,0.0,0.0,0.0,0.0,0.0,0,0,0,0,0,0,0,0,0,0
2012-05,2012-05-01,S3_Day21,3,2012-05-21 23:59:59,,1.0,0,CURRENT_PHASE1_CORPUS_MONTH_TO_DATE_VINTAGE,9.3,0,0,0,0.0,0.0,0.0,0.0,0.0,0.0,0.0,0.0,0.0,0.0,0.0,0.0,0.0,0.0,0.0,0.0,0.0,0.0,0,0,0,0,0,0,0,0,0,0
2012-05,2012-05-01,S4_MonthEnd,4,2012-05-31 23:59:59,,1.0,0,CURRENT_PHASE1_CORPUS_MONTH_TO_DATE_VINTAGE,9.3,0,0,0,0.0,0.0,0.0,0.0,0.0,0.0,0.0,0.0,0.0,0.0,0.0,0.0,0.0,0.0,0.0,0.0,0.0,0.0,0,0,0,0,0,0,0,0,0,0
2012-06,2012-06-01,S1_Day7,1,2012-06-07 23:59:59,,1.0,0,CURRENT_PHASE1_CORPUS_MONTH_TO_DATE_VINTAGE,9.4,0,0,0,0.0,0.0,0.0,0.0,0.0,0.0,0.0,0.0,0.0,0.0,0.0,0.0,0.0,0.0,0.0,0.0,0.0,0.0,0,0,0,0,0,0,0,0,0,0
2012-06,2012-06-01,S2_Day14,2,2012-06-14 23:59:59,,1.0,0,CURRENT_PHASE1_CORPUS_MONTH_TO_DATE_VINTAGE,9.4,0,0,0,0.0,0.0,0.0,0.0,0.0,0.0,0.0,0.0,0.0,0.0,0.0,0.0,0.0,0.0,0.0,0.0,0.0,0.0,0,0,0,0,0,0,0,0,0,0
2012-06,2012-06-01,S3_Day21,3,2012-06-21 23:59:59,,1.0,0,CURRENT_PHASE1_CORPUS_MONTH_TO_DATE_VINTAGE,9.4,0,0,0,0.0,0.0,0.0,0.0,0.0,0.0,0.0,0.0,0.0,0.0,0.0,0.0,0.0,0.0,0.0,0.0,0.0,0.0,0,0,0,0,0,0,0,0,0,0
2012-06,2012-06-01,S4_MonthEnd,4,2012-06-30 23:59:59,,1.0,0,CURRENT_PHASE1_CORPUS_MONTH_TO_DATE_VINTAGE,9.4,0,0,0,0.0,0.0,0.0,0.0,0.0,0.0,0.0,0.0,0.0,0.0,0.0,0.0,0.0,0.0,0.0,0.0,0.0,0.0,0,0,0,0,0,0,0,0,0,0
2012-07,2012-07-01,S1_Day7,1,2012-07-07 23:59:59,,1.0,0,CURRENT_PHASE1_CORPUS_MONTH_TO_DATE_VINTAGE,9.5,0,0,0,0.0,0.0,0.0,0.0,0.0,0.0,0.0,0.0,0.0,0.0,0.0,0.0,0.0,0.0,0.0,0.0,0.0,0.0,0,0,0,0,0,0,0,0,0,0
2012-07,2012-07-01,S2_Day14,2,2012-07-14 23:59:59,,1.0,0,CURRENT_PHASE1_CORPUS_MONTH_TO_DATE_VINTAGE,9.5,0,0,0,0.0,0.0,0.0,0.0,0.0,0.0,0.0,0.0,0.0,0.0,0.0,0.0,0.0,0.0,0.0,0.0,0.0,0.0,0,0,0,0,0,0,0,0,0,0
2012-07,2012-07-01,S3_Day21,3,2012-07-21 23:59:59,,1.0,0,CURRENT_PHASE1_CORPUS_MONTH_TO_DATE_VINTAGE,9.5,0,0,0,0.0,0.0,0.0,0.0,0.0,0.0,0.0,0.0,0.0,0.0,0.0,0.0,0.0,0.0,0.0,0.0,0.0,0.0,0,0,0,0,0,0,0,0,0,0
2012-07,2012-07-01,S4_MonthEnd,4,2012-07-31 23:59:59,,1.0,0,CURRENT_PHASE1_CORPUS_MONTH_TO_DATE_VINTAGE,9.5,0,0,0,0.0,0.0,0.0,0.0,0.0,0.0,0.0,0.0,0.0,0.0,0.0,0.0,0.0,0.0,0.0,0.0,0.0,0.0,0,0,0,0,0,0,0,0,0,0
2012-08,2012-08-01,S1_Day7,1,2012-08-07 23:59:59,,1.0,0,CURRENT_PHASE1_CORPUS_MONTH_TO_DATE_VINTAGE,9.5,0,0,0,0.0,0.0,0.0,0.0,0.0,0.0,0.0,0.0,0.0,0.0,0.0,0.0,0.0,0.0,0.0,0.0,0.0,0.0,0,0,0,0,0,0,0,0,0,0
2012-08,2012-08-01,S2_Day14,2,2012-08-14 23:59:59,,1.0,0,CURRENT_PHASE1_CORPUS_MONTH_TO_DATE_VINTAGE,9.5,0,0,0,0.0,0.0,0.0,0.0,0.0,0.0,0.0,0.0,0.0,0.0,0.0,0.0,0.0,0.0,0.0,0.0,0.0,0.0,0,0,0,0,0,0,0,0,0,0
2012-08,2012-08-01,S3_Day21,3,2012-08-21 23:59:59,,1.0,0,CURRENT_PHASE1_CORPUS_MONTH_TO_DATE_VINTAGE,9.5,0,0,0,0.0,0.0,0.0,0.0,0.0,0.0,0.0,0.0,0.0,0.0,0.0,0.0,0.0,0.0,0.0,0.0,0.0,0.0,0,0,0,0,0,0,0,0,0,0
2012-08,2012-08-01,S4_MonthEnd,4,2012-08-31 23:59:59,,1.0,0,CURRENT_PHASE1_CORPUS_MONTH_TO_DATE_VINTAGE,9.5,0,0,0,0.0,0.0,0.0,0.0,0.0,0.0,0.0,0.0,0.0,0.0,0.0,0.0,0.0,0.0,0.0,0.0,0.0,0.0,0,0,0,0,0,0,0,0,0,0
2012-09,2012-09-01,S1_Day7,1,2012-09-07 23:59:59,,1.0,0,CURRENT_PHASE1_CORPUS_MONTH_TO_DATE_VINTAGE,9.4,0,0,0,0.0,0.0,0.0,0.0,0.0,0.0,0.0,0.0,0.0,0.0,0.0,0.0,0.0,0.0,0.0,0.0,0.0,0.0,0,0,0,0,0,0,0,0,0,0
2012-09,2012-09-01,S2_Day14,2,2012-09-14 23:59:59,,1.0,0,CURRENT_PHASE1_CORPUS_MONTH_TO_DATE_VINTAGE,9.4,0,0,0,0.0,0.0,0.0,0.0,0.0,0.0,0.0,0.0,0.0,0.0,0.0,0.0,0.0,0.0,0.0,0.0,0.0,0.0,0,0,0,0,0,0,0,0,0,0
2012-09,2012-09-01,S3_Day21,3,2012-09-21 23:59:59,,1.0,0,CURRENT_PHASE1_CORPUS_MONTH_TO_DATE_VINTAGE,9.4,0,0,0,0.0,0.0,0.0,0.0,0.0,0.0,0.0,0.0,0.0,0.0,0.0,0.0,0.0,0.0,0.0,0.0,0.0,0.0,0,0,0,0,0,0,0,0,0,0
2012-09,2012-09-01,S4_MonthEnd,4,2012-09-30 23:59:59,,1.0,0,CURRENT_PHASE1_CORPUS_MONTH_TO_DATE_VINTAGE,9.4,0,0,0,0.0,0.0,0.0,0.0,0.0,0.0,0.0,0.0,0.0,0.0,0.0,0.0,0.0,0.0,0.0,0.0,0.0,0.0,0,0,0,0,0,0,0,0,0,0
2012-10,2012-10-01,S1_Day7,1,2012-10-07 23:59:59,,1.0,0,CURRENT_PHASE1_CORPUS_MONTH_TO_DATE_VINTAGE,9.2,0,0,0,0.0,0.0,0.0,0.0,0.0,0.0,0.0,0.0,0.0,0.0,0.0,0.0,0.0,0.0,0.0,0.0,0.0,0.0,0,0,0,0,0,0,0,0,0,0
2012-10,2012-10-01,S2_Day14,2,2012-10-14 23:59:59,,1.0,0,CURRENT_PHASE1_CORPUS_MONTH_TO_DATE_VINTAGE,9.2,0,0,0,0.0,0.0,0.0,0.0,0.0,0.0,0.0,0.0,0.0,0.0,0.0,0.0,0.0,0.0,0.0,0.0,0.0,0.0,0,0,0,0,0,0,0,0,0,0
2012-10,2012-10-01,S3_Day21,3,2012-10-21 23:59:59,,1.0,0,CURRENT_PHASE1_CORPUS_MONTH_TO_DATE_VINTAGE,9.2,0,0,0,0.0,0.0,0.0,0.0,0.0,0.0,0.0,0.0,0.0,0.0,0.0,0.0,0.0,0.0,0.0,0.0,0.0,0.0,0,0,0,0,0,0,0,0,0,0
2012-10,2012-10-01,S4_MonthEnd,4,2012-10-31 23:59:59,,1.0,0,CURRENT_PHASE1_CORPUS_MONTH_TO_DATE_VINTAGE,9.2,0,0,0,0.0,0.0,0.0,0.0,0.0,0.0,0.0,0.0,0.0,0.0,0.0,0.0,0.0,0.0,0.0,0.0,0.0,0.0,0,0,0,0,0,0,0,0,0,0
2012-11,2012-11-01,S1_Day7,1,2012-11-07 23:59:59,,1.0,0,CURRENT_PHASE1_CORPUS_MONTH_TO_DATE_VINTAGE,9.3,0,0,0,0.0,0.0,0.0,0.0,0.0,0.0,0.0,0.0,0.0,0.0,0.0,0.0,0.0,0.0,0.0,0.0,0.0,0.0,0,0,0,0,0,0,0,0,0,0
2012-11,2012-11-01,S2_Day14,2,2012-11-14 23:59:59,,1.0,0,CURRENT_PHASE1_CORPUS_MONTH_TO_DATE_VINTAGE,9.3,0,0,0,0.0,0.0,0.0,0.0,0.0,0.0,0.0,0.0,0.0,0.0,0.0,0.0,0.0,0.0,0.0,0.0,0.0,0.0,0,0,0,0,0,0,0,0,0,0
2012-11,2012-11-01,S3_Day21,3,2012-11-21 23:59:59,,1.0,0,CURRENT_PHASE1_CORPUS_MONTH_TO_DATE_VINTAGE,9.3,0,0,0,0.0,0.0,0.0,0.0,0.0,0.0,0.0,0.0,0.0,0.0,0.0,0.0,0.0,0.0,0.0,0.0,0.0,0.0,0,0,0,0,0,0,0,0,0,0
2012-11,2012-11-01,S4_MonthEnd,4,2012-11-30 23:59:59,,1.0,0,CURRENT_PHASE1_CORPUS_MONTH_TO_DATE_VINTAGE,9.3,0,0,0,0.0,0.0,0.0,0.0,0.0,0.0,0.0,0.0,0.0,0.0,0.0,0.0,0.0,0.0,0.0,0.0,0.0,0.0,0,0,0,0,0,0,0,0,0,0
2012-12,2012-12-01,S1_Day7,1,2012-12-07 23:59:59,,1.0,0,CURRENT_PHASE1_CORPUS_MONTH_TO_DATE_VINTAGE,8.8,0,0,0,0.0,0.0,0.0,0.0,0.0,0.0,0.0,0.0,0.0,0.0,0.0,0.0,0.0,0.0,0.0,0.0,0.0,0.0,0,0,0,0,0,0,0,0,0,0
2012-12,2012-12-01,S2_Day14,2,2012-12-14 23:59:59,,1.0,0,CURRENT_PHASE1_CORPUS_MONTH_TO_DATE_VINTAGE,8.8,0,0,0,0.0,0.0,0.0,0.0,0.0,0.0,0.0,0.0,0.0,0.0,0.0,0.0,0.0,0.0,0.0,0.0,0.0,0.0,0,0,0,0,0,0,0,0,0,0
2012-12,2012-12-01,S3_Day21,3,2012-12-21 23:59:59,,1.0,0,CURRENT_PHASE1_CORPUS_MONTH_TO_DATE_VINTAGE,8.8,0,0,0,0.0,0.0,0.0,0.0,0.0,0.0,0.0,0.0,0.0,0.0,0.0,0.0,0.0,0.0,0.0,0.0,0.0,0.0,0,0,0,0,0,0,0,0,0,0
2012-12,2012-12-01,S4_MonthEnd,4,2012-12-31 23:59:59,,1.0,0,CURRENT_PHASE1_CORPUS_MONTH_TO_DATE_VINTAGE,8.8,0,0,0,0.0,0.0,0.0,0.0,0.0,0.0,0.0,0.0,0.0,0.0,0.0,0.0,0.0,0.0,0.0,0.0,0.0,0.0,0,0,0,0,0,0,0,0,0,0
2013-01,2013-01-01,S1_Day7,1,2013-01-07 23:59:59,,1.0,0,CURRENT_PHASE1_CORPUS_MONTH_TO_DATE_VINTAGE,7.4,0,0,0,0.0,0.0,0.0,0.0,0.0,0.0,0.0,0.0,0.0,0.0,0.0,0.0,0.0,0.0,0.0,0.0,0.0,0.0,0,0,0,0,0,0,0,0,0,0
2013-01,2013-01-01,S2_Day14,2,2013-01-14 23:59:59,,1.0,0,CURRENT_PHASE1_CORPUS_MONTH_TO_DATE_VINTAGE,7.4,0,0,0,0.0,0.0,0.0,0.0,0.0,0.0,0.0,0.0,0.0,0.0,0.0,0.0,0.0,0.0,0.0,0.0,0.0,0.0,0,0,0,0,0,0,0,0,0,0
2013-01,2013-01-01,S3_Day21,3,2013-01-21 23:59:59,,1.0,0,CURRENT_PHASE1_CORPUS_MONTH_TO_DATE_VINTAGE,7.4,0,0,0,0.0,0.0,0.0,0.0,0.0,0.0,0.0,0.0,0.0,0.0,0.0,0.0,0.0,0.0,0.0,0.0,0.0,0.0,0,0,0,0,0,0,0,0,0,0
2013-01,2013-01-01,S4_MonthEnd,4,2013-01-31 23:59:59,,1.0,0,CURRENT_PHASE1_CORPUS_MONTH_TO_DATE_VINTAGE,7.4,0,0,0,0.0,0.0,0.0,0.0,0.0,0.0,0.0,0.0,0.0,0.0,0.0,0.0,0.0,0.0,0.0,0.0,0.0,0.0,0,0,0,0,0,0,0,0,0,0
2013-02,2013-02-01,S1_Day7,1,2013-02-07 23:59:59,,1.0,0,CURRENT_PHASE1_CORPUS_MONTH_TO_DATE_VINTAGE,6.8,0,0,0,0.0,0.0,0.0,0.0,0.0,0.0,0.0,0.0,0.0,0.0,0.0,0.0,0.0,0.0,0.0,0.0,0.0,0.0,0,0,0,0,0,0,0,0,0,0
2013-02,2013-02-01,S2_Day14,2,2013-02-14 23:59:59,,1.0,0,CURRENT_PHASE1_CORPUS_MONTH_TO_DATE_VINTAGE,6.8,0,0,0,0.0,0.0,0.0,0.0,0.0,0.0,0.0,0.0,0.0,0.0,0.0,0.0,0.0,0.0,0.0,0.0,0.0,0.0,0,0,0,0,0,0,0,0,0,0
2013-02,2013-02-01,S3_Day21,3,2013-02-21 23:59:59,,1.0,0,CURRENT_PHASE1_CORPUS_MONTH_TO_DATE_VINTAGE,6.8,0,0,0,0.0,0.0,0.0,0.0,0.0,0.0,0.0,0.0,0.0,0.0,0.0,0.0,0.0,0.0,0.0,0.0,0.0,0.0,0,0,0,0,0,0,0,0,0,0
2013-02,2013-02-01,S4_MonthEnd,4,2013-02-28 23:59:59,,1.0,0,CURRENT_PHASE1_CORPUS_MONTH_TO_DATE_VINTAGE,6.8,0,0,0,0.0,0.0,0.0,0.0,0.0,0.0,0.0,0.0,0.0,0.0,0.0,0.0,0.0,0.0,0.0,0.0,0.0,0.0,0,0,0,0,0,0,0,0,0,0
2013-03,2013-03-01,S1_Day7,1,2013-03-07 23:59:59,,1.0,0,CURRENT_PHASE1_CORPUS_MONTH_TO_DATE_VINTAGE,6.0,0,0,0,0.0,0.0,0.0,0.0,0.0,0.0,0.0,0.0,0.0,0.0,0.0,0.0,0.0,0.0,0.0,0.0,0.0,0.0,0,0,0,0,0,0,0,0,0,0
2013-03,2013-03-01,S2_Day14,2,2013-03-14 23:59:59,,1.0,0,CURRENT_PHASE1_CORPUS_MONTH_TO_DATE_VINTAGE,6.0,0,0,0,0.0,0.0,0.0,0.0,0.0,0.0,0.0,0.0,0.0,0.0,0.0,0.0,0.0,0.0,0.0,0.0,0.0,0.0,0,0,0,0,0,0,0,0,0,0
2013-03,2013-03-01,S3_Day21,3,2013-03-21 23:59:59,,1.0,0,CURRENT_PHASE1_CORPUS_MONTH_TO_DATE_VINTAGE,6.0,0,0,0,0.0,0.0,0.0,0.0,0.0,0.0,0.0,0.0,0.0,0.0,0.0,0.0,0.0,0.0,0.0,0.0,0.0,0.0,0,0,0,0,0,0,0,0,0,0
2013-03,2013-03-01,S4_MonthEnd,4,2013-03-31 23:59:59,,1.0,0,CURRENT_PHASE1_CORPUS_MONTH_TO_DATE_VINTAGE,6.0,0,0,0,0.0,0.0,0.0,0.0,0.0,0.0,0.0,0.0,0.0,0.0,0.0,0.0,0.0,0.0,0.0,0.0,0.0,0.0,0,0,0,0,0,0,0,0,0,0
2013-04,2013-04-01,S1_Day7,1,2013-04-07 23:59:59,,1.0,0,CURRENT_PHASE1_CORPUS_MONTH_TO_DATE_VINTAGE,6.0,0,0,0,0.0,0.0,0.0,0.0,0.0,0.0,0.0,0.0,0.0,0.0,0.0,0.0,0.0,0.0,0.0,0.0,0.0,0.0,0,0,0,0,0,0,0,0,0,0
2013-04,2013-04-01,S2_Day14,2,2013-04-14 23:59:59,,1.0,0,CURRENT_PHASE1_CORPUS_MONTH_TO_DATE_VINTAGE,6.0,0,0,0,0.0,0.0,0.0,0.0,0.0,0.0,0.0,0.0,0.0,0.0,0.0,0.0,0.0,0.0,0.0,0.0,0.0,0.0,0,0,0,0,0,0,0,0,0,0
2013-04,2013-04-01,S3_Day21,3,2013-04-21 23:59:59,,1.0,0,CURRENT_PHASE1_CORPUS_MONTH_TO_DATE_VINTAGE,6.0,0,0,0,0.0,0.0,0.0,0.0,0.0,0.0,0.0,0.0,0.0,0.0,0.0,0.0,0.0,0.0,0.0,0.0,0.0,0.0,0,0,0,0,0,0,0,0,0,0
2013-04,2013-04-01,S4_MonthEnd,4,2013-04-30 23:59:59,,1.0,0,CURRENT_PHASE1_CORPUS_MONTH_TO_DATE_VINTAGE,6.0,0,0,0,0.0,0.0,0.0,0.0,0.0,0.0,0.0,0.0,0.0,0.0,0.0,0.0,0.0,0.0,0.0,0.0,0.0,0.0,0,0,0,0,0,0,0,0,0,0
2013-05,2013-05-01,S1_Day7,1,2013-05-07 23:59:59,,1.0,0,CURRENT_PHASE1_CORPUS_MONTH_TO_DATE_VINTAGE,4.7,0,0,0,0.0,0.0,0.0,0.0,0.0,0.0,0.0,0.0,0.0,0.0,0.0,0.0,0.0,0.0,0.0,0.0,0.0,0.0,0,0,0,0,0,0,0,0,0,0
2013-05,2013-05-01,S2_Day14,2,2013-05-14 23:59:59,,1.0,0,CURRENT_PHASE1_CORPUS_MONTH_TO_DATE_VINTAGE,4.7,0,0,0,0.0,0.0,0.0,0.0,0.0,0.0,0.0,0.0,0.0,0.0,0.0,0.0,0.0,0.0,0.0,0.0,0.0,0.0,0,0,0,0,0,0,0,0,0,0
2013-05,2013-05-01,S3_Day21,3,2013-05-21 23:59:59,,1.0,0,CURRENT_PHASE1_CORPUS_MONTH_TO_DATE_VINTAGE,4.7,0,0,0,0.0,0.0,0.0,0.0,0.0,0.0,0.0,0.0,0.0,0.0,0.0,0.0,0.0,0.0,0.0,0.0,0.0,0.0,0,0,0,0,0,0,0,0,0,0
2013-05,2013-05-01,S4_MonthEnd,4,2013-05-31 23:59:59,,1.0,0,CURRENT_PHASE1_CORPUS_MONTH_TO_DATE_VINTAGE,4.7,0,0,0,0.0,0.0,0.0,0.0,0.0,0.0,0.0,0.0,0.0,0.0,0.0,0.0,0.0,0.0,0.0,0.0,0.0,0.0,0,0,0,0,0,0,0,0,0,0
2013-06,2013-06-01,S1_Day7,1,2013-06-07 23:59:59,,1.0,0,CURRENT_PHASE1_CORPUS_MONTH_TO_DATE_VINTAGE,4.8,0,0,0,0.0,0.0,0.0,0.0,0.0,0.0,0.0,0.0,0.0,0.0,0.0,0.0,0.0,0.0,0.0,0.0,0.0,0.0,0,0,0,0,0,0,0,0,0,0
2013-06,2013-06-01,S2_Day14,2,2013-06-14 23:59:59,,1.0,0,CURRENT_PHASE1_CORPUS_MONTH_TO_DATE_VINTAGE,4.8,0,0,0,0.0,0.0,0.0,0.0,0.0,0.0,0.0,0.0,0.0,0.0,0.0,0.0,0.0,0.0,0.0,0.0,0.0,0.0,0,0,0,0,0,0,0,0,0,0
2013-06,2013-06-01,S3_Day21,3,2013-06-21 23:59:59,,1.0,0,CURRENT_PHASE1_CORPUS_MONTH_TO_DATE_VINTAGE,4.8,0,0,0,0.0,0.0,0.0,0.0,0.0,0.0,0.0,0.0,0.0,0.0,0.0,0.0,0.0,0.0,0.0,0.0,0.0,0.0,0,0,0,0,0,0,0,0,0,0
2013-06,2013-06-01,S4_MonthEnd,4,2013-06-30 23:59:59,,1.0,0,CURRENT_PHASE1_CORPUS_MONTH_TO_DATE_VINTAGE,4.8,0,0,0,0.0,0.0,0.0,0.0,0.0,0.0,0.0,0.0,0.0,0.0,0.0,0.0,0.0,0.0,0.0,0.0,0.0,0.0,0,0,0,0,0,0,0,0,0,0
2013-07,2013-07-01,S1_Day7,1,2013-07-07 23:59:59,,1.0,0,CURRENT_PHASE1_CORPUS_MONTH_TO_DATE_VINTAGE,5.4,0,0,0,0.0,0.0,0.0,0.0,0.0,0.0,0.0,0.0,0.0,0.0,0.0,0.0,0.0,0.0,0.0,0.0,0.0,0.0,0,0,0,0,0,0,0,0,0,0
2013-07,2013-07-01,S2_Day14,2,2013-07-14 23:59:59,,1.0,0,CURRENT_PHASE1_CORPUS_MONTH_TO_DATE_VINTAGE,5.4,0,0,0,0.0,0.0,0.0,0.0,0.0,0.0,0.0,0.0,0.0,0.0,0.0,0.0,0.0,0.0,0.0,0.0,0.0,0.0,0,0,0,0,0,0,0,0,0,0
2013-07,2013-07-01,S3_Day21,3,2013-07-21 23:59:59,,1.0,0,CURRENT_PHASE1_CORPUS_MONTH_TO_DATE_VINTAGE,5.4,0,0,0,0.0,0.0,0.0,0.0,0.0,0.0,0.0,0.0,0.0,0.0,0.0,0.0,0.0,0.0,0.0,0.0,0.0,0.0,0,0,0,0,0,0,0,0,0,0
2013-07,2013-07-01,S4_MonthEnd,4,2013-07-31 23:59:59,,1.0,0,CURRENT_PHASE1_CORPUS_MONTH_TO_DATE_VINTAGE,5.4,0,0,0,0.0,0.0,0.0,0.0,0.0,0.0,0.0,0.0,0.0,0.0,0.0,0.0,0.0,0.0,0.0,0.0,0.0,0.0,0,0,0,0,0,0,0,0,0,0
2013-08,2013-08-01,S1_Day7,1,2013-08-07 23:59:59,,1.0,0,CURRENT_PHASE1_CORPUS_MONTH_TO_DATE_VINTAGE,5.4,0,0,0,0.0,0.0,0.0,0.0,0.0,0.0,0.0,0.0,0.0,0.0,0.0,0.0,0.0,0.0,0.0,0.0,0.0,0.0,0,0,0,0,0,0,0,0,0,0
2013-08,2013-08-01,S2_Day14,2,2013-08-14 23:59:59,,1.0,0,CURRENT_PHASE1_CORPUS_MONTH_TO_DATE_VINTAGE,5.4,0,0,0,0.0,0.0,0.0,0.0,0.0,0.0,0.0,0.0,0.0,0.0,0.0,0.0,0.0,0.0,0.0,0.0,0.0,0.0,0,0,0,0,0,0,0,0,0,0
2013-08,2013-08-01,S3_Day21,3,2013-08-21 23:59:59,,1.0,0,CURRENT_PHASE1_CORPUS_MONTH_TO_DATE_VINTAGE,5.4,0,0,0,0.0,0.0,0.0,0.0,0.0,0.0,0.0,0.0,0.0,0.0,0.0,0.0,0.0,0.0,0.0,0.0,0.0,0.0,0,0,0,0,0,0,0,0,0,0
2013-08,2013-08-01,S4_MonthEnd,4,2013-08-31 23:59:59,,1.0,0,CURRENT_PHASE1_CORPUS_MONTH_TO_DATE_VINTAGE,5.4,0,0,0,0.0,0.0,0.0,0.0,0.0,0.0,0.0,0.0,0.0,0.0,0.0,0.0,0.0,0.0,0.0,0.0,0.0,0.0,0,0,0,0,0,0,0,0,0,0
2013-09,2013-09-01,S1_Day7,1,2013-09-07 23:59:59,,1.0,0,CURRENT_PHASE1_CORPUS_MONTH_TO_DATE_VINTAGE,6.3,0,0,0,0.0,0.0,0.0,0.0,0.0,0.0,0.0,0.0,0.0,0.0,0.0,0.0,0.0,0.0,0.0,0.0,0.0,0.0,0,0,0,0,0,0,0,0,0,0
2013-09,2013-09-01,S2_Day14,2,2013-09-14 23:59:59,,1.0,0,CURRENT_PHASE1_CORPUS_MONTH_TO_DATE_VINTAGE,6.3,0,0,0,0.0,0.0,0.0,0.0,0.0,0.0,0.0,0.0,0.0,0.0,0.0,0.0,0.0,0.0,0.0,0.0,0.0,0.0,0,0,0,0,0,0,0,0,0,0
2013-09,2013-09-01,S3_Day21,3,2013-09-21 23:59:59,,1.0,0,CURRENT_PHASE1_CORPUS_MONTH_TO_DATE_VINTAGE,6.3,0,0,0,0.0,0.0,0.0,0.0,0.0,0.0,0.0,0.0,0.0,0.0,0.0,0.0,0.0,0.0,0.0,0.0,0.0,0.0,0,0,0,0,0,0,0,0,0,0
2013-09,2013-09-01,S4_MonthEnd,4,2013-09-30 23:59:59,,1.0,0,CURRENT_PHASE1_CORPUS_MONTH_TO_DATE_VINTAGE,6.3,0,0,0,0.0,0.0,0.0,0.0,0.0,0.0,0.0,0.0,0.0,0.0,0.0,0.0,0.0,0.0,0.0,0.0,0.0,0.0,0,0,0,0,0,0,0,0,0,0
2013-10,2013-10-01,S1_Day7,1,2013-10-07 23:59:59,,1.0,0,CURRENT_PHASE1_CORPUS_MONTH_TO_DATE_VINTAGE,9.8,0,0,0,0.0,0.0,0.0,0.0,0.0,0.0,0.0,0.0,0.0,0.0,0.0,0.0,0.0,0.0,0.0,0.0,0.0,0.0,0,0,0,0,0,0,0,0,0,0
2013-10,2013-10-01,S2_Day14,2,2013-10-14 23:59:59,,1.0,0,CURRENT_PHASE1_CORPUS_MONTH_TO_DATE_VINTAGE,9.8,0,0,0,0.0,0.0,0.0,0.0,0.0,0.0,0.0,0.0,0.0,0.0,0.0,0.0,0.0,0.0,0.0,0.0,0.0,0.0,0,0,0,0,0,0,0,0,0,0
2013-10,2013-10-01,S3_Day21,3,2013-10-21 23:59:59,,1.0,0,CURRENT_PHASE1_CORPUS_MONTH_TO_DATE_VINTAGE,9.8,0,0,0,0.0,0.0,0.0,0.0,0.0,0.0,0.0,0.0,0.0,0.0,0.0,0.0,0.0,0.0,0.0,0.0,0.0,0.0,0,0,0,0,0,0,0,0,0,0
2013-10,2013-10-01,S4_MonthEnd,4,2013-10-31 23:59:59,2013-10-28,1.0,0,CURRENT_PHASE1_CORPUS_MONTH_TO_DATE_VINTAGE,9.8,1,1,0,0.0,0.0,1.0,0.0,0.0,0.0,0.0,0.0,0.0,0.0,0.0,0.0,1.0,0.0,1.0,0.0,1.0,0.0,0,0,0,0,1,0,0,0,0,0
2013-11,2013-11-01,S1_Day7,1,2013-11-07 23:59:59,,1.0,0,CURRENT_PHASE1_CORPUS_MONTH_TO_DATE_VINTAGE,10.1,0,0,0,0.0,0.0,0.0,0.0,0.0,0.0,0.0,0.0,0.0,0.0,0.0,0.0,0.0,0.0,0.0,0.0,0.0,0.0,0,0,0,0,0,0,0,0,0,0
2013-11,2013-11-01,S2_Day14,2,2013-11-14 23:59:59,,1.0,0,CURRENT_PHASE1_CORPUS_MONTH_TO_DATE_VINTAGE,10.1,0,0,0,0.0,0.0,0.0,0.0,0.0,0.0,0.0,0.0,0.0,0.0,0.0,0.0,0.0,0.0,0.0,0.0,0.0,0.0,0,0,0,0,0,0,0,0,0,0
2013-11,2013-11-01,S3_Day21,3,2013-11-21 23:59:59,,1.0,0,CURRENT_PHASE1_CORPUS_MONTH_TO_DATE_VINTAGE,10.1,0,0,0,0.0,0.0,0.0,0.0,0.0,0.0,0.0,0.0,0.0,0.0,0.0,0.0,0.0,0.0,0.0,0.0,0.0,0.0,0,0,0,0,0,0,0,0,0,0
2013-11,2013-11-01,S4_MonthEnd,4,2013-11-30 23:59:59,2013-11-26,1.0,0,CURRENT_PHASE1_CORPUS_MONTH_TO_DATE_VINTAGE,10.1,1,1,0,0.0,1.0,0.0,0.0,2.0,3.0,-1.0,-2.0,-1.0,0.0,0.0,1.0,0.0,0.0,1.0,-1.0,1.0,-2.0,0,0,0,1,0,0,0,0,0,0
2013-12,2013-12-01,S1_Day7,1,2013-12-07 23:59:59,2013-12-03,1.0,0,CURRENT_PHASE1_CORPUS_MONTH_TO_DATE_VINTAGE,10.4,1,0,1,0.0,0.0,1.0,0.0,0.0,0.0,0.0,0.0,0.0,0.0,0.0,0.0,1.0,0.0,0.0,0.0,1.0,0.0,0,0,0,0,0,1,0,0,0,0
2013-12,2013-12-01,S2_Day14,2,2013-12-14 23:59:59,2013-12-03,1.0,0,CURRENT_PHASE1_CORPUS_MONTH_TO_DATE_VINTAGE,10.4,1,0,1,0.0,0.0,1.0,0.0,0.0,0.0,0.0,0.0,0.0,0.0,0.0,0.0,1.0,0.0,0.0,0.0,1.0,0.0,0,0,0,0,0,1,0,0,0,0
2013-12,2013-12-01,S3_Day21,3,2013-12-21 23:59:59,2013-12-03,1.0,0,CURRENT_PHASE1_CORPUS_MONTH_TO_DATE_VINTAGE,10.4,1,0,1,0.0,0.0,1.0,0.0,0.0,0.0,0.0,0.0,0.0,0.0,0.0,0.0,1.0,0.0,0.0,0.0,1.0,0.0,0,0,0,0,0,1,0,0,0,0
2013-12,2013-12-01,S4_MonthEnd,4,2013-12-31 23:59:59,2013-12-03,1.0,0,CURRENT_PHASE1_CORPUS_MONTH_TO_DATE_VINTAGE,10.4,1,0,1,0.0,0.0,1.0,0.0,0.0,0.0,0.0,0.0,0.0,0.0,0.0,0.0,1.0,0.0,0.0,0.0,1.0,0.0,0,0,0,0,0,1,0,0,0,0
2014-01,2014-01-01,S1_Day7,1,2014-01-07 23:59:59,,1.0,0,CURRENT_PHASE1_CORPUS_MONTH_TO_DATE_VINTAGE,13.8,0,0,0,0.0,0.0,0.0,0.0,0.0,0.0,0.0,0.0,0.0,0.0,0.0,0.0,0.0,0.0,0.0,0.0,0.0,0.0,0,0,0,0,0,0,0,0,0,0
2014-01,2014-01-01,S2_Day14,2,2014-01-14 23:59:59,,1.0,0,CURRENT_PHASE1_CORPUS_MONTH_TO_DATE_VINTAGE,13.8,0,0,0,0.0,0.0,0.0,0.0,0.0,0.0,0.0,0.0,0.0,0.0,0.0,0.0,0.0,0.0,0.0,0.0,0.0,0.0,0,0,0,0,0,0,0,0,0,0
2014-01,2014-01-01,S3_Day21,3,2014-01-21 23:59:59,,1.0,0,CURRENT_PHASE1_CORPUS_MONTH_TO_DATE_VINTAGE,13.8,0,0,0,0.0,0.0,0.0,0.0,0.0,0.0,0.0,0.0,0.0,0.0,0.0,0.0,0.0,0.0,0.0,0.0,0.0,0.0,0,0,0,0,0,0,0,0,0,0
2014-01,2014-01-01,S4_MonthEnd,4,2014-01-31 23:59:59,,1.0,0,CURRENT_PHASE1_CORPUS_MONTH_TO_DATE_VINTAGE,13.8,0,0,0,0.0,0.0,0.0,0.0,0.0,0.0,0.0,0.0,0.0,0.0,0.0,0.0,0.0,0.0,0.0,0.0,0.0,0.0,0,0,0,0,0,0,0,0,0,0
2014-02,2014-02-01,S1_Day7,1,2014-02-07 23:59:59,,1.0,0,CURRENT_PHASE1_CORPUS_MONTH_TO_DATE_VINTAGE,14.0,0,0,0,0.0,0.0,0.0,0.0,0.0,0.0,0.0,0.0,0.0,0.0,0.0,0.0,0.0,0.0,0.0,0.0,0.0,0.0,0,0,0,0,0,0,0,0,0,0
2014-02,2014-02-01,S2_Day14,2,2014-02-14 23:59:59,,1.0,0,CURRENT_PHASE1_CORPUS_MONTH_TO_DATE_VINTAGE,14.0,0,0,0,0.0,0.0,0.0,0.0,0.0,0.0,0.0,0.0,0.0,0.0,0.0,0.0,0.0,0.0,0.0,0.0,0.0,0.0,0,0,0,0,0,0,0,0,0,0
2014-02,2014-02-01,S3_Day21,3,2014-02-21 23:59:59,,1.0,0,CURRENT_PHASE1_CORPUS_MONTH_TO_DATE_VINTAGE,14.0,0,0,0,0.0,0.0,0.0,0.0,0.0,0.0,0.0,0.0,0.0,0.0,0.0,0.0,0.0,0.0,0.0,0.0,0.0,0.0,0,0,0,0,0,0,0,0,0,0
2014-02,2014-02-01,S4_MonthEnd,4,2014-02-28 23:59:59,,1.0,0,CURRENT_PHASE1_CORPUS_MONTH_TO_DATE_VINTAGE,14.0,0,0,0,0.0,0.0,0.0,0.0,0.0,0.0,0.0,0.0,0.0,0.0,0.0,0.0,0.0,0.0,0.0,0.0,0.0,0.0,0,0,0,0,0,0,0,0,0,0
2014-03,2014-03-01,S1_Day7,1,2014-03-07 23:59:59,,1.0,0,CURRENT_PHASE1_CORPUS_MONTH_TO_DATE_VINTAGE,14.5,0,0,0,0.0,0.0,0.0,0.0,0.0,0.0,0.0,0.0,0.0,0.0,0.0,0.0,0.0,0.0,0.0,0.0,0.0,0.0,0,0,0,0,0,0,0,0,0,0
2014-03,2014-03-01,S2_Day14,2,2014-03-14 23:59:59,,1.0,0,CURRENT_PHASE1_CORPUS_MONTH_TO_DATE_VINTAGE,14.5,0,0,0,0.0,0.0,0.0,0.0,0.0,0.0,0.0,0.0,0.0,0.0,0.0,0.0,0.0,0.0,0.0,0.0,0.0,0.0,0,0,0,0,0,0,0,0,0,0
2014-03,2014-03-01,S3_Day21,3,2014-03-21 23:59:59,,1.0,0,CURRENT_PHASE1_CORPUS_MONTH_TO_DATE_VINTAGE,14.5,0,0,0,0.0,0.0,0.0,0.0,0.0,0.0,0.0,0.0,0.0,0.0,0.0,0.0,0.0,0.0,0.0,0.0,0.0,0.0,0,0,0,0,0,0,0,0,0,0
2014-03,2014-03-01,S4_MonthEnd,4,2014-03-31 23:59:59,2014-03-28,1.0,0,CURRENT_PHASE1_CORPUS_MONTH_TO_DATE_VINTAGE,14.5,1,0,1,0.0,0.0,1.0,1.0,0.0,0.0,0.0,0.0,0.0,1.0,0.0,0.0,1.0,1.0,0.0,0.0,1.0,0.0,0,0,0,1,0,0,0,0,0,0
2014-04,2014-04-01,S1_Day7,1,2014-04-07 23:59:59,2014-04-02,1.0,0,CURRENT_PHASE1_CORPUS_MONTH_TO_DATE_VINTAGE,14.7,2,2,0,1.0,0.0,1.0,1.0,5.0,0.0,5.0,10.0,2.5,1.0,0.5,0.0,0.5,0.5,1.0,0.5,2.0,10.0,0,0,0,0,0,2,0,0,0,0
2014-04,2014-04-01,S2_Day14,2,2014-04-14 23:59:59,2014-04-02,1.0,0,CURRENT_PHASE1_CORPUS_MONTH_TO_DATE_VINTAGE,14.7,2,2,0,1.0,0.0,1.0,1.0,5.0,0.0,5.0,10.0,2.5,1.0,0.5,0.0,0.5,0.5,1.0,0.5,2.0,10.0,0,0,0,0,0,2,0,0,0,0
2014-04,2014-04-01,S3_Day21,3,2014-04-21 23:59:59,2014-04-02,1.0,0,CURRENT_PHASE1_CORPUS_MONTH_TO_DATE_VINTAGE,14.7,2,2,0,1.0,0.0,1.0,1.0,5.0,0.0,5.0,10.0,2.5,1.0,0.5,0.0,0.5,0.5,1.0,0.5,2.0,10.0,0,0,0,0,0,2,0,0,0,0
2014-04,2014-04-01,S4_MonthEnd,4,2014-04-30 23:59:59,2014-04-02,1.0,0,CURRENT_PHASE1_CORPUS_MONTH_TO_DATE_VINTAGE,14.7,2,2,0,1.0,0.0,1.0,1.0,5.0,0.0,5.0,10.0,2.5,1.0,0.5,0.0,0.5,0.5,1.0,0.5,2.0,10.0,0,0,0,0,0,2,0,0,0,0
2014-05,2014-05-01,S1_Day7,1,2014-05-07 23:59:59,,1.0,0,CURRENT_PHASE1_CORPUS_MONTH_TO_DATE_VINTAGE,14.8,0,0,0,0.0,0.0,0.0,0.0,0.0,0.0,0.0,0.0,0.0,0.0,0.0,0.0,0.0,0.0,0.0,0.0,0.0,0.0,0,0,0,0,0,0,0,0,0,0
2014-05,2014-05-01,S2_Day14,2,2014-05-14 23:59:59,,1.0,0,CURRENT_PHASE1_CORPUS_MONTH_TO_DATE_VINTAGE,14.8,0,0,0,0.0,0.0,0.0,0.0,0.0,0.0,0.0,0.0,0.0,0.0,0.0,0.0,0.0,0.0,0.0,0.0,0.0,0.0,0,0,0,0,0,0,0,0,0,0
2014-05,2014-05-01,S3_Day21,3,2014-05-21 23:59:59,,1.0,0,CURRENT_PHASE1_CORPUS_MONTH_TO_DATE_VINTAGE,14.8,0,0,0,0.0,0.0,0.0,0.0,0.0,0.0,0.0,0.0,0.0,0.0,0.0,0.0,0.0,0.0,0.0,0.0,0.0,0.0,0,0,0,0,0,0,0,0,0,0
2014-05,2014-05-01,S4_MonthEnd,4,2014-05-31 23:59:59,,1.0,0,CURRENT_PHASE1_CORPUS_MONTH_TO_DATE_VINTAGE,14.8,0,0,0,0.0,0.0,0.0,0.0,0.0,0.0,0.0,0.0,0.0,0.0,0.0,0.0,0.0,0.0,0.0,0.0,0.0,0.0,0,0,0,0,0,0,0,0,0,0
2014-06,2014-06-01,S1_Day7,1,2014-06-07 23:59:59,,1.0,0,CURRENT_PHASE1_CORPUS_MONTH_TO_DATE_VINTAGE,15.0,0,0,0,0.0,0.0,0.0,0.0,0.0,0.0,0.0,0.0,0.0,0.0,0.0,0.0,0.0,0.0,0.0,0.0,0.0,0.0,0,0,0,0,0,0,0,0,0,0
2014-06,2014-06-01,S2_Day14,2,2014-06-14 23:59:59,,1.0,0,CURRENT_PHASE1_CORPUS_MONTH_TO_DATE_VINTAGE,15.0,0,0,0,0.0,0.0,0.0,0.0,0.0,0.0,0.0,0.0,0.0,0.0,0.0,0.0,0.0,0.0,0.0,0.0,0.0,0.0,0,0,0,0,0,0,0,0,0,0
2014-06,2014-06-01,S3_Day21,3,2014-06-21 23:59:59,,1.0,0,CURRENT_PHASE1_CORPUS_MONTH_TO_DATE_VINTAGE,15.0,0,0,0,0.0,0.0,0.0,0.0,0.0,0.0,0.0,0.0,0.0,0.0,0.0,0.0,0.0,0.0,0.0,0.0,0.0,0.0,0,0,0,0,0,0,0,0,0,0
2014-06,2014-06-01,S4_MonthEnd,4,2014-06-30 23:59:59,,1.0,0,CURRENT_PHASE1_CORPUS_MONTH_TO_DATE_VINTAGE,15.0,0,0,0,0.0,0.0,0.0,0.0,0.0,0.0,0.0,0.0,0.0,0.0,0.0,0.0,0.0,0.0,0.0,0.0,0.0,0.0,0,0,0,0,0,0,0,0,0,0
2014-07,2014-07-01,S1_Day7,1,2014-07-07 23:59:59,,1.0,0,CURRENT_PHASE1_CORPUS_MONTH_TO_DATE_VINTAGE,15.3,0,0,0,0.0,0.0,0.0,0.0,0.0,0.0,0.0,0.0,0.0,0.0,0.0,0.0,0.0,0.0,0.0,0.0,0.0,0.0,0,0,0,0,0,0,0,0,0,0
2014-07,2014-07-01,S2_Day14,2,2014-07-14 23:59:59,,1.0,0,CURRENT_PHASE1_CORPUS_MONTH_TO_DATE_VINTAGE,15.3,0,0,0,0.0,0.0,0.0,0.0,0.0,0.0,0.0,0.0,0.0,0.0,0.0,0.0,0.0,0.0,0.0,0.0,0.0,0.0,0,0,0,0,0,0,0,0,0,0
2014-07,2014-07-01,S3_Day21,3,2014-07-21 23:59:59,,1.0,0,CURRENT_PHASE1_CORPUS_MONTH_TO_DATE_VINTAGE,15.3,0,0,0,0.0,0.0,0.0,0.0,0.0,0.0,0.0,0.0,0.0,0.0,0.0,0.0,0.0,0.0,0.0,0.0,0.0,0.0,0,0,0,0,0,0,0,0,0,0
2014-07,2014-07-01,S4_MonthEnd,4,2014-07-31 23:59:59,2014-07-31,1.0,0,CURRENT_PHASE1_CORPUS_MONTH_TO_DATE_VINTAGE,15.3,1,1,0,0.0,0.0,1.0,1.0,0.0,0.0,0.0,0.0,0.0,1.0,0.0,0.0,1.0,1.0,1.0,0.0,1.0,0.0,0,0,0,0,0,1,0,0,0,0
2014-08,2014-08-01,S1_Day7,1,2014-08-07 23:59:59,2014-08-04,1.0,0,CURRENT_PHASE1_CORPUS_MONTH_TO_DATE_VINTAGE,15.9,1,1,0,0.0,0.0,1.0,0.0,0.0,0.0,0.0,0.0,0.0,0.0,0.0,0.0,1.0,0.0,1.0,0.0,1.0,0.0,0,0,0,0,0,0,0,0,0,0
2014-08,2014-08-01,S2_Day14,2,2014-08-14 23:59:59,2014-08-04,1.0,0,CURRENT_PHASE1_CORPUS_MONTH_TO_DATE_VINTAGE,15.9,1,1,0,0.0,0.0,1.0,0.0,0.0,0.0,0.0,0.0,0.0,0.0,0.0,0.0,1.0,0.0,1.0,0.0,1.0,0.0,0,0,0,0,0,0,0,0,0,0
2014-08,2014-08-01,S3_Day21,3,2014-08-21 23:59:59,2014-08-04,1.0,0,CURRENT_PHASE1_CORPUS_MONTH_TO_DATE_VINTAGE,15.9,1,1,0,0.0,0.0,1.0,0.0,0.0,0.0,0.0,0.0,0.0,0.0,0.0,0.0,1.0,0.0,1.0,0.0,1.0,0.0,0,0,0,0,0,0,0,0,0,0
2014-08,2014-08-01,S4_MonthEnd,4,2014-08-31 23:59:59,2014-08-04,1.0,0,CURRENT_PHASE1_CORPUS_MONTH_TO_DATE_VINTAGE,15.9,1,1,0,0.0,0.0,1.0,0.0,0.0,0.0,0.0,0.0,0.0,0.0,0.0,0.0,1.0,0.0,1.0,0.0,1.0,0.0,0,0,0,0,0,0,0,0,0,0
2014-09,2014-09-01,S1_Day7,1,2014-09-07 23:59:59,,1.0,0,CURRENT_PHASE1_CORPUS_MONTH_TO_DATE_VINTAGE,16.5,0,0,0,0.0,0.0,0.0,0.0,0.0,0.0,0.0,0.0,0.0,0.0,0.0,0.0,0.0,0.0,0.0,0.0,0.0,0.0,0,0,0,0,0,0,0,0,0,0
2014-09,2014-09-01,S2_Day14,2,2014-09-14 23:59:59,,1.0,0,CURRENT_PHASE1_CORPUS_MONTH_TO_DATE_VINTAGE,16.5,0,0,0,0.0,0.0,0.0,0.0,0.0,0.0,0.0,0.0,0.0,0.0,0.0,0.0,0.0,0.0,0.0,0.0,0.0,0.0,0,0,0,0,0,0,0,0,0,0
2014-09,2014-09-01,S3_Day21,3,2014-09-21 23:59:59,,1.0,0,CURRENT_PHASE1_CORPUS_MONTH_TO_DATE_VINTAGE,16.5,0,0,0,0.0,0.0,0.0,0.0,0.0,0.0,0.0,0.0,0.0,0.0,0.0,0.0,0.0,0.0,0.0,0.0,0.0,0.0,0,0,0,0,0,0,0,0,0,0
2014-09,2014-09-01,S4_MonthEnd,4,2014-09-30 23:59:59,2014-09-29,1.0,0,CURRENT_PHASE1_CORPUS_MONTH_TO_DATE_VINTAGE,16.5,2,2,0,0.0,0.0,2.0,1.0,0.0,0.0,0.0,0.0,0.0,0.5,0.0,0.0,1.0,0.5,1.0,0.0,2.0,0.0,0,0,0,1,1,0,0,0,0,0
2014-10,2014-10-01,S1_Day7,1,2014-10-07 23:59:59,2014-10-07,1.0,0,CURRENT_PHASE1_CORPUS_MONTH_TO_DATE_VINTAGE,16.9,1,0,1,0.0,0.0,1.0,0.0,0.0,0.0,0.0,0.0,0.0,0.0,0.0,0.0,1.0,0.0,0.0,0.0,1.0,0.0,0,0,0,1,0,0,0,0,0,0
2014-10,2014-10-01,S2_Day14,2,2014-10-14 23:59:59,2014-10-07,1.0,0,CURRENT_PHASE1_CORPUS_MONTH_TO_DATE_VINTAGE,16.9,1,0,1,0.0,0.0,1.0,0.0,0.0,0.0,0.0,0.0,0.0,0.0,0.0,0.0,1.0,0.0,0.0,0.0,1.0,0.0,0,0,0,1,0,0,0,0,0,0
2014-10,2014-10-01,S3_Day21,3,2014-10-21 23:59:59,2014-10-07,1.0,0,CURRENT_PHASE1_CORPUS_MONTH_TO_DATE_VINTAGE,16.9,1,0,1,0.0,0.0,1.0,0.0,0.0,0.0,0.0,0.0,0.0,0.0,0.0,0.0,1.0,0.0,0.0,0.0,1.0,0.0,0,0,0,1,0,0,0,0,0,0
2014-10,2014-10-01,S4_MonthEnd,4,2014-10-31 23:59:59,2014-10-07,1.0,0,CURRENT_PHASE1_CORPUS_MONTH_TO_DATE_VINTAGE,16.9,1,0,1,0.0,0.0,1.0,0.0,0.0,0.0,0.0,0.0,0.0,0.0,0.0,0.0,1.0,0.0,0.0,0.0,1.0,0.0,0,0,0,1,0,0,0,0,0,0
2014-11,2014-11-01,S1_Day7,1,2014-11-07 23:59:59,,1.0,0,CURRENT_PHASE1_CORPUS_MONTH_TO_DATE_VINTAGE,17.1,0,0,0,0.0,0.0,0.0,0.0,0.0,0.0,0.0,0.0,0.0,0.0,0.0,0.0,0.0,0.0,0.0,0.0,0.0,0.0,0,0,0,0,0,0,0,0,0,0
2014-11,2014-11-01,S2_Day14,2,2014-11-14 23:59:59,,1.0,0,CURRENT_PHASE1_CORPUS_MONTH_TO_DATE_VINTAGE,17.1,0,0,0,0.0,0.0,0.0,0.0,0.0,0.0,0.0,0.0,0.0,0.0,0.0,0.0,0.0,0.0,0.0,0.0,0.0,0.0,0,0,0,0,0,0,0,0,0,0
2014-11,2014-11-01,S3_Day21,3,2014-11-21 23:59:59,,1.0,0,CURRENT_PHASE1_CORPUS_MONTH_TO_DATE_VINTAGE,17.1,0,0,0,0.0,0.0,0.0,0.0,0.0,0.0,0.0,0.0,0.0,0.0,0.0,0.0,0.0,0.0,0.0,0.0,0.0,0.0,0,0,0,0,0,0,0,0,0,0
2014-11,2014-11-01,S4_MonthEnd,4,2014-11-30 23:59:59,,1.0,0,CURRENT_PHASE1_CORPUS_MONTH_TO_DATE_VINTAGE,17.1,0,0,0,0.0,0.0,0.0,0.0,0.0,0.0,0.0,0.0,0.0,0.0,0.0,0.0,0.0,0.0,0.0,0.0,0.0,0.0,0,0,0,0,0,0,0,0,0,0
2014-12,2014-12-01,S1_Day7,1,2014-12-07 23:59:59,,1.0,0,CURRENT_PHASE1_CORPUS_MONTH_TO_DATE_VINTAGE,17.0,0,0,0,0.0,0.0,0.0,0.0,0.0,0.0,0.0,0.0,0.0,0.0,0.0,0.0,0.0,0.0,0.0,0.0,0.0,0.0,0,0,0,0,0,0,0,0,0,0
2014-12,2014-12-01,S2_Day14,2,2014-12-14 23:59:59,,1.0,0,CURRENT_PHASE1_CORPUS_MONTH_TO_DATE_VINTAGE,17.0,0,0,0,0.0,0.0,0.0,0.0,0.0,0.0,0.0,0.0,0.0,0.0,0.0,0.0,0.0,0.0,0.0,0.0,0.0,0.0,0,0,0,0,0,0,0,0,0,0
2014-12,2014-12-01,S3_Day21,3,2014-12-21 23:59:59,,1.0,0,CURRENT_PHASE1_CORPUS_MONTH_TO_DATE_VINTAGE,17.0,0,0,0,0.0,0.0,0.0,0.0,0.0,0.0,0.0,0.0,0.0,0.0,0.0,0.0,0.0,0.0,0.0,0.0,0.0,0.0,0,0,0,0,0,0,0,0,0,0
2014-12,2014-12-01,S4_MonthEnd,4,2014-12-31 23:59:59,,1.0,0,CURRENT_PHASE1_CORPUS_MONTH_TO_DATE_VINTAGE,17.0,0,0,0,0.0,0.0,0.0,0.0,0.0,0.0,0.0,0.0,0.0,0.0,0.0,0.0,0.0,0.0,0.0,0.0,0.0,0.0,0,0,0,0,0,0,0,0,0,0
2015-01,2015-01-01,S1_Day7,1,2015-01-07 23:59:59,2015-01-05,2.0,1,CURRENT_PHASE1_CORPUS_MONTH_TO_DATE_VINTAGE,16.4,2,0,2,1.0,0.0,1.0,2.0,2.0,0.0,2.0,2.0,1.0,1.0,0.5,0.0,0.5,1.0,0.0,0.5,1.0,1.0,1,0,0,0,0,1,0,0,0,0
2015-01,2015-01-01,S2_Day14,2,2015-01-14 23:59:59,2015-01-14,2.0,1,CURRENT_PHASE1_CORPUS_MONTH_TO_DATE_VINTAGE,16.4,8,1,7,2.0,1.0,5.0,3.0,4.0,4.0,0.0,0.0,0.0,1.25,0.25,0.125,0.625,0.375,0.125,0.125,4.0,0.0,5,0,0,2,0,1,0,0,0,0
2015-01,2015-01-01,S3_Day21,3,2015-01-21 23:59:59,2015-01-21,2.0,1,CURRENT_PHASE1_CORPUS_MONTH_TO_DATE_VINTAGE,16.4,17,3,14,4.0,2.0,11.0,10.0,15.0,8.0,7.0,7.0,0.4117647058823529,1.3529411764705883,0.23529411764705882,0.11764705882352941,0.6470588235294118,0.5882352941176471,0.17647058823529413,0.11764705882352941,8.5,3.5,10,0,0,3,0,4,0,0,0,0
2015-01,2015-01-01,S4_MonthEnd,4,2015-01-31 23:59:59,2015-01-30,2.0,1,CURRENT_PHASE1_CORPUS_MONTH_TO_DATE_VINTAGE,16.4,20,4,16,4.0,3.0,13.0,11.0,15.0,11.0,4.0,1.0,0.2,1.2,0.2,0.15,0.65,0.55,0.2,0.05,10.0,0.5,12,0,0,3,0,5,0,0,0,0
2015-02,2015-02-01,S1_Day7,1,2015-02-07 23:59:59,2015-02-05,2.0,1,CURRENT_PHASE1_CORPUS_MONTH_TO_DATE_VINTAGE,16.5,3,1,2,0.0,0.0,3.0,2.0,0.0,0.0,0.0,0.0,0.0,1.0,0.0,0.0,1.0,0.6666666666666666,0.3333333333333333,0.0,1.5,0.0,2,0,0,0,0,0,0,0,0,0
2015-02,2015-02-01,S2_Day14,2,2015-02-14 23:59:59,2015-02-13,2.0,1,CURRENT_PHASE1_CORPUS_MONTH_TO_DATE_VINTAGE,16.5,7,2,5,0.0,1.0,6.0,2.0,0.0,2.0,-2.0,-2.0,-0.2857142857142857,0.42857142857142855,0.0,0.14285714285714285,0.8571428571428571,0.2857142857142857,0.2857142857142857,-0.14285714285714285,3.5,-1.0,4,0,0,1,0,0,1,0,0,0
2015-02,2015-02-01,S3_Day21,3,2015-02-21 23:59:59,2015-02-18,2.0,1,CURRENT_PHASE1_CORPUS_MONTH_TO_DATE_VINTAGE,16.5,9,3,6,0.0,2.0,7.0,4.0,3.0,7.0,-4.0,-4.0,-0.4444444444444444,0.5555555555555556,0.0,0.2222222222222222,0.7777777777777778,0.4444444444444444,0.3333333333333333,-0.2222222222222222,4.5,-2.0,5,0,0,2,0,0,1,0,0,0
2015-02,2015-02-01,S4_MonthEnd,4,2015-02-28 23:59:59,2015-02-27,2.0,1,CURRENT_PHASE1_CORPUS_MONTH_TO_DATE_VINTAGE,16.5,14,6,8,0.0,3.0,11.0,7.0,3.0,10.0,-7.0,-10.0,-0.5,1.6428571428571428,0.0,0.21428571428571427,0.7857142857142857,0.5,0.42857142857142855,-0.21428571428571427,7.0,-5.0,9,0,0,2,1,0,1,0,0,0
2015-03,2015-03-01,S1_Day7,1,2015-03-07 23:59:59,2015-03-03,2.0,1,CURRENT_PHASE1_CORPUS_MONTH_TO_DATE_VINTAGE,16.6,2,0,2,0.0,0.0,2.0,0.0,0.0,0.0,0.0,0.0,0.0,0.0,0.0,0.0,1.0,0.0,0.0,0.0,1.0,0.0,2,0,0,0,0,0,0,0,0,0
2015-03,2015-03-01,S2_Day14,2,2015-03-14 23:59:59,2015-03-13,2.0,1,CURRENT_PHASE1_CORPUS_MONTH_TO_DATE_VINTAGE,16.6,9,1,8,2.0,1.0,6.0,2.0,6.0,2.0,4.0,7.0,0.4444444444444444,0.3333333333333333,0.2222222222222222,0.1111111111111111,0.6666666666666666,0.2222222222222222,0.1111111111111111,0.1111111111111111,4.5,3.5,7,0,0,0,0,1,0,0,0,0
2015-03,2015-03-01,S3_Day21,3,2015-03-21 23:59:59,2015-03-20,2.0,1,CURRENT_PHASE1_CORPUS_MONTH_TO_DATE_VINTAGE,16.6,15,3,12,4.0,1.0,10.0,5.0,15.0,2.0,13.0,19.0,0.8666666666666667,0.6,0.26666666666666666,0.06666666666666667,0.6666666666666666,0.3333333333333333,0.2,0.2,7.5,9.5,9,0,0,0,1,3,0,0,0,0
2015-03,2015-03-01,S4_MonthEnd,4,2015-03-31 23:59:59,2015-03-27,2.0,1,CURRENT_PHASE1_CORPUS_MONTH_TO_DATE_VINTAGE,16.6,19,5,14,4.0,2.0,13.0,7.0,15.0,5.0,10.0,13.0,0.5263157894736842,0.6842105263157895,0.21052631578947367,0.10526315789473684,0.6842105263157895,0.3684210526315789,0.2631578947368421,0.10526315789473684,9.5,6.5,9,0,0,1,1,5,0,0,0,0
2015-04,2015-04-01,S1_Day7,1,2015-04-07 23:59:59,2015-04-03,2.0,1,CURRENT_PHASE1_CORPUS_MONTH_TO_DATE_VINTAGE,16.8,5,1,4,1.0,1.0,3.0,3.0,2.0,4.0,-2.0,0.0,-0.4,2.2,0.2,0.2,0.6,0.6,0.2,0.0,2.5,0.0,3,0,0,1,0,1,0,0,0,0
2015-04,2015-04-01,S2_Day14,2,2015-04-14 23:59:59,2015-04-14,2.0,1,CURRENT_PHASE1_CORPUS_MONTH_TO_DATE_VINTAGE,16.8,11,3,8,1.0,1.0,9.0,6.0,2.0,4.0,-2.0,0.0,-0.18181818181818182,1.6363636363636365,0.09090909090909091,0.09090909090909091,0.8181818181818182,0.5454545454545454,0.2727272727272727,0.0,5.5,0.0,4,0,0,2,0,4,0,0,0,0
2015-04,2015-04-01,S3_Day21,3,2015-04-21 23:59:59,2015-04-17,2.0,1,CURRENT_PHASE1_CORPUS_MONTH_TO_DATE_VINTAGE,16.8,13,4,9,1.0,1.0,11.0,7.0,2.0,4.0,-2.0,0.0,-0.15384615384615385,1.8461538461538463,0.07692307692307693,0.07692307692307693,0.8461538461538461,0.5384615384615384,0.3076923076923077,0.0,6.5,0.0,4,0,0,3,1,4,0,0,0,0
2015-04,2015-04-01,S4_MonthEnd,4,2015-04-30 23:59:59,2015-04-17,2.0,1,CURRENT_PHASE1_CORPUS_MONTH_TO_DATE_VINTAGE,16.8,13,4,9,1.0,1.0,11.0,7.0,2.0,4.0,-2.0,0.0,-0.15384615384615385,1.8461538461538463,0.07692307692307693,0.07692307692307693,0.8461538461538461,0.5384615384615384,0.3076923076923077,0.0,6.5,0.0,4,0,0,3,1,4,0,0,0,0
2015-05,2015-05-01,S1_Day7,1,2015-05-07 23:59:59,2015-05-07,2.0,1,CURRENT_PHASE1_CORPUS_MONTH_TO_DATE_VINTAGE,16.9,3,3,0,0.0,0.0,3.0,0.0,0.0,0.0,0.0,0.0,0.0,0.0,0.0,0.0,1.0,0.0,1.0,0.0,1.5,0.0,0,0,0,1,0,0,0,0,0,0
2015-05,2015-05-01,S2_Day14,2,2015-05-14 23:59:59,2015-05-14,2.0,1,CURRENT_PHASE1_CORPUS_MONTH_TO_DATE_VINTAGE,16.9,7,6,1,2.0,1.0,4.0,3.0,11.0,2.0,9.0,9.0,1.2857142857142858,2.4285714285714284,0.2857142857142857,0.14285714285714285,0.5714285714285714,0.42857142857142855,0.8571428571428571,0.14285714285714285,3.5,4.5,0,0,0,1,1,1,0,0,0,0
2015-05,2015-05-01,S3_Day21,3,2015-05-21 23:59:59,2015-05-20,2.0,1,CURRENT_PHASE1_CORPUS_MONTH_TO_DATE_VINTAGE,16.9,18,10,8,6.0,2.0,10.0,10.0,26.0,7.0,19.0,20.0,1.0555555555555556,1.4444444444444444,0.3333333333333333,0.1111111111111111,0.5555555555555556,0.5555555555555556,0.5555555555555556,0.2222222222222222,9.0,10.0,7,0,0,3,2,2,0,0,0,0
2015-05,2015-05-01,S4_MonthEnd,4,2015-05-31 23:59:59,2015-05-29,2.0,1,CURRENT_PHASE1_CORPUS_MONTH_TO_DATE_VINTAGE,16.9,23,13,10,8.0,3.0,12.0,12.0,31.0,9.0,22.0,25.0,0.9565217391304348,1.565217391304348,0.34782608695652173,0.13043478260869565,0.5217391304347826,0.5217391304347826,0.5652173913043478,0.21739130434782608,11.5,12.5,7,0,0,3,2,5,1,0,0,0
2015-06,2015-06-01,S1_Day7,1,2015-06-07 23:59:59,2015-06-02,2.0,1,CURRENT_PHASE1_CORPUS_MONTH_TO_DATE_VINTAGE,17.1,1,0,1,0.0,0.0,1.0,0.0,0.0,0.0,0.0,0.0,0.0,0.0,0.0,0.0,1.0,0.0,0.0,0.0,0.5,0.0,0,0,0,0,0,0,0,0,0,1
2015-06,2015-06-01,S2_Day14,2,2015-06-14 23:59:59,2015-06-10,2.0,1,CURRENT_PHASE1_CORPUS_MONTH_TO_DATE_VINTAGE,17.1,4,1,3,1.0,0.0,3.0,1.0,2.0,0.0,2.0,4.0,0.5,0.75,0.25,0.0,0.75,0.25,0.25,0.25,2.0,2.0,0,0,0,1,0,1,0,0,0,1
2015-06,2015-06-01,S3_Day21,3,2015-06-21 23:59:59,2015-06-20,2.0,1,CURRENT_PHASE1_CORPUS_MONTH_TO_DATE_VINTAGE,17.1,11,4,7,4.0,1.0,6.0,3.0,14.0,2.0,12.0,18.0,1.0909090909090908,0.45454545454545453,0.36363636363636365,0.09090909090909091,0.5454545454545454,0.2727272727272727,0.36363636363636365,0.2727272727272727,5.5,9.0,5,0,0,1,0,2,0,0,0,1
2015-06,2015-06-01,S4_MonthEnd,4,2015-06-30 23:59:59,2015-06-30,2.0,1,CURRENT_PHASE1_CORPUS_MONTH_TO_DATE_VINTAGE,17.1,18,5,13,6.0,1.0,11.0,6.0,32.0,2.0,30.0,36.0,1.6666666666666667,0.5555555555555556,0.3333333333333333,0.05555555555555555,0.6111111111111112,0.3333333333333333,0.2777777777777778,0.2777777777777778,9.0,18.0,8,0,0,2,0,5,0,0,0,1
2015-07,2015-07-01,S1_Day7,1,2015-07-07 23:59:59,2015-07-06,2.0,1,CURRENT_PHASE1_CORPUS_MONTH_TO_DATE_VINTAGE,17.9,2,0,2,0.0,0.0,2.0,0.0,0.0,0.0,0.0,0.0,0.0,0.0,0.0,0.0,1.0,0.0,0.0,0.0,1.0,0.0,0,0,0,1,0,1,0,0,0,0
2015-07,2015-07-01,S2_Day14,2,2015-07-14 23:59:59,2015-07-14,2.0,1,CURRENT_PHASE1_CORPUS_MONTH_TO_DATE_VINTAGE,17.9,7,0,7,1.0,1.0,5.0,0.0,3.0,3.0,0.0,0.0,0.0,0.0,0.14285714285714285,0.14285714285714285,0.7142857142857143,0.0,0.0,0.0,3.5,0.0,2,0,0,1,1,3,0,0,0,0
2015-07,2015-07-01,S3_Day21,3,2015-07-21 23:59:59,2015-07-21,2.0,1,CURRENT_PHASE1_CORPUS_MONTH_TO_DATE_VINTAGE,17.9,16,3,13,2.0,2.0,12.0,2.0,8.0,6.0,2.0,7.0,0.125,0.5,0.125,0.125,0.75,0.125,0.1875,0.0,8.0,3.5,3,0,0,4,2,7,0,0,0,0
2015-07,2015-07-01,S4_MonthEnd,4,2015-07-31 23:59:59,2015-07-30,2.0,1,CURRENT_PHASE1_CORPUS_MONTH_TO_DATE_VINTAGE,17.9,24,5,19,4.0,2.0,18.0,6.0,13.0,6.0,7.0,12.0,0.2916666666666667,0.7916666666666666,0.16666666666666666,0.08333333333333333,0.75,0.25,0.20833333333333334,0.08333333333333333,12.0,6.0,6,0,0,5,4,9,0,0,0,0
2015-08,2015-08-01,S1_Day7,1,2015-08-07 23:59:59,2015-08-06,2.0,1,CURRENT_PHASE1_CORPUS_MONTH_TO_DATE_VINTAGE,17.3,2,0,2,2.0,0.0,0.0,1.0,9.0,0.0,9.0,9.0,4.5,7.5,1.0,0.0,0.0,0.5,0.0,1.0,1.0,4.5,0,0,0,0,0,2,0,0,0,0
2015-08,2015-08-01,S2_Day14,2,2015-08-14 23:59:59,2015-08-14,2.0,1,CURRENT_PHASE1_CORPUS_MONTH_TO_DATE_VINTAGE,17.3,7,2,5,3.0,1.0,3.0,4.0,12.0,2.0,10.0,13.0,1.4285714285714286,2.7142857142857144,0.42857142857142855,0.14285714285714285,0.42857142857142855,0.5714285714285714,0.2857142857142857,0.2857142857142857,3.5,6.5,2,0,0,1,1,2,0,0,0,0
2015-08,2015-08-01,S3_Day21,3,2015-08-21 23:59:59,2015-08-21,2.0,1,CURRENT_PHASE1_CORPUS_MONTH_TO_DATE_VINTAGE,17.3,9,3,6,3.0,1.0,5.0,5.0,12.0,2.0,10.0,13.0,1.1111111111111112,2.2222222222222223,0.3333333333333333,0.1111111111111111,0.5555555555555556,0.5555555555555556,0.3333333333333333,0.2222222222222222,4.5,6.5,3,0,0,2,1,2,0,0,0,0
2015-08,2015-08-01,S4_MonthEnd,4,2015-08-31 23:59:59,2015-08-31,2.0,1,CURRENT_PHASE1_CORPUS_MONTH_TO_DATE_VINTAGE,17.3,17,6,11,5.0,2.0,10.0,7.0,18.0,5.0,13.0,13.0,0.7647058823529411,1.2941176470588236,0.29411764705882354,0.11764705882352941,0.5882352941176471,0.4117647058823529,0.35294117647058826,0.17647058823529413,8.5,6.5,6,0,0,2,1,5,0,0,0,0
2015-09,2015-09-01,S1_Day7,1,2015-09-07 23:59:59,2015-09-06,2.0,1,CURRENT_PHASE1_CORPUS_MONTH_TO_DATE_VINTAGE,17.4,6,3,3,0.0,1.0,5.0,3.0,0.0,6.0,-6.0,-12.0,-1.0,1.3333333333333333,0.0,0.16666666666666666,0.8333333333333334,0.5,0.5,-0.16666666666666666,3.0,-6.0,2,0,0,1,0,1,0,0,0,0
2015-09,2015-09-01,S2_Day14,2,2015-09-14 23:59:59,2015-09-14,2.0,1,CURRENT_PHASE1_CORPUS_MONTH_TO_DATE_VINTAGE,17.4,9,6,3,0.0,1.0,8.0,5.0,3.0,9.0,-6.0,-12.0,-0.6666666666666666,2.111111111111111,0.0,0.1111111111111111,0.8888888888888888,0.5555555555555556,0.6666666666666666,-0.1111111111111111,4.5,-6.0,2,0,0,1,1,2,0,0,0,0
2015-09,2015-09-01,S3_Day21,3,2015-09-21 23:59:59,2015-09-18,2.0,1,CURRENT_PHASE1_CORPUS_MONTH_TO_DATE_VINTAGE,17.4,12,8,4,0.0,1.0,11.0,6.0,3.0,9.0,-6.0,-12.0,-0.5,1.6666666666666667,0.0,0.08333333333333333,0.9166666666666666,0.5,0.6666666666666666,-0.08333333333333333,6.0,-6.0,2,0,0,2,2,2,0,0,0,0
2015-09,2015-09-01,S4_MonthEnd,4,2015-09-30 23:59:59,2015-09-22,2.0,1,CURRENT_PHASE1_CORPUS_MONTH_TO_DATE_VINTAGE,17.4,13,8,5,0.0,2.0,11.0,6.0,3.0,13.0,-10.0,-16.0,-0.7692307692307693,1.5384615384615385,0.0,0.15384615384615385,0.8461538461538461,0.46153846153846156,0.6153846153846154,-0.15384615384615385,6.5,-8.0,2,0,0,2,2,2,1,0,0,0
2015-10,2015-10-01,S1_Day7,1,2015-10-07 23:59:59,2015-10-02,2.0,1,CURRENT_PHASE1_CORPUS_MONTH_TO_DATE_VINTAGE,17.4,1,1,0,0.0,0.0,1.0,0.0,0.0,0.0,0.0,0.0,0.0,0.0,0.0,0.0,1.0,0.0,1.0,0.0,0.5,0.0,0,0,0,1,0,0,0,0,0,0
2015-10,2015-10-01,S2_Day14,2,2015-10-14 23:59:59,2015-10-14,2.0,1,CURRENT_PHASE1_CORPUS_MONTH_TO_DATE_VINTAGE,17.4,3,2,1,1.0,0.0,2.0,1.0,4.0,0.0,4.0,4.0,1.3333333333333333,1.0,0.3333333333333333,0.0,0.6666666666666666,0.3333333333333333,0.6666666666666666,0.3333333333333333,1.5,2.0,0,0,0,2,0,0,0,0,0,0
2015-10,2015-10-01,S3_Day21,3,2015-10-21 23:59:59,2015-10-21,2.0,1,CURRENT_PHASE1_CORPUS_MONTH_TO_DATE_VINTAGE,17.4,5,3,2,1.0,0.0,4.0,2.0,4.0,0.0,4.0,4.0,0.8,1.0,0.2,0.0,0.8,0.4,0.6,0.2,2.5,2.0,1,0,0,3,0,0,0,0,0,0
2015-10,2015-10-01,S4_MonthEnd,4,2015-10-31 23:59:59,2015-10-30,2.0,1,CURRENT_PHASE1_CORPUS_MONTH_TO_DATE_VINTAGE,17.4,8,4,4,2.0,0.0,6.0,4.0,6.0,0.0,6.0,6.0,0.75,3.125,0.25,0.0,0.75,0.5,0.5,0.25,4.0,3.0,3,0,0,3,0,0,0,0,0,0
2015-11,2015-11-01,S1_Day7,1,2015-11-07 23:59:59,2015-11-05,2.0,1,CURRENT_PHASE1_CORPUS_MONTH_TO_DATE_VINTAGE,17.6,2,2,0,0.0,0.0,2.0,2.0,0.0,0.0,0.0,0.0,0.0,3.0,0.0,0.0,1.0,1.0,1.0,0.0,1.0,0.0,1,0,0,0,0,1,0,0,0,0
2015-11,2015-11-01,S2_Day14,2,2015-11-14 23:59:59,2015-11-13,2.0,1,CURRENT_PHASE1_CORPUS_MONTH_TO_DATE_VINTAGE,17.6,6,6,0,1.0,0.0,5.0,5.0,3.0,0.0,3.0,6.0,0.5,2.1666666666666665,0.16666666666666666,0.0,0.8333333333333334,0.8333333333333334,1.0,0.16666666666666666,3.0,3.0,1,0,0,3,0,2,0,0,0,0
2015-11,2015-11-01,S3_Day21,3,2015-11-21 23:59:59,2015-11-19,2.0,1,CURRENT_PHASE1_CORPUS_MONTH_TO_DATE_VINTAGE,17.6,10,9,1,3.0,0.0,7.0,8.0,9.0,0.0,9.0,18.0,0.9,2.8,0.3,0.0,0.7,0.8,0.9,0.3,5.0,9.0,3,0,0,4,0,2,0,0,0,0
2015-11,2015-11-01,S4_MonthEnd,4,2015-11-30 23:59:59,2015-11-27,2.0,1,CURRENT_PHASE1_CORPUS_MONTH_TO_DATE_VINTAGE,17.6,14,11,3,4.0,0.0,10.0,10.0,12.0,0.0,12.0,21.0,0.8571428571428571,2.642857142857143,0.2857142857142857,0.0,0.7142857142857143,0.7142857142857143,0.7857142857142857,0.2857142857142857,7.0,10.5,4,0,0,6,0,2,0,0,0,0
2015-12,2015-12-01,S1_Day7,1,2015-12-07 23:59:59,2015-12-03,2.0,1,CURRENT_PHASE1_CORPUS_MONTH_TO_DATE_VINTAGE,17.7,2,2,0,0.0,0.0,2.0,0.0,0.0,0.0,0.0,0.0,0.0,0.0,0.0,0.0,1.0,0.0,1.0,0.0,1.0,0.0,0,0,0,1,0,0,0,0,0,0
2015-12,2015-12-01,S2_Day14,2,2015-12-14 23:59:59,2015-12-10,2.0,1,CURRENT_PHASE1_CORPUS_MONTH_TO_DATE_VINTAGE,17.7,5,4,1,2.0,0.0,3.0,2.0,5.0,0.0,5.0,8.0,1.0,1.0,0.4,0.0,0.6,0.4,0.8,0.4,2.5,4.0,1,0,0,2,0,0,0,0,0,0
2015-12,2015-12-01,S3_Day21,3,2015-12-21 23:59:59,2015-12-18,2.0,1,CURRENT_PHASE1_CORPUS_MONTH_TO_DATE_VINTAGE,17.7,8,5,3,2.0,1.0,5.0,3.0,5.0,2.0,3.0,6.0,0.375,0.75,0.25,0.125,0.625,0.375,0.625,0.125,4.0,3.0,3,0,0,2,1,0,0,0,0,0
2015-12,2015-12-01,S4_MonthEnd,4,2015-12-31 23:59:59,2015-12-29,2.0,1,CURRENT_PHASE1_CORPUS_MONTH_TO_DATE_VINTAGE,17.7,9,5,4,2.0,1.0,6.0,4.0,5.0,2.0,3.0,6.0,0.3333333333333333,0.7777777777777778,0.2222222222222222,0.1111111111111111,0.6666666666666666,0.4444444444444444,0.5555555555555556,0.1111111111111111,4.5,3.0,3,0,0,3,1,0,0,0,0,0
2016-01,2016-01-01,S1_Day7,1,2016-01-07 23:59:59,2016-01-07,2.0,1,CURRENT_PHASE1_CORPUS_MONTH_TO_DATE_VINTAGE,19.0,3,1,2,2.0,1.0,0.0,1.0,10.0,3.0,7.0,4.0,2.3333333333333335,1.3333333333333333,0.6666666666666666,0.3333333333333333,0.0,0.3333333333333333,0.3333333333333333,0.3333333333333333,1.5,2.0,3,0,0,0,0,0,0,0,0,0
2016-01,2016-01-01,S2_Day14,2,2016-01-14 23:59:59,2016-01-13,2.0,1,CURRENT_PHASE1_CORPUS_MONTH_TO_DATE_VINTAGE,19.0,5,2,3,2.0,1.0,2.0,1.0,10.0,3.0,7.0,4.0,1.4,0.8,0.4,0.2,0.4,0.2,0.4,0.2,2.5,2.0,4,0,0,0,0,0,0,0,0,0
2016-01,2016-01-01,S3_Day21,3,2016-01-21 23:59:59,2016-01-20,2.0,1,CURRENT_PHASE1_CORPUS_MONTH_TO_DATE_VINTAGE,19.0,8,2,6,4.0,2.0,2.0,3.0,15.0,8.0,7.0,4.0,0.875,0.75,0.5,0.25,0.25,0.375,0.25,0.25,4.0,2.0,5,0,0,0,0,2,0,0,0,0
2016-01,2016-01-01,S4_MonthEnd,4,2016-01-31 23:59:59,2016-01-29,2.0,1,CURRENT_PHASE1_CORPUS_MONTH_TO_DATE_VINTAGE,19.0,16,6,10,7.0,2.0,7.0,6.0,22.0,8.0,14.0,16.0,0.875,0.8125,0.4375,0.125,0.4375,0.375,0.375,0.3125,8.0,8.0,8,0,0,1,2,2,0,0,0,0
2016-02,2016-02-01,S1_Day7,1,2016-02-07 23:59:59,2016-02-04,2.0,1,CURRENT_PHASE1_CORPUS_MONTH_TO_DATE_VINTAGE,18.5,3,1,2,1.0,1.0,1.0,0.0,2.0,2.0,0.0,0.0,0.0,0.0,0.3333333333333333,0.3333333333333333,0.3333333333333333,0.0,0.3333333333333333,0.0,1.5,0.0,2,0,0,0,0,0,0,0,0,0
2016-02,2016-02-01,S2_Day14,2,2016-02-14 23:59:59,2016-02-10,2.0,1,CURRENT_PHASE1_CORPUS_MONTH_TO_DATE_VINTAGE,18.5,4,2,2,1.0,1.0,2.0,0.0,2.0,2.0,0.0,0.0,0.0,0.0,0.25,0.25,0.5,0.0,0.5,0.0,2.0,0.0,2,0,0,0,0,0,0,0,0,0
2016-02,2016-02-01,S3_Day21,3,2016-02-21 23:59:59,2016-02-10,2.0,1,CURRENT_PHASE1_CORPUS_MONTH_TO_DATE_VINTAGE,18.5,4,2,2,1.0,1.0,2.0,0.0,2.0,2.0,0.0,0.0,0.0,0.0,0.25,0.25,0.5,0.0,0.5,0.0,2.0,0.0,2,0,0,0,0,0,0,0,0,0
2016-02,2016-02-01,S4_MonthEnd,4,2016-02-29 23:59:59,2016-02-28,2.0,1,CURRENT_PHASE1_CORPUS_MONTH_TO_DATE_VINTAGE,18.5,7,5,2,1.0,1.0,5.0,2.0,2.0,2.0,0.0,0.0,0.0,0.2857142857142857,0.14285714285714285,0.14285714285714285,0.7142857142857143,0.2857142857142857,0.7142857142857143,0.0,3.5,0.0,3,0,0,0,1,0,0,0,0,0
2016-03,2016-03-01,S1_Day7,1,2016-03-07 23:59:59,2016-03-06,2.0,1,CURRENT_PHASE1_CORPUS_MONTH_TO_DATE_VINTAGE,19.2,1,1,0,0.0,0.0,1.0,1.0,0.0,0.0,0.0,0.0,0.0,2.0,0.0,0.0,1.0,1.0,1.0,0.0,0.5,0.0,0,0,0,0,0,0,0,1,0,0
2016-03,2016-03-01,S2_Day14,2,2016-03-14 23:59:59,2016-03-10,2.0,1,CURRENT_PHASE1_CORPUS_MONTH_TO_DATE_VINTAGE,19.2,3,3,0,0.0,1.0,2.0,1.0,0.0,3.0,-3.0,-6.0,-1.0,0.6666666666666666,0.0,0.3333333333333333,0.6666666666666666,0.3333333333333333,1.0,-0.3333333333333333,1.5,-3.0,2,0,0,0,0,0,0,1,0,0
2016-03,2016-03-01,S3_Day21,3,2016-03-21 23:59:59,2016-03-21,2.0,1,CURRENT_PHASE1_CORPUS_MONTH_TO_DATE_VINTAGE,19.2,5,5,0,0.0,2.0,3.0,2.0,0.0,9.0,-9.0,-18.0,-1.8,2.2,0.0,0.4,0.6,0.4,1.0,-0.4,2.5,-9.0,2,0,0,0,2,0,0,1,0,0
2016-03,2016-03-01,S4_MonthEnd,4,2016-03-31 23:59:59,2016-03-31,2.0,1,CURRENT_PHASE1_CORPUS_MONTH_TO_DATE_VINTAGE,19.2,10,9,1,1.0,2.0,7.0,5.0,2.0,9.0,-7.0,-14.0,-0.7,1.9,0.1,0.2,0.7,0.5,0.9,-0.1,5.0,-7.0,3,0,0,0,4,1,0,1,0,0
2016-04,2016-04-01,S1_Day7,1,2016-04-07 23:59:59,2016-04-06,2.0,1,CURRENT_PHASE1_CORPUS_MONTH_TO_DATE_VINTAGE,18.7,1,0,1,0.0,0.0,1.0,0.0,0.0,0.0,0.0,0.0,0.0,0.0,0.0,0.0,1.0,0.0,0.0,0.0,0.5,0.0,1,0,0,0,0,0,0,0,0,0
2016-04,2016-04-01,S2_Day14,2,2016-04-14 23:59:59,2016-04-13,2.0,1,CURRENT_PHASE1_CORPUS_MONTH_TO_DATE_VINTAGE,18.7,3,2,1,1.0,0.0,2.0,1.0,6.0,0.0,6.0,12.0,2.0,0.3333333333333333,0.3333333333333333,0.0,0.6666666666666666,0.3333333333333333,0.6666666666666666,0.3333333333333333,1.5,6.0,2,0,0,0,0,0,0,0,0,1
2016-04,2016-04-01,S3_Day21,3,2016-04-21 23:59:59,2016-04-13,2.0,1,CURRENT_PHASE1_CORPUS_MONTH_TO_DATE_VINTAGE,18.7,3,2,1,1.0,0.0,2.0,1.0,6.0,0.0,6.0,12.0,2.0,0.3333333333333333,0.3333333333333333,0.0,0.6666666666666666,0.3333333333333333,0.6666666666666666,0.3333333333333333,1.5,6.0,2,0,0,0,0,0,0,0,0,1
2016-04,2016-04-01,S4_MonthEnd,4,2016-04-30 23:59:59,2016-04-25,2.0,1,CURRENT_PHASE1_CORPUS_MONTH_TO_DATE_VINTAGE,18.7,4,2,2,1.0,0.0,3.0,2.0,6.0,0.0,6.0,12.0,1.5,0.5,0.25,0.0,0.75,0.5,0.5,0.25,2.0,6.0,3,0,0,0,0,0,0,0,0,1
2016-05,2016-05-01,S1_Day7,1,2016-05-07 23:59:59,,2.0,1,CURRENT_PHASE1_CORPUS_MONTH_TO_DATE_VINTAGE,18.9,0,0,0,0.0,0.0,0.0,0.0,0.0,0.0,0.0,0.0,0.0,0.0,0.0,0.0,0.0,0.0,0.0,0.0,0.0,0.0,0,0,0,0,0,0,0,0,0,0
2016-05,2016-05-01,S2_Day14,2,2016-05-14 23:59:59,2016-05-12,2.0,1,CURRENT_PHASE1_CORPUS_MONTH_TO_DATE_VINTAGE,18.9,3,3,0,0.0,0.0,3.0,1.0,0.0,0.0,0.0,0.0,0.0,1.0,0.0,0.0,1.0,0.3333333333333333,1.0,0.0,1.5,0.0,1,0,0,1,0,0,0,0,0,0
2016-05,2016-05-01,S3_Day21,3,2016-05-21 23:59:59,2016-05-19,2.0,1,CURRENT_PHASE1_CORPUS_MONTH_TO_DATE_VINTAGE,18.9,6,6,0,1.0,1.0,4.0,2.0,9.0,12.0,-3.0,-6.0,-0.5,1.5,0.16666666666666666,0.16666666666666666,0.6666666666666666,0.3333333333333333,1.0,0.0,3.0,-3.0,1,0,0,1,0,1,0,0,0,1
2016-05,2016-05-01,S4_MonthEnd,4,2016-05-31 23:59:59,2016-05-26,2.0,1,CURRENT_PHASE1_CORPUS_MONTH_TO_DATE_VINTAGE,18.9,8,7,1,1.0,1.0,6.0,3.0,9.0,12.0,-3.0,-6.0,-0.375,1.375,0.125,0.125,0.75,0.375,0.875,0.0,4.0,-3.0,1,0,0,1,0,2,0,0,0,1
2016-06,2016-06-01,S1_Day7,1,2016-06-07 23:59:59,2016-06-01,2.0,1,CURRENT_PHASE1_CORPUS_MONTH_TO_DATE_VINTAGE,18.4,1,1,0,0.0,0.0,1.0,0.0,0.0,0.0,0.0,0.0,0.0,0.0,0.0,0.0,1.0,0.0,1.0,0.0,0.5,0.0,0,0,0,0,0,0,0,0,0,0
2016-06,2016-06-01,S2_Day14,2,2016-06-14 23:59:59,2016-06-09,2.0,1,CURRENT_PHASE1_CORPUS_MONTH_TO_DATE_VINTAGE,18.4,2,2,0,0.0,0.0,2.0,0.0,0.0,0.0,0.0,0.0,0.0,0.0,0.0,0.0,1.0,0.0,1.0,0.0,1.0,0.0,0,0,0,0,0,0,0,0,0,0
2016-06,2016-06-01,S3_Day21,3,2016-06-21 23:59:59,2016-06-20,2.0,1,CURRENT_PHASE1_CORPUS_MONTH_TO_DATE_VINTAGE,18.4,3,2,1,1.0,0.0,2.0,0.0,6.0,0.0,6.0,6.0,2.0,0.0,0.3333333333333333,0.0,0.6666666666666666,0.0,0.6666666666666666,0.3333333333333333,1.5,3.0,0,0,0,0,0,0,1,0,0,0
2016-06,2016-06-01,S4_MonthEnd,4,2016-06-30 23:59:59,2016-06-29,2.0,1,CURRENT_PHASE1_CORPUS_MONTH_TO_DATE_VINTAGE,18.4,7,5,2,2.0,0.0,5.0,2.0,9.0,0.0,9.0,12.0,1.2857142857142858,0.42857142857142855,0.2857142857142857,0.0,0.7142857142857143,0.2857142857142857,0.7142857142857143,0.2857142857142857,3.5,6.0,1,0,0,1,0,0,1,0,0,0
2016-07,2016-07-01,S1_Day7,1,2016-07-07 23:59:59,2016-07-04,2.0,1,CURRENT_PHASE1_CORPUS_MONTH_TO_DATE_VINTAGE,16.7,1,1,0,0.0,0.0,1.0,0.0,0.0,0.0,0.0,0.0,0.0,0.0,0.0,0.0,1.0,0.0,1.0,0.0,0.5,0.0,0,0,0,0,0,0,0,0,0,0
2016-07,2016-07-01,S2_Day14,2,2016-07-14 23:59:59,2016-07-13,2.0,1,CURRENT_PHASE1_CORPUS_MONTH_TO_DATE_VINTAGE,16.7,2,2,0,0.0,0.0,2.0,0.0,0.0,0.0,0.0,0.0,0.0,0.0,0.0,0.0,1.0,0.0,1.0,0.0,1.0,0.0,0,0,0,0,0,0,0,0,0,0
2016-07,2016-07-01,S3_Day21,3,2016-07-21 23:59:59,2016-07-21,2.0,1,CURRENT_PHASE1_CORPUS_MONTH_TO_DATE_VINTAGE,16.7,5,5,0,0.0,2.0,3.0,2.0,2.0,9.0,-7.0,-14.0,-1.4,1.0,0.0,0.4,0.6,0.4,1.0,-0.4,2.5,-7.0,0,0,0,1,1,0,1,0,0,0
2016-07,2016-07-01,S4_MonthEnd,4,2016-07-31 23:59:59,2016-07-29,2.0,1,CURRENT_PHASE1_CORPUS_MONTH_TO_DATE_VINTAGE,16.7,9,7,2,0.0,3.0,6.0,4.0,4.0,13.0,-9.0,-16.0,-1.0,1.0,0.0,0.3333333333333333,0.6666666666666666,0.4444444444444444,0.7777777777777778,-0.3333333333333333,4.5,-8.0,4,0,0,1,1,0,1,0,0,0
2016-08,2016-08-01,S1_Day7,1,2016-08-07 23:59:59,2016-08-01,2.0,1,CURRENT_PHASE1_CORPUS_MONTH_TO_DATE_VINTAGE,16.9,1,0,1,0.0,1.0,0.0,0.0,2.0,5.0,-3.0,-3.0,-3.0,0.0,0.0,1.0,0.0,0.0,0.0,-1.0,0.5,-1.5,1,0,0,0,0,0,0,0,0,0
2016-08,2016-08-01,S2_Day14,2,2016-08-14 23:59:59,2016-08-14,2.0,1,CURRENT_PHASE1_CORPUS_MONTH_TO_DATE_VINTAGE,16.9,3,2,1,0.0,2.0,1.0,1.0,2.0,7.0,-5.0,-7.0,-1.6666666666666667,1.3333333333333333,0.0,0.6666666666666666,0.3333333333333333,0.3333333333333333,0.6666666666666666,-0.6666666666666666,1.5,-3.5,1,0,0,1,0,0,1,0,0,0
2016-08,2016-08-01,S3_Day21,3,2016-08-21 23:59:59,2016-08-19,2.0,1,CURRENT_PHASE1_CORPUS_MONTH_TO_DATE_VINTAGE,16.9,6,3,3,0.0,2.0,4.0,3.0,2.0,7.0,-5.0,-7.0,-0.8333333333333334,1.0,0.0,0.3333333333333333,0.6666666666666666,0.5,0.5,-0.3333333333333333,3.0,-3.5,3,0,0,2,0,0,1,0,0,0
2016-08,2016-08-01,S4_MonthEnd,4,2016-08-31 23:59:59,2016-08-30,2.0,1,CURRENT_PHASE1_CORPUS_MONTH_TO_DATE_VINTAGE,16.9,9,5,4,2.0,2.0,5.0,4.0,7.0,7.0,0.0,3.0,0.0,1.3333333333333333,0.2222222222222222,0.2222222222222222,0.5555555555555556,0.4444444444444444,0.5555555555555556,0.0,4.5,1.5,3,0,0,2,1,0,2,0,0,0
2016-09,2016-09-01,S1_Day7,1,2016-09-07 23:59:59,2016-09-07,2.0,1,CURRENT_PHASE1_CORPUS_MONTH_TO_DATE_VINTAGE,17.2,2,0,2,1.0,1.0,0.0,2.0,2.0,2.0,0.0,0.0,0.0,3.0,0.5,0.5,0.0,1.0,0.0,0.0,1.0,0.0,1,0,0,1,0,0,0,0,0,0
2016-09,2016-09-01,S2_Day14,2,2016-09-14 23:59:59,2016-09-14,2.0,1,CURRENT_PHASE1_CORPUS_MONTH_TO_DATE_VINTAGE,17.2,3,1,2,2.0,1.0,0.0,2.0,8.0,2.0,6.0,12.0,2.0,2.0,0.6666666666666666,0.3333333333333333,0.0,0.6666666666666666,0.3333333333333333,0.3333333333333333,1.5,6.0,1,0,0,1,0,0,0,0,0,0
2016-09,2016-09-01,S3_Day21,3,2016-09-21 23:59:59,2016-09-20,2.0,1,CURRENT_PHASE1_CORPUS_MONTH_TO_DATE_VINTAGE,17.2,7,3,4,3.0,1.0,3.0,2.0,10.0,2.0,8.0,14.0,1.1428571428571428,0.8571428571428571,0.42857142857142855,0.14285714285714285,0.42857142857142855,0.2857142857142857,0.42857142857142855,0.2857142857142857,3.5,7.0,2,0,0,2,2,0,0,0,0,0
2016-09,2016-09-01,S4_MonthEnd,4,2016-09-30 23:59:59,2016-09-26,2.0,1,CURRENT_PHASE1_CORPUS_MONTH_TO_DATE_VINTAGE,17.2,9,4,5,4.0,1.0,4.0,4.0,12.0,2.0,10.0,16.0,1.1111111111111112,0.8888888888888888,0.4444444444444444,0.1111111111111111,0.4444444444444444,0.4444444444444444,0.4444444444444444,0.3333333333333333,4.5,8.0,3,0,0,2,3,0,0,0,0,0
2016-10,2016-10-01,S1_Day7,1,2016-10-07 23:59:59,2016-10-05,2.0,1,CURRENT_PHASE1_CORPUS_MONTH_TO_DATE_VINTAGE,15.8,3,2,1,0.0,1.0,2.0,0.0,0.0,5.0,-5.0,-5.0,-1.6666666666666667,0.0,0.0,0.3333333333333333,0.6666666666666666,0.0,0.6666666666666666,-0.3333333333333333,1.5,-2.5,1,0,0,1,0,0,0,0,0,0
2016-10,2016-10-01,S2_Day14,2,2016-10-14 23:59:59,2016-10-14,2.0,1,CURRENT_PHASE1_CORPUS_MONTH_TO_DATE_VINTAGE,15.8,6,4,2,0.0,1.0,5.0,0.0,0.0,5.0,-5.0,-5.0,-0.8333333333333334,0.0,0.0,0.16666666666666666,0.8333333333333334,0.0,0.6666666666666666,-0.16666666666666666,3.0,-2.5,1,0,0,1,0,1,0,0,0,0
2016-10,2016-10-01,S3_Day21,3,2016-10-21 23:59:59,2016-10-19,2.0,1,CURRENT_PHASE1_CORPUS_MONTH_TO_DATE_VINTAGE,15.8,8,6,2,0.0,1.0,7.0,0.0,0.0,5.0,-5.0,-5.0,-0.625,0.0,0.0,0.125,0.875,0.0,0.75,-0.125,4.0,-2.5,1,0,0,2,0,1,0,0,0,0
2016-10,2016-10-01,S4_MonthEnd,4,2016-10-31 23:59:59,2016-10-31,2.0,1,CURRENT_PHASE1_CORPUS_MONTH_TO_DATE_VINTAGE,15.8,11,8,3,0.0,1.0,10.0,2.0,0.0,5.0,-5.0,-5.0,-0.45454545454545453,0.7272727272727273,0.0,0.09090909090909091,0.9090909090909091,0.18181818181818182,0.7272727272727273,-0.09090909090909091,5.5,-2.5,3,0,0,2,0,1,0,0,0,0
2016-11,2016-11-01,S1_Day7,1,2016-11-07 23:59:59,2016-11-02,2.0,1,CURRENT_PHASE1_CORPUS_MONTH_TO_DATE_VINTAGE,15.5,2,1,1,0.0,1.0,1.0,0.0,0.0,2.0,-2.0,-2.0,-1.0,0.0,0.0,0.5,0.5,0.0,0.5,-0.5,1.0,-1.0,1,0,0,0,0,0,0,0,0,0
2016-11,2016-11-01,S2_Day14,2,2016-11-14 23:59:59,2016-11-14,2.0,1,CURRENT_PHASE1_CORPUS_MONTH_TO_DATE_VINTAGE,15.5,6,5,1,1.0,1.0,4.0,1.0,5.0,2.0,3.0,8.0,0.5,0.3333333333333333,0.16666666666666666,0.16666666666666666,0.6666666666666666,0.16666666666666666,0.8333333333333334,0.0,3.0,4.0,1,0,1,0,0,0,1,0,0,0
2016-11,2016-11-01,S3_Day21,3,2016-11-21 23:59:59,2016-11-21,2.0,1,CURRENT_PHASE1_CORPUS_MONTH_TO_DATE_VINTAGE,15.5,10,6,4,1.0,3.0,6.0,3.0,5.0,10.0,-5.0,-6.0,-0.5,0.8,0.1,0.3,0.6,0.3,0.6,-0.2,5.0,-3.0,2,0,1,0,2,1,1,0,0,0
2016-11,2016-11-01,S4_MonthEnd,4,2016-11-30 23:59:59,2016-11-28,2.0,1,CURRENT_PHASE1_CORPUS_MONTH_TO_DATE_VINTAGE,15.5,13,8,5,2.0,4.0,7.0,5.0,9.0,13.0,-4.0,-3.0,-0.3076923076923077,1.0,0.15384615384615385,0.3076923076923077,0.5384615384615384,0.38461538461538464,0.6153846153846154,-0.15384615384615385,6.5,-1.5,2,0,1,0,3,3,1,0,0,0
2016-12,2016-12-01,S1_Day7,1,2016-12-07 23:59:59,,2.0,1,CURRENT_PHASE1_CORPUS_MONTH_TO_DATE_VINTAGE,15.4,0,0,0,0.0,0.0,0.0,0.0,0.0,0.0,0.0,0.0,0.0,0.0,0.0,0.0,0.0,0.0,0.0,0.0,0.0,0.0,0,0,0,0,0,0,0,0,0,0
2016-12,2016-12-01,S2_Day14,2,2016-12-14 23:59:59,2016-12-14,2.0,1,CURRENT_PHASE1_CORPUS_MONTH_TO_DATE_VINTAGE,15.4,3,3,0,0.0,0.0,3.0,2.0,0.0,0.0,0.0,0.0,0.0,2.0,0.0,0.0,1.0,0.6666666666666666,1.0,0.0,1.5,0.0,0,0,0,0,0,1,0,0,0,0
2016-12,2016-12-01,S3_Day21,3,2016-12-21 23:59:59,2016-12-21,2.0,1,CURRENT_PHASE1_CORPUS_MONTH_TO_DATE_VINTAGE,15.4,7,7,0,0.0,0.0,7.0,3.0,0.0,0.0,0.0,0.0,0.0,1.1428571428571428,0.0,0.0,1.0,0.42857142857142855,1.0,0.0,3.5,0.0,0,0,0,1,0,1,0,0,0,0
2016-12,2016-12-01,S4_MonthEnd,4,2016-12-31 23:59:59,2016-12-29,2.0,1,CURRENT_PHASE1_CORPUS_MONTH_TO_DATE_VINTAGE,15.4,9,9,0,0.0,0.0,9.0,3.0,0.0,0.0,0.0,0.0,0.0,0.8888888888888888,0.0,0.0,1.0,0.3333333333333333,1.0,0.0,4.5,0.0,0,0,0,1,0,1,0,0,0,0
2017-01,2017-01-01,S1_Day7,1,2017-01-07 23:59:59,2017-01-07,2.0,1,CURRENT_PHASE1_CORPUS_MONTH_TO_DATE_VINTAGE,13.4,2,1,1,0.0,0.0,2.0,2.0,0.0,0.0,0.0,0.0,0.0,2.0,0.0,0.0,1.0,1.0,0.5,0.0,1.0,0.0,0,0,0,0,1,1,0,0,0,0
2017-01,2017-01-01,S2_Day14,2,2017-01-14 23:59:59,2017-01-13,2.0,1,CURRENT_PHASE1_CORPUS_MONTH_TO_DATE_VINTAGE,13.4,4,3,1,0.0,0.0,4.0,3.0,0.0,0.0,0.0,0.0,0.0,1.25,0.0,0.0,1.0,0.75,0.75,0.0,2.0,0.0,0,0,0,0,1,1,0,0,0,0
2017-01,2017-01-01,S3_Day21,3,2017-01-21 23:59:59,2017-01-21,2.0,1,CURRENT_PHASE1_CORPUS_MONTH_TO_DATE_VINTAGE,13.4,9,5,4,3.0,0.0,6.0,6.0,14.0,0.0,14.0,20.0,1.5555555555555556,1.1111111111111112,0.3333333333333333,0.0,0.6666666666666666,0.6666666666666666,0.5555555555555556,0.3333333333333333,4.5,10.0,0,0,0,1,1,5,0,0,0,0
2017-01,2017-01-01,S4_MonthEnd,4,2017-01-31 23:59:59,2017-01-26,2.0,1,CURRENT_PHASE1_CORPUS_MONTH_TO_DATE_VINTAGE,13.4,11,7,4,3.0,1.0,7.0,7.0,14.0,3.0,11.0,14.0,1.0,1.4545454545454546,0.2727272727272727,0.09090909090909091,0.6363636363636364,0.6363636363636364,0.6363636363636364,0.18181818181818182,5.5,7.0,1,0,0,1,1,5,0,0,0,0
2017-02,2017-02-01,S1_Day7,1,2017-02-07 23:59:59,2017-02-06,2.0,1,CURRENT_PHASE1_CORPUS_MONTH_TO_DATE_VINTAGE,13.2,4,1,3,2.0,0.0,2.0,4.0,4.0,0.0,4.0,6.0,1.0,1.25,0.5,0.0,0.5,1.0,0.25,0.5,2.0,3.0,1,0,0,2,0,1,0,0,0,0
2017-02,2017-02-01,S2_Day14,2,2017-02-14 23:59:59,2017-02-12,2.0,1,CURRENT_PHASE1_CORPUS_MONTH_TO_DATE_VINTAGE,13.2,6,3,3,2.0,0.0,4.0,6.0,4.0,0.0,4.0,6.0,0.6666666666666666,1.5,0.3333333333333333,0.0,0.6666666666666666,1.0,0.5,0.3333333333333333,3.0,3.0,1,0,0,2,0,3,0,0,0,0
2017-02,2017-02-01,S3_Day21,3,2017-02-21 23:59:59,2017-02-16,2.0,1,CURRENT_PHASE1_CORPUS_MONTH_TO_DATE_VINTAGE,13.2,9,5,4,2.0,0.0,7.0,7.0,4.0,0.0,4.0,6.0,0.4444444444444444,1.3333333333333333,0.2222222222222222,0.0,0.7777777777777778,0.7777777777777778,0.5555555555555556,0.2222222222222222,4.5,3.0,2,0,0,2,1,4,0,0,0,0
2017-02,2017-02-01,S4_MonthEnd,4,2017-02-28 23:59:59,2017-02-25,2.0,1,CURRENT_PHASE1_CORPUS_MONTH_TO_DATE_VINTAGE,13.2,10,5,5,2.0,0.0,8.0,8.0,4.0,0.0,4.0,6.0,0.4,1.3,0.2,0.0,0.8,0.8,0.5,0.2,5.0,3.0,3,0,0,2,1,4,0,0,0,0
2017-03,2017-03-01,S1_Day7,1,2017-03-07 23:59:59,,2.0,1,CURRENT_PHASE1_CORPUS_MONTH_TO_DATE_VINTAGE,12.8,0,0,0,0.0,0.0,0.0,0.0,0.0,0.0,0.0,0.0,0.0,0.0,0.0,0.0,0.0,0.0,0.0,0.0,0.0,0.0,0,0,0,0,0,0,0,0,0,0
2017-03,2017-03-01,S2_Day14,2,2017-03-14 23:59:59,2017-03-10,2.0,1,CURRENT_PHASE1_CORPUS_MONTH_TO_DATE_VINTAGE,12.8,2,0,2,1.0,0.0,1.0,2.0,6.0,0.0,6.0,6.0,3.0,1.0,0.5,0.0,0.5,1.0,0.0,0.5,1.0,3.0,0,0,0,2,0,0,0,0,0,0
2017-03,2017-03-01,S3_Day21,3,2017-03-21 23:59:59,2017-03-21,2.0,1,CURRENT_PHASE1_CORPUS_MONTH_TO_DATE_VINTAGE,12.8,6,1,5,1.0,0.0,5.0,3.0,6.0,0.0,6.0,6.0,1.0,0.5,0.16666666666666666,0.0,0.8333333333333334,0.5,0.16666666666666666,0.16666666666666666,3.0,3.0,2,0,0,4,0,0,0,0,0,0
2017-03,2017-03-01,S4_MonthEnd,4,2017-03-31 23:59:59,2017-03-28,2.0,1,CURRENT_PHASE1_CORPUS_MONTH_TO_DATE_VINTAGE,12.8,10,4,6,2.0,2.0,6.0,6.0,12.0,12.0,0.0,-6.0,0.0,1.5,0.2,0.2,0.6,0.6,0.4,0.0,5.0,-3.0,2,0,0,4,2,0,1,0,0,1
2017-04,2017-04-01,S1_Day7,1,2017-04-07 23:59:59,2017-04-04,2.0,1,CURRENT_PHASE1_CORPUS_MONTH_TO_DATE_VINTAGE,13.0,1,0,1,0.0,0.0,1.0,0.0,0.0,0.0,0.0,0.0,0.0,0.0,0.0,0.0,1.0,0.0,0.0,0.0,0.5,0.0,1,0,0,0,0,0,0,0,0,0
2017-04,2017-04-01,S2_Day14,2,2017-04-14 23:59:59,2017-04-14,2.0,1,CURRENT_PHASE1_CORPUS_MONTH_TO_DATE_VINTAGE,13.0,6,2,4,0.0,0.0,6.0,2.0,0.0,0.0,0.0,0.0,0.0,0.6666666666666666,0.0,0.0,1.0,0.3333333333333333,0.3333333333333333,0.0,3.0,0.0,1,0,0,3,0,1,0,0,0,0
2017-04,2017-04-01,S3_Day21,3,2017-04-21 23:59:59,2017-04-19,2.0,1,CURRENT_PHASE1_CORPUS_MONTH_TO_DATE_VINTAGE,13.0,8,3,5,0.0,1.0,7.0,3.0,0.0,3.0,-3.0,-3.0,-0.375,0.625,0.0,0.125,0.875,0.375,0.375,-0.125,4.0,-1.5,2,0,0,3,0,2,0,0,0,0
2017-04,2017-04-01,S4_MonthEnd,4,2017-04-30 23:59:59,2017-04-22,2.0,1,CURRENT_PHASE1_CORPUS_MONTH_TO_DATE_VINTAGE,13.0,9,3,6,1.0,1.0,7.0,3.0,2.0,3.0,-1.0,-1.0,-0.1111111111111111,0.5555555555555556,0.1111111111111111,0.1111111111111111,0.7777777777777778,0.3333333333333333,0.3333333333333333,0.0,4.5,-0.5,3,0,0,3,0,2,0,0,0,0
2017-05,2017-05-01,S1_Day7,1,2017-05-07 23:59:59,2017-05-04,2.0,1,CURRENT_PHASE1_CORPUS_MONTH_TO_DATE_VINTAGE,12.6,1,0,1,0.0,1.0,0.0,0.0,0.0,2.0,-2.0,-2.0,-2.0,0.0,0.0,1.0,0.0,0.0,0.0,-1.0,0.5,-1.0,1,0,0,0,0,0,0,0,0,0
2017-05,2017-05-01,S2_Day14,2,2017-05-14 23:59:59,2017-05-12,2.0,1,CURRENT_PHASE1_CORPUS_MONTH_TO_DATE_VINTAGE,12.6,3,2,1,0.0,2.0,1.0,1.0,0.0,5.0,-5.0,-8.0,-1.6666666666666667,1.3333333333333333,0.0,0.6666666666666666,0.3333333333333333,0.3333333333333333,0.6666666666666666,-0.6666666666666666,1.5,-4.0,1,0,0,0,0,1,0,0,0,0
2017-05,2017-05-01,S3_Day21,3,2017-05-21 23:59:59,2017-05-16,2.0,1,CURRENT_PHASE1_CORPUS_MONTH_TO_DATE_VINTAGE,12.6,4,2,2,0.0,3.0,1.0,2.0,0.0,8.0,-8.0,-11.0,-2.0,1.25,0.0,0.75,0.25,0.5,0.5,-0.75,2.0,-5.5,1,0,0,0,0,2,0,0,0,0
2017-05,2017-05-01,S4_MonthEnd,4,2017-05-31 23:59:59,2017-05-22,2.0,1,CURRENT_PHASE1_CORPUS_MONTH_TO_DATE_VINTAGE,12.6,6,4,2,1.0,3.0,2.0,3.0,3.0,8.0,-5.0,-5.0,-0.8333333333333334,1.5,0.16666666666666666,0.5,0.3333333333333333,0.5,0.6666666666666666,-0.3333333333333333,3.0,-2.5,1,0,0,0,1,2,0,0,0,1
2017-06,2017-06-01,S1_Day7,1,2017-06-07 23:59:59,2017-06-01,2.0,1,CURRENT_PHASE1_CORPUS_MONTH_TO_DATE_VINTAGE,12.1,1,0,1,1.0,0.0,0.0,0.0,8.0,0.0,8.0,8.0,8.0,0.0,1.0,0.0,0.0,0.0,0.0,1.0,0.5,4.0,1,0,0,0,0,0,0,0,0,0
2017-06,2017-06-01,S2_Day14,2,2017-06-14 23:59:59,2017-06-14,2.0,1,CURRENT_PHASE1_CORPUS_MONTH_TO_DATE_VINTAGE,12.1,2,1,1,1.0,0.0,1.0,0.0,8.0,0.0,8.0,8.0,4.0,0.0,0.5,0.0,0.5,0.0,0.5,0.5,1.0,4.0,2,0,0,0,0,0,0,0,0,0
2017-06,2017-06-01,S3_Day21,3,2017-06-21 23:59:59,2017-06-20,2.0,1,CURRENT_PHASE1_CORPUS_MONTH_TO_DATE_VINTAGE,12.1,3,1,2,1.0,1.0,1.0,1.0,8.0,2.0,6.0,6.0,2.0,0.3333333333333333,0.3333333333333333,0.3333333333333333,0.3333333333333333,0.3333333333333333,0.3333333333333333,0.0,1.5,3.0,3,0,0,0,0,0,0,0,0,0
2017-06,2017-06-01,S4_MonthEnd,4,2017-06-30 23:59:59,2017-06-20,2.0,1,CURRENT_PHASE1_CORPUS_MONTH_TO_DATE_VINTAGE,12.1,3,1,2,1.0,1.0,1.0,1.0,8.0,2.0,6.0,6.0,2.0,0.3333333333333333,0.3333333333333333,0.3333333333333333,0.3333333333333333,0.3333333333333333,0.3333333333333333,0.0,1.5,3.0,3,0,0,0,0,0,0,0,0,0
2017-07,2017-07-01,S1_Day7,1,2017-07-07 23:59:59,2017-07-07,2.0,1,CURRENT_PHASE1_CORPUS_MONTH_TO_DATE_VINTAGE,11.9,4,1,3,1.0,0.0,3.0,2.0,3.0,0.0,3.0,3.0,0.75,2.25,0.25,0.0,0.75,0.5,0.25,0.25,2.0,1.5,1,0,1,0,0,1,0,0,0,0
2017-07,2017-07-01,S2_Day14,2,2017-07-14 23:59:59,2017-07-12,2.0,1,CURRENT_PHASE1_CORPUS_MONTH_TO_DATE_VINTAGE,11.9,7,3,4,1.0,2.0,4.0,3.0,3.0,7.0,-4.0,-9.0,-0.5714285714285714,1.4285714285714286,0.14285714285714285,0.2857142857142857,0.5714285714285714,0.42857142857142855,0.42857142857142855,-0.14285714285714285,3.5,-4.5,2,0,1,0,0,1,1,1,0,0
2017-07,2017-07-01,S3_Day21,3,2017-07-21 23:59:59,2017-07-21,2.0,1,CURRENT_PHASE1_CORPUS_MONTH_TO_DATE_VINTAGE,11.9,12,4,8,1.0,2.0,9.0,3.0,3.0,7.0,-4.0,-9.0,-0.3333333333333333,0.8333333333333334,0.08333333333333333,0.16666666666666666,0.75,0.25,0.3333333333333333,-0.08333333333333333,6.0,-4.5,3,0,1,1,1,3,1,1,0,0
2017-07,2017-07-01,S4_MonthEnd,4,2017-07-31 23:59:59,2017-07-31,2.0,1,CURRENT_PHASE1_CORPUS_MONTH_TO_DATE_VINTAGE,11.9,21,10,11,2.0,5.0,14.0,8.0,9.0,19.0,-10.0,-23.0,-0.47619047619047616,1.2857142857142858,0.09523809523809523,0.23809523809523808,0.6666666666666666,0.38095238095238093,0.47619047619047616,-0.14285714285714285,10.5,-11.5,5,0,1,6,3,3,1,1,0,0
2017-08,2017-08-01,S1_Day7,1,2017-08-07 23:59:59,2017-08-07,2.0,1,CURRENT_PHASE1_CORPUS_MONTH_TO_DATE_VINTAGE,12.3,3,0,3,1.0,0.0,2.0,0.0,2.0,0.0,2.0,2.0,0.6666666666666666,0.0,0.3333333333333333,0.0,0.6666666666666666,0.0,0.0,0.3333333333333333,1.5,1.0,1,0,0,0,0,1,1,0,0,0
2017-08,2017-08-01,S2_Day14,2,2017-08-14 23:59:59,2017-08-09,2.0,1,CURRENT_PHASE1_CORPUS_MONTH_TO_DATE_VINTAGE,12.3,6,2,4,1.0,1.0,4.0,2.0,2.0,3.0,-1.0,-4.0,-0.16666666666666666,0.8333333333333334,0.16666666666666666,0.16666666666666666,0.6666666666666666,0.3333333333333333,0.3333333333333333,0.0,3.0,-2.0,1,0,0,1,0,2,1,0,0,0
2017-08,2017-08-01,S3_Day21,3,2017-08-21 23:59:59,2017-08-09,2.0,1,CURRENT_PHASE1_CORPUS_MONTH_TO_DATE_VINTAGE,12.3,6,2,4,1.0,1.0,4.0,2.0,2.0,3.0,-1.0,-4.0,-0.16666666666666666,0.8333333333333334,0.16666666666666666,0.16666666666666666,0.6666666666666666,0.3333333333333333,0.3333333333333333,0.0,3.0,-2.0,1,0,0,1,0,2,1,0,0,0
2017-08,2017-08-01,S4_MonthEnd,4,2017-08-31 23:59:59,2017-08-09,2.0,1,CURRENT_PHASE1_CORPUS_MONTH_TO_DATE_VINTAGE,12.3,6,2,4,1.0,1.0,4.0,2.0,2.0,3.0,-1.0,-4.0,-0.16666666666666666,0.8333333333333334,0.16666666666666666,0.16666666666666666,0.6666666666666666,0.3333333333333333,0.3333333333333333,0.0,3.0,-2.0,1,0,0,1,0,2,1,0,0,0
2017-09,2017-09-01,S1_Day7,1,2017-09-07 23:59:59,2017-09-04,2.0,1,CURRENT_PHASE1_CORPUS_MONTH_TO_DATE_VINTAGE,12.2,1,1,0,0.0,0.0,1.0,1.0,0.0,0.0,0.0,0.0,0.0,2.0,0.0,0.0,1.0,1.0,1.0,0.0,0.5,0.0,0,0,0,1,0,0,0,0,0,0
2017-09,2017-09-01,S2_Day14,2,2017-09-14 23:59:59,2017-09-13,2.0,1,CURRENT_PHASE1_CORPUS_MONTH_TO_DATE_VINTAGE,12.2,3,3,0,1.0,0.0,2.0,2.0,3.0,0.0,3.0,6.0,1.0,1.3333333333333333,0.3333333333333333,0.0,0.6666666666666666,0.6666666666666666,1.0,0.3333333333333333,1.5,3.0,1,0,0,1,0,0,0,0,0,0
2017-09,2017-09-01,S3_Day21,3,2017-09-21 23:59:59,2017-09-20,2.0,1,CURRENT_PHASE1_CORPUS_MONTH_TO_DATE_VINTAGE,12.2,6,5,1,1.0,0.0,5.0,4.0,3.0,0.0,3.0,6.0,0.5,1.6666666666666667,0.16666666666666666,0.0,0.8333333333333334,0.6666666666666666,0.8333333333333334,0.16666666666666666,3.0,3.0,3,0,0,2,0,0,0,0,0,0
2017-09,2017-09-01,S4_MonthEnd,4,2017-09-30 23:59:59,2017-09-29,2.0,1,CURRENT_PHASE1_CORPUS_MONTH_TO_DATE_VINTAGE,12.2,10,7,3,2.0,0.0,8.0,5.0,8.0,2.0,6.0,12.0,0.6,1.2,0.2,0.0,0.8,0.5,0.7,0.2,5.0,6.0,5,0,0,2,1,0,0,0,0,0
2017-10,2017-10-01,S1_Day7,1,2017-10-07 23:59:59,2017-10-05,2.0,1,CURRENT_PHASE1_CORPUS_MONTH_TO_DATE_VINTAGE,11.6,1,1,0,0.0,0.0,1.0,1.0,0.0,0.0,0.0,0.0,0.0,6.0,0.0,0.0,1.0,1.0,1.0,0.0,0.5,0.0,1,0,0,0,0,0,0,0,0,0
2017-10,2017-10-01,S2_Day14,2,2017-10-14 23:59:59,2017-10-13,2.0,1,CURRENT_PHASE1_CORPUS_MONTH_TO_DATE_VINTAGE,11.6,3,1,2,0.0,0.0,3.0,2.0,0.0,0.0,0.0,0.0,0.0,2.3333333333333335,0.0,0.0,1.0,0.6666666666666666,0.3333333333333333,0.0,1.5,0.0,1,0,0,1,0,1,0,0,0,0
2017-10,2017-10-01,S3_Day21,3,2017-10-21 23:59:59,2017-10-13,2.0,1,CURRENT_PHASE1_CORPUS_MONTH_TO_DATE_VINTAGE,11.6,3,1,2,0.0,0.0,3.0,2.0,0.0,0.0,0.0,0.0,0.0,2.3333333333333335,0.0,0.0,1.0,0.6666666666666666,0.3333333333333333,0.0,1.5,0.0,1,0,0,1,0,1,0,0,0,0
2017-10,2017-10-01,S4_MonthEnd,4,2017-10-31 23:59:59,2017-10-30,2.0,1,CURRENT_PHASE1_CORPUS_MONTH_TO_DATE_VINTAGE,11.6,5,1,4,0.0,0.0,5.0,3.0,0.0,0.0,0.0,0.0,0.0,1.8,0.0,0.0,1.0,0.6,0.2,0.0,2.5,0.0,3,0,0,1,0,1,0,0,0,0
2017-11,2017-11-01,S1_Day7,1,2017-11-07 23:59:59,2017-11-07,2.0,1,CURRENT_PHASE1_CORPUS_MONTH_TO_DATE_VINTAGE,11.7,2,1,1,0.0,0.0,2.0,1.0,0.0,0.0,0.0,0.0,0.0,0.5,0.0,0.0,1.0,0.5,0.5,0.0,1.0,0.0,0,0,0,2,0,0,0,0,0,0
2017-11,2017-11-01,S2_Day14,2,2017-11-14 23:59:59,2017-11-14,2.0,1,CURRENT_PHASE1_CORPUS_MONTH_TO_DATE_VINTAGE,11.7,6,2,4,2.0,1.0,3.0,3.0,5.0,9.0,-4.0,-13.0,-0.6666666666666666,0.5,0.3333333333333333,0.16666666666666666,0.5,0.5,0.3333333333333333,0.16666666666666666,3.0,-6.5,1,0,0,2,0,2,0,0,0,0
2017-11,2017-11-01,S3_Day21,3,2017-11-21 23:59:59,2017-11-15,2.0,1,CURRENT_PHASE1_CORPUS_MONTH_TO_DATE_VINTAGE,11.7,9,5,4,2.0,1.0,6.0,4.0,5.0,9.0,-4.0,-13.0,-0.4444444444444444,0.4444444444444444,0.2222222222222222,0.1111111111111111,0.6666666666666666,0.4444444444444444,0.5555555555555556,0.1111111111111111,4.5,-6.5,3,0,0,3,0,2,0,0,0,0
2017-11,2017-11-01,S4_MonthEnd,4,2017-11-30 23:59:59,2017-11-30,2.0,1,CURRENT_PHASE1_CORPUS_MONTH_TO_DATE_VINTAGE,11.7,14,8,6,2.0,2.0,10.0,4.0,5.0,11.0,-6.0,-15.0,-0.42857142857142855,0.2857142857142857,0.14285714285714285,0.14285714285714285,0.7142857142857143,0.2857142857142857,0.5714285714285714,0.0,7.0,-7.5,4,0,0,4,3,2,0,0,0,0
2017-12,2017-12-01,S1_Day7,1,2017-12-07 23:59:59,2017-12-04,2.0,1,CURRENT_PHASE1_CORPUS_MONTH_TO_DATE_VINTAGE,11.8,1,1,0,0.0,0.0,1.0,1.0,0.0,0.0,0.0,0.0,0.0,1.0,0.0,0.0,1.0,1.0,1.0,0.0,0.5,0.0,0,0,0,1,0,0,0,0,0,0
2017-12,2017-12-01,S2_Day14,2,2017-12-14 23:59:59,2017-12-11,2.0,1,CURRENT_PHASE1_CORPUS_MONTH_TO_DATE_VINTAGE,11.8,3,2,1,0.0,1.0,2.0,1.0,0.0,3.0,-3.0,-6.0,-1.0,0.3333333333333333,0.0,0.3333333333333333,0.6666666666666666,0.3333333333333333,0.6666666666666666,-0.3333333333333333,1.5,-3.0,0,0,0,2,0,0,0,0,0,0
2017-12,2017-12-01,S3_Day21,3,2017-12-21 23:59:59,2017-12-19,2.0,1,CURRENT_PHASE1_CORPUS_MONTH_TO_DATE_VINTAGE,11.8,4,3,1,0.0,1.0,3.0,1.0,0.0,3.0,-3.0,-6.0,-0.75,0.25,0.0,0.25,0.75,0.25,0.75,-0.25,2.0,-3.0,0,0,0,2,1,0,0,0,0,0
2017-12,2017-12-01,S4_MonthEnd,4,2017-12-31 23:59:59,2017-12-19,2.0,1,CURRENT_PHASE1_CORPUS_MONTH_TO_DATE_VINTAGE,11.8,4,3,1,0.0,1.0,3.0,1.0,0.0,3.0,-3.0,-6.0,-0.75,0.25,0.0,0.25,0.75,0.25,0.75,-0.25,2.0,-3.0,0,0,0,2,1,0,0,0,0,0
2018-01,2018-01-01,S1_Day7,1,2018-01-07 23:59:59,2018-01-04,2.0,1,CURRENT_PHASE1_CORPUS_MONTH_TO_DATE_VINTAGE,10.4,3,1,2,0.0,0.0,3.0,3.0,0.0,0.0,0.0,0.0,0.0,3.3333333333333335,0.0,0.0,1.0,1.0,0.3333333333333333,0.0,1.5,0.0,2,0,0,0,0,1,0,0,0,0
2018-01,2018-01-01,S2_Day14,2,2018-01-14 23:59:59,2018-01-10,2.0,1,CURRENT_PHASE1_CORPUS_MONTH_TO_DATE_VINTAGE,10.4,6,3,3,0.0,0.0,6.0,4.0,0.0,0.0,0.0,0.0,0.0,2.0,0.0,0.0,1.0,0.6666666666666666,0.5,0.0,3.0,0.0,3,0,0,0,0,1,0,0,0,0
2018-01,2018-01-01,S3_Day21,3,2018-01-21 23:59:59,2018-01-18,2.0,1,CURRENT_PHASE1_CORPUS_MONTH_TO_DATE_VINTAGE,10.4,10,5,5,0.0,1.0,9.0,4.0,0.0,3.0,-3.0,-3.0,-0.3,1.2,0.0,0.1,0.9,0.4,0.5,-0.1,5.0,-1.5,5,0,0,0,0,1,0,0,0,0
2018-01,2018-01-01,S4_MonthEnd,4,2018-01-31 23:59:59,2018-01-22,2.0,1,CURRENT_PHASE1_CORPUS_MONTH_TO_DATE_VINTAGE,10.4,11,6,5,0.0,1.0,10.0,4.0,0.0,3.0,-3.0,-3.0,-0.2727272727272727,1.0909090909090908,0.0,0.09090909090909091,0.9090909090909091,0.36363636363636365,0.5454545454545454,-0.09090909090909091,5.5,-1.5,5,0,0,1,0,1,0,0,0,0
2018-02,2018-02-01,S1_Day7,1,2018-02-07 23:59:59,2018-02-05,2.0,1,CURRENT_PHASE1_CORPUS_MONTH_TO_DATE_VINTAGE,9.9,2,1,1,1.0,0.0,1.0,1.0,4.0,0.0,4.0,4.0,2.0,0.5,0.5,0.0,0.5,0.5,0.5,0.5,1.0,2.0,1,0,0,0,0,0,0,0,0,0
2018-02,2018-02-01,S2_Day14,2,2018-02-14 23:59:59,2018-02-13,2.0,1,CURRENT_PHASE1_CORPUS_MONTH_TO_DATE_VINTAGE,9.9,6,4,2,3.0,0.0,3.0,4.0,10.0,3.0,7.0,10.0,1.1666666666666667,1.5,0.5,0.0,0.5,0.6666666666666666,0.6666666666666666,0.5,3.0,5.0,2,0,0,0,1,0,0,0,0,0
2018-02,2018-02-01,S3_Day21,3,2018-02-21 23:59:59,2018-02-20,2.0,1,CURRENT_PHASE1_CORPUS_MONTH_TO_DATE_VINTAGE,9.9,8,6,2,3.0,0.0,5.0,6.0,10.0,3.0,7.0,10.0,0.875,1.75,0.375,0.0,0.625,0.75,0.75,0.375,4.0,5.0,2,0,0,0,2,0,0,0,0,0
2018-02,2018-02-01,S4_MonthEnd,4,2018-02-28 23:59:59,2018-02-28,2.0,1,CURRENT_PHASE1_CORPUS_MONTH_TO_DATE_VINTAGE,9.9,12,10,2,4.0,0.0,8.0,7.0,14.0,3.0,11.0,18.0,0.9166666666666666,1.25,0.3333333333333333,0.0,0.6666666666666666,0.5833333333333334,0.8333333333333334,0.3333333333333333,6.0,9.0,3,0,0,2,2,0,0,0,0,0
2018-03,2018-03-01,S1_Day7,1,2018-03-07 23:59:59,2018-03-07,2.0,1,CURRENT_PHASE1_CORPUS_MONTH_TO_DATE_VINTAGE,9.0,3,2,1,0.0,0.0,3.0,0.0,0.0,0.0,0.0,0.0,0.0,0.0,0.0,0.0,1.0,0.0,0.6666666666666666,0.0,1.5,0.0,1,0,0,1,1,0,0,0,0,0
2018-03,2018-03-01,S2_Day14,2,2018-03-14 23:59:59,2018-03-14,2.0,1,CURRENT_PHASE1_CORPUS_MONTH_TO_DATE_VINTAGE,9.0,8,6,2,1.0,1.0,6.0,3.0,8.0,5.0,3.0,6.0,0.375,0.5,0.125,0.125,0.75,0.375,0.75,0.0,4.0,3.0,3,0,0,3,1,0,0,0,0,0
2018-03,2018-03-01,S3_Day21,3,2018-03-21 23:59:59,2018-03-19,2.0,1,CURRENT_PHASE1_CORPUS_MONTH_TO_DATE_VINTAGE,9.0,12,9,3,2.0,3.0,7.0,7.0,11.0,11.0,0.0,0.0,0.0,0.9166666666666666,0.16666666666666666,0.25,0.5833333333333334,0.5833333333333334,0.75,-0.08333333333333333,6.0,0.0,6,0,0,4,1,0,0,0,0,0
2018-03,2018-03-01,S4_MonthEnd,4,2018-03-31 23:59:59,2018-03-29,2.0,1,CURRENT_PHASE1_CORPUS_MONTH_TO_DATE_VINTAGE,9.0,15,12,3,3.0,4.0,8.0,9.0,13.0,14.0,-1.0,-2.0,-0.06666666666666667,0.9333333333333333,0.2,0.26666666666666666,0.5333333333333333,0.6,0.8,-0.06666666666666667,7.5,-1.0,7,0,0,4,2,0,0,0,0,0
2018-04,2018-04-01,S1_Day7,1,2018-04-07 23:59:59,2018-04-06,2.0,1,CURRENT_PHASE1_CORPUS_MONTH_TO_DATE_VINTAGE,8.0,2,1,1,1.0,0.0,1.0,0.0,2.0,0.0,2.0,2.0,1.0,0.0,0.5,0.0,0.5,0.0,0.5,0.5,1.0,1.0,1,0,0,1,0,0,0,0,0,0
2018-04,2018-04-01,S2_Day14,2,2018-04-14 23:59:59,2018-04-12,2.0,1,CURRENT_PHASE1_CORPUS_MONTH_TO_DATE_VINTAGE,8.0,3,2,1,2.0,0.0,1.0,1.0,8.0,0.0,8.0,14.0,2.6666666666666665,0.3333333333333333,0.6666666666666666,0.0,0.3333333333333333,0.3333333333333333,0.6666666666666666,0.6666666666666666,1.5,7.0,1,0,0,1,0,0,0,0,0,0
2018-04,2018-04-01,S3_Day21,3,2018-04-21 23:59:59,2018-04-19,2.0,1,CURRENT_PHASE1_CORPUS_MONTH_TO_DATE_VINTAGE,8.0,4,3,1,3.0,0.0,1.0,2.0,14.0,0.0,14.0,26.0,3.5,0.5,0.75,0.0,0.25,0.5,0.75,0.75,2.0,13.0,2,0,0,1,0,0,0,0,0,0
2018-04,2018-04-01,S4_MonthEnd,4,2018-04-30 23:59:59,2018-04-30,2.0,1,CURRENT_PHASE1_CORPUS_MONTH_TO_DATE_VINTAGE,8.0,8,6,2,4.0,0.0,4.0,3.0,16.0,0.0,16.0,30.0,2.0,0.375,0.5,0.0,0.5,0.375,0.75,0.5,4.0,15.0,3,0,0,2,0,0,0,0,0,0
2018-05,2018-05-01,S1_Day7,1,2018-05-07 23:59:59,2018-05-01,2.0,1,CURRENT_PHASE1_CORPUS_MONTH_TO_DATE_VINTAGE,7.8,1,1,0,0.0,0.0,1.0,0.0,0.0,0.0,0.0,0.0,0.0,0.0,0.0,0.0,1.0,0.0,1.0,0.0,0.5,0.0,0,0,0,0,0,0,0,0,0,0
2018-05,2018-05-01,S2_Day14,2,2018-05-14 23:59:59,2018-05-14,2.0,1,CURRENT_PHASE1_CORPUS_MONTH_TO_DATE_VINTAGE,7.8,5,4,1,0.0,1.0,4.0,2.0,0.0,2.0,-2.0,-4.0,-0.4,0.8,0.0,0.2,0.8,0.4,0.8,-0.2,2.5,-2.0,1,0,0,0,0,0,1,0,0,0
2018-05,2018-05-01,S3_Day21,3,2018-05-21 23:59:59,2018-05-21,2.0,1,CURRENT_PHASE1_CORPUS_MONTH_TO_DATE_VINTAGE,7.8,9,6,3,1.0,3.0,5.0,4.0,7.0,11.0,-4.0,-10.0,-0.4444444444444444,1.2222222222222223,0.1111111111111111,0.3333333333333333,0.5555555555555556,0.4444444444444444,0.6666666666666666,-0.2222222222222222,4.5,-5.0,2,0,0,1,2,0,1,0,0,0
2018-05,2018-05-01,S4_MonthEnd,4,2018-05-31 23:59:59,2018-05-24,2.0,1,CURRENT_PHASE1_CORPUS_MONTH_TO_DATE_VINTAGE,7.8,10,6,4,1.0,3.0,6.0,4.0,7.0,11.0,-4.0,-10.0,-0.4,1.1,0.1,0.3,0.6,0.4,0.6,-0.2,5.0,-5.0,2,0,0,1,2,1,1,0,0,0
2018-06,2018-06-01,S1_Day7,1,2018-06-07 23:59:59,2018-06-07,2.0,1,CURRENT_PHASE1_CORPUS_MONTH_TO_DATE_VINTAGE,7.5,5,3,2,1.0,0.0,4.0,3.0,3.0,0.0,3.0,6.0,0.6,1.0,0.2,0.0,0.8,0.6,0.6,0.2,2.5,3.0,3,0,0,0,1,1,0,0,0,0
2018-06,2018-06-01,S2_Day14,2,2018-06-14 23:59:59,2018-06-14,2.0,1,CURRENT_PHASE1_CORPUS_MONTH_TO_DATE_VINTAGE,7.5,9,5,4,2.0,0.0,7.0,4.0,7.0,2.0,5.0,10.0,0.5555555555555556,0.7777777777777778,0.2222222222222222,0.0,0.7777777777777778,0.4444444444444444,0.5555555555555556,0.2222222222222222,4.5,5.0,5,0,0,0,1,2,0,0,0,0
2018-06,2018-06-01,S3_Day21,3,2018-06-21 23:59:59,2018-06-14,2.0,1,CURRENT_PHASE1_CORPUS_MONTH_TO_DATE_VINTAGE,7.5,9,5,4,2.0,0.0,7.0,4.0,7.0,2.0,5.0,10.0,0.5555555555555556,0.7777777777777778,0.2222222222222222,0.0,0.7777777777777778,0.4444444444444444,0.5555555555555556,0.2222222222222222,4.5,5.0,5,0,0,0,1,2,0,0,0,0
2018-06,2018-06-01,S4_MonthEnd,4,2018-06-30 23:59:59,2018-06-29,2.0,1,CURRENT_PHASE1_CORPUS_MONTH_TO_DATE_VINTAGE,7.5,12,7,5,3.0,0.0,9.0,6.0,9.0,2.0,7.0,12.0,0.5833333333333334,1.0833333333333333,0.25,0.0,0.75,0.5,0.5833333333333334,0.25,6.0,6.0,5,0,0,0,2,4,0,0,0,0
2018-07,2018-07-01,S1_Day7,1,2018-07-07 23:59:59,2018-07-04,2.0,1,CURRENT_PHASE1_CORPUS_MONTH_TO_DATE_VINTAGE,7.2,3,0,3,1.0,0.0,2.0,2.0,3.0,0.0,3.0,3.0,1.0,2.3333333333333335,0.3333333333333333,0.0,0.6666666666666666,0.6666666666666666,0.0,0.3333333333333333,1.5,1.5,0,0,0,0,1,2,0,0,0,0
2018-07,2018-07-01,S2_Day14,2,2018-07-14 23:59:59,2018-07-13,2.0,1,CURRENT_PHASE1_CORPUS_MONTH_TO_DATE_VINTAGE,7.2,8,4,4,2.0,0.0,6.0,4.0,5.0,0.0,5.0,7.0,0.625,1.125,0.25,0.0,0.75,0.5,0.5,0.25,4.0,3.5,0,0,0,1,2,3,0,0,0,0
2018-07,2018-07-01,S3_Day21,3,2018-07-21 23:59:59,2018-07-19,2.0,1,CURRENT_PHASE1_CORPUS_MONTH_TO_DATE_VINTAGE,7.2,11,6,5,2.0,1.0,8.0,6.0,5.0,3.0,2.0,1.0,0.18181818181818182,1.3636363636363635,0.18181818181818182,0.09090909090909091,0.7272727272727273,0.5454545454545454,0.5454545454545454,0.09090909090909091,5.5,0.5,0,0,0,2,3,3,0,0,0,0
2018-07,2018-07-01,S4_MonthEnd,4,2018-07-31 23:59:59,2018-07-31,2.0,1,CURRENT_PHASE1_CORPUS_MONTH_TO_DATE_VINTAGE,7.2,19,12,7,5.0,3.0,11.0,11.0,14.0,15.0,-1.0,-11.0,-0.05263157894736842,1.631578947368421,0.2631578947368421,0.15789473684210525,0.5789473684210527,0.5789473684210527,0.631578947368421,0.10526315789473684,9.5,-5.5,2,0,1,5,5,3,0,0,0,0
2018-08,2018-08-01,S1_Day7,1,2018-08-07 23:59:59,2018-08-04,2.0,1,CURRENT_PHASE1_CORPUS_MONTH_TO_DATE_VINTAGE,7.6,2,1,1,0.0,1.0,1.0,1.0,0.0,2.0,-2.0,-2.0,-1.0,0.5,0.0,0.5,0.5,0.5,0.5,-0.5,1.0,-1.0,0,0,0,0,0,0,1,0,0,0
2018-08,2018-08-01,S2_Day14,2,2018-08-14 23:59:59,2018-08-13,2.0,1,CURRENT_PHASE1_CORPUS_MONTH_TO_DATE_VINTAGE,7.6,4,2,2,1.0,1.0,2.0,2.0,2.0,2.0,0.0,0.0,0.0,2.0,0.25,0.25,0.5,0.5,0.5,0.0,2.0,0.0,0,0,0,1,0,0,1,0,0,0
2018-08,2018-08-01,S3_Day21,3,2018-08-21 23:59:59,2018-08-20,2.0,1,CURRENT_PHASE1_CORPUS_MONTH_TO_DATE_VINTAGE,7.6,6,3,3,2.0,1.0,3.0,2.0,21.0,2.0,19.0,19.0,3.1666666666666665,1.3333333333333333,0.3333333333333333,0.16666666666666666,0.5,0.3333333333333333,0.5,0.16666666666666666,3.0,9.5,1,0,0,1,0,0,1,0,0,0
2018-08,2018-08-01,S4_MonthEnd,4,2018-08-31 23:59:59,2018-08-25,2.0,1,CURRENT_PHASE1_CORPUS_MONTH_TO_DATE_VINTAGE,7.6,8,5,3,2.0,1.0,5.0,3.0,21.0,2.0,19.0,19.0,2.375,1.375,0.25,0.125,0.625,0.375,0.625,0.125,4.0,9.5,2,0,0,1,0,0,1,0,0,0
2018-09,2018-09-01,S1_Day7,1,2018-09-07 23:59:59,,2.0,1,CURRENT_PHASE1_CORPUS_MONTH_TO_DATE_VINTAGE,7.7,0,0,0,0.0,0.0,0.0,0.0,0.0,0.0,0.0,0.0,0.0,0.0,0.0,0.0,0.0,0.0,0.0,0.0,0.0,0.0,0,0,0,0,0,0,0,0,0,0
2018-09,2018-09-01,S2_Day14,2,2018-09-14 23:59:59,2018-09-14,2.0,1,CURRENT_PHASE1_CORPUS_MONTH_TO_DATE_VINTAGE,7.7,14,2,12,8.0,0.0,6.0,10.0,38.0,0.0,38.0,38.0,2.7142857142857144,2.357142857142857,0.5714285714285714,0.0,0.42857142857142855,0.7142857142857143,0.14285714285714285,0.5714285714285714,7.0,19.0,1,0,0,2,0,10,0,0,0,1
2018-09,2018-09-01,S3_Day21,3,2018-09-21 23:59:59,2018-09-21,2.0,1,CURRENT_PHASE1_CORPUS_MONTH_TO_DATE_VINTAGE,7.7,21,8,13,9.0,2.0,10.0,14.0,41.0,5.0,36.0,31.0,1.7142857142857142,1.9047619047619047,0.42857142857142855,0.09523809523809523,0.47619047619047616,0.6666666666666666,0.38095238095238093,0.3333333333333333,10.5,15.5,1,0,0,4,0,11,0,1,0,1
2018-09,2018-09-01,S4_MonthEnd,4,2018-09-30 23:59:59,2018-09-28,2.0,1,CURRENT_PHASE1_CORPUS_MONTH_TO_DATE_VINTAGE,7.7,29,13,16,14.0,2.0,13.0,19.0,73.0,11.0,62.0,65.0,2.1379310344827585,1.896551724137931,0.4827586206896552,0.06896551724137931,0.4482758620689655,0.6551724137931034,0.4482758620689655,0.41379310344827586,14.5,32.5,4,0,0,5,2,11,0,1,0,1
2018-10,2018-10-01,S1_Day7,1,2018-10-07 23:59:59,2018-10-03,2.0,1,CURRENT_PHASE1_CORPUS_MONTH_TO_DATE_VINTAGE,7.0,2,1,1,0.0,1.0,1.0,2.0,0.0,2.0,-2.0,-2.0,-1.0,4.5,0.0,0.5,0.5,1.0,0.5,-0.5,1.0,-1.0,1,0,0,0,0,1,0,0,0,0
2018-10,2018-10-01,S2_Day14,2,2018-10-14 23:59:59,2018-10-03,2.0,1,CURRENT_PHASE1_CORPUS_MONTH_TO_DATE_VINTAGE,7.0,2,1,1,0.0,1.0,1.0,2.0,0.0,2.0,-2.0,-2.0,-1.0,4.5,0.0,0.5,0.5,1.0,0.5,-0.5,1.0,-1.0,1,0,0,0,0,1,0,0,0,0
2018-10,2018-10-01,S3_Day21,3,2018-10-21 23:59:59,2018-10-03,2.0,1,CURRENT_PHASE1_CORPUS_MONTH_TO_DATE_VINTAGE,7.0,2,1,1,0.0,1.0,1.0,2.0,0.0,2.0,-2.0,-2.0,-1.0,4.5,0.0,0.5,0.5,1.0,0.5,-0.5,1.0,-1.0,1,0,0,0,0,1,0,0,0,0
2018-10,2018-10-01,S4_MonthEnd,4,2018-10-31 23:59:59,2018-10-29,2.0,1,CURRENT_PHASE1_CORPUS_MONTH_TO_DATE_VINTAGE,7.0,5,1,4,0.0,1.0,4.0,4.0,0.0,2.0,-2.0,-2.0,-0.4,2.2,0.0,0.2,0.8,0.8,0.2,-0.2,2.5,-1.0,3,0,0,0,0,1,1,0,0,0
2018-11,2018-11-01,S1_Day7,1,2018-11-07 23:59:59,,1.0,1,CURRENT_PHASE1_CORPUS_MONTH_TO_DATE_VINTAGE,6.3,0,0,0,0.0,0.0,0.0,0.0,0.0,0.0,0.0,0.0,0.0,0.0,0.0,0.0,0.0,0.0,0.0,0.0,0.0,0.0,0,0,0,0,0,0,0,0,0,0
2018-11,2018-11-01,S2_Day14,2,2018-11-14 23:59:59,,1.0,1,CURRENT_PHASE1_CORPUS_MONTH_TO_DATE_VINTAGE,6.3,0,0,0,0.0,0.0,0.0,0.0,0.0,0.0,0.0,0.0,0.0,0.0,0.0,0.0,0.0,0.0,0.0,0.0,0.0,0.0,0,0,0,0,0,0,0,0,0,0
2018-11,2018-11-01,S3_Day21,3,2018-11-21 23:59:59,,1.0,1,CURRENT_PHASE1_CORPUS_MONTH_TO_DATE_VINTAGE,6.3,0,0,0,0.0,0.0,0.0,0.0,0.0,0.0,0.0,0.0,0.0,0.0,0.0,0.0,0.0,0.0,0.0,0.0,0.0,0.0,0,0,0,0,0,0,0,0,0,0
2018-11,2018-11-01,S4_MonthEnd,4,2018-11-30 23:59:59,2018-11-24,1.0,1,CURRENT_PHASE1_CORPUS_MONTH_TO_DATE_VINTAGE,6.3,1,0,1,0.0,0.0,1.0,0.0,0.0,0.0,0.0,0.0,0.0,0.0,0.0,0.0,1.0,0.0,0.0,0.0,1.0,0.0,0,0,0,1,0,0,0,0,0,0
2018-12,2018-12-01,S1_Day7,1,2018-12-07 23:59:59,,1.0,1,CURRENT_PHASE1_CORPUS_MONTH_TO_DATE_VINTAGE,5.8,0,0,0,0.0,0.0,0.0,0.0,0.0,0.0,0.0,0.0,0.0,0.0,0.0,0.0,0.0,0.0,0.0,0.0,0.0,0.0,0,0,0,0,0,0,0,0,0,0
2018-12,2018-12-01,S2_Day14,2,2018-12-14 23:59:59,2018-12-14,1.0,1,CURRENT_PHASE1_CORPUS_MONTH_TO_DATE_VINTAGE,5.8,1,0,1,0.0,0.0,1.0,0.0,0.0,0.0,0.0,0.0,0.0,0.0,0.0,0.0,1.0,0.0,0.0,0.0,1.0,0.0,1,0,0,0,0,0,0,0,0,0
2018-12,2018-12-01,S3_Day21,3,2018-12-21 23:59:59,2018-12-14,1.0,1,CURRENT_PHASE1_CORPUS_MONTH_TO_DATE_VINTAGE,5.8,1,0,1,0.0,0.0,1.0,0.0,0.0,0.0,0.0,0.0,0.0,0.0,0.0,0.0,1.0,0.0,0.0,0.0,1.0,0.0,1,0,0,0,0,0,0,0,0,0
2018-12,2018-12-01,S4_MonthEnd,4,2018-12-31 23:59:59,2018-12-14,1.0,1,CURRENT_PHASE1_CORPUS_MONTH_TO_DATE_VINTAGE,5.8,1,0,1,0.0,0.0,1.0,0.0,0.0,0.0,0.0,0.0,0.0,0.0,0.0,0.0,1.0,0.0,0.0,0.0,1.0,0.0,1,0,0,0,0,0,0,0,0,0
2019-01,2019-01-01,S1_Day7,1,2019-01-07 23:59:59,,2.0,1,CURRENT_PHASE1_CORPUS_MONTH_TO_DATE_VINTAGE,5.9,0,0,0,0.0,0.0,0.0,0.0,0.0,0.0,0.0,0.0,0.0,0.0,0.0,0.0,0.0,0.0,0.0,0.0,0.0,0.0,0,0,0,0,0,0,0,0,0,0
2019-01,2019-01-01,S2_Day14,2,2019-01-14 23:59:59,2019-01-09,2.0,1,CURRENT_PHASE1_CORPUS_MONTH_TO_DATE_VINTAGE,5.9,1,1,0,0.0,0.0,1.0,0.0,0.0,0.0,0.0,0.0,0.0,0.0,0.0,0.0,1.0,0.0,1.0,0.0,0.5,0.0,0,0,0,0,0,0,0,0,0,0
2019-01,2019-01-01,S3_Day21,3,2019-01-21 23:59:59,2019-01-17,2.0,1,CURRENT_PHASE1_CORPUS_MONTH_TO_DATE_VINTAGE,5.9,2,2,0,0.0,0.0,2.0,0.0,0.0,0.0,0.0,0.0,0.0,0.0,0.0,0.0,1.0,0.0,1.0,0.0,1.0,0.0,0,0,0,0,0,0,0,0,0,0
2019-01,2019-01-01,S4_MonthEnd,4,2019-01-31 23:59:59,2019-01-17,2.0,1,CURRENT_PHASE1_CORPUS_MONTH_TO_DATE_VINTAGE,5.9,2,2,0,0.0,0.0,2.0,0.0,0.0,0.0,0.0,0.0,0.0,0.0,0.0,0.0,1.0,0.0,1.0,0.0,1.0,0.0,0,0,0,0,0,0,0,0,0,0
2019-02,2019-02-01,S1_Day7,1,2019-02-07 23:59:59,,2.0,1,CURRENT_PHASE1_CORPUS_MONTH_TO_DATE_VINTAGE,6.1,0,0,0,0.0,0.0,0.0,0.0,0.0,0.0,0.0,0.0,0.0,0.0,0.0,0.0,0.0,0.0,0.0,0.0,0.0,0.0,0,0,0,0,0,0,0,0,0,0
2019-02,2019-02-01,S2_Day14,2,2019-02-14 23:59:59,2019-02-14,2.0,1,CURRENT_PHASE1_CORPUS_MONTH_TO_DATE_VINTAGE,6.1,2,1,1,2.0,0.0,0.0,1.0,9.0,3.0,6.0,9.0,3.0,1.5,1.0,0.0,0.0,0.5,0.5,1.0,1.0,4.5,0,0,0,0,1,1,0,0,0,0
2019-02,2019-02-01,S3_Day21,3,2019-02-21 23:59:59,2019-02-19,2.0,1,CURRENT_PHASE1_CORPUS_MONTH_TO_DATE_VINTAGE,6.1,4,1,3,3.0,0.0,1.0,2.0,11.0,3.0,8.0,11.0,2.0,1.5,0.75,0.0,0.25,0.5,0.25,0.75,2.0,5.5,0,0,0,1,1,2,0,0,0,0
2019-02,2019-02-01,S4_MonthEnd,4,2019-02-28 23:59:59,2019-02-27,2.0,1,CURRENT_PHASE1_CORPUS_MONTH_TO_DATE_VINTAGE,6.1,6,2,4,3.0,0.0,3.0,3.0,11.0,3.0,8.0,11.0,1.3333333333333333,2.1666666666666665,0.5,0.0,0.5,0.5,0.3333333333333333,0.5,3.0,5.5,0,0,1,1,2,2,0,0,0,0
2019-03,2019-03-01,S1_Day7,1,2019-03-07 23:59:59,,2.0,1,CURRENT_PHASE1_CORPUS_MONTH_TO_DATE_VINTAGE,6.5,0,0,0,0.0,0.0,0.0,0.0,0.0,0.0,0.0,0.0,0.0,0.0,0.0,0.0,0.0,0.0,0.0,0.0,0.0,0.0,0,0,0,0,0,0,0,0,0,0
2019-03,2019-03-01,S2_Day14,2,2019-03-14 23:59:59,2019-03-14,2.0,1,CURRENT_PHASE1_CORPUS_MONTH_TO_DATE_VINTAGE,6.5,2,2,0,0.0,0.0,2.0,1.0,0.0,0.0,0.0,0.0,0.0,0.5,0.0,0.0,1.0,0.5,1.0,0.0,1.0,0.0,0,0,0,1,0,0,0,0,0,0
2019-03,2019-03-01,S3_Day21,3,2019-03-21 23:59:59,2019-03-21,2.0,1,CURRENT_PHASE1_CORPUS_MONTH_TO_DATE_VINTAGE,6.5,3,3,0,0.0,0.0,3.0,2.0,0.0,0.0,0.0,0.0,0.0,1.6666666666666667,0.0,0.0,1.0,0.6666666666666666,1.0,0.0,1.5,0.0,0,0,0,1,0,1,0,0,0,0
2019-03,2019-03-01,S4_MonthEnd,4,2019-03-31 23:59:59,2019-03-30,2.0,1,CURRENT_PHASE1_CORPUS_MONTH_TO_DATE_VINTAGE,6.5,5,3,2,2.0,0.0,3.0,2.0,6.0,0.0,6.0,6.0,1.2,1.0,0.4,0.0,0.6,0.4,0.6,0.4,2.5,3.0,0,0,0,1,0,3,0,0,0,0
2019-04,2019-04-01,S1_Day7,1,2019-04-07 23:59:59,2019-04-04,2.0,1,CURRENT_PHASE1_CORPUS_MONTH_TO_DATE_VINTAGE,6.5,6,2,4,4.0,0.0,2.0,1.0,20.0,0.0,20.0,29.0,3.3333333333333335,0.5,0.6666666666666666,0.0,0.3333333333333333,0.16666666666666666,0.3333333333333333,0.6666666666666666,3.0,14.5,0,0,0,0,0,5,0,0,0,0
2019-04,2019-04-01,S2_Day14,2,2019-04-14 23:59:59,2019-04-13,2.0,1,CURRENT_PHASE1_CORPUS_MONTH_TO_DATE_VINTAGE,6.5,8,4,4,4.0,1.0,3.0,2.0,20.0,3.0,17.0,23.0,2.125,0.75,0.5,0.125,0.375,0.25,0.5,0.375,4.0,11.5,0,0,0,0,1,5,0,0,0,0
2019-04,2019-04-01,S3_Day21,3,2019-04-21 23:59:59,2019-04-13,2.0,1,CURRENT_PHASE1_CORPUS_MONTH_TO_DATE_VINTAGE,6.5,8,4,4,4.0,1.0,3.0,2.0,20.0,3.0,17.0,23.0,2.125,0.75,0.5,0.125,0.375,0.25,0.5,0.375,4.0,11.5,0,0,0,0,1,5,0,0,0,0
2019-04,2019-04-01,S4_MonthEnd,4,2019-04-30 23:59:59,2019-04-29,2.0,1,CURRENT_PHASE1_CORPUS_MONTH_TO_DATE_VINTAGE,6.5,9,5,4,5.0,1.0,3.0,3.0,24.0,3.0,21.0,31.0,2.3333333333333335,1.5555555555555556,0.5555555555555556,0.1111111111111111,0.3333333333333333,0.3333333333333333,0.5555555555555556,0.4444444444444444,4.5,15.5,1,0,0,0,1,5,0,0,0,0
2019-05,2019-05-01,S1_Day7,1,2019-05-07 23:59:59,,2.0,1,CURRENT_PHASE1_CORPUS_MONTH_TO_DATE_VINTAGE,7.0,0,0,0,0.0,0.0,0.0,0.0,0.0,0.0,0.0,0.0,0.0,0.0,0.0,0.0,0.0,0.0,0.0,0.0,0.0,0.0,0,0,0,0,0,0,0,0,0,0
2019-05,2019-05-01,S2_Day14,2,2019-05-14 23:59:59,,2.0,1,CURRENT_PHASE1_CORPUS_MONTH_TO_DATE_VINTAGE,7.0,0,0,0,0.0,0.0,0.0,0.0,0.0,0.0,0.0,0.0,0.0,0.0,0.0,0.0,0.0,0.0,0.0,0.0,0.0,0.0,0,0,0,0,0,0,0,0,0,0
2019-05,2019-05-01,S3_Day21,3,2019-05-21 23:59:59,2019-05-16,2.0,1,CURRENT_PHASE1_CORPUS_MONTH_TO_DATE_VINTAGE,7.0,2,1,1,0.0,0.0,2.0,0.0,0.0,0.0,0.0,0.0,0.0,0.0,0.0,0.0,1.0,0.0,0.5,0.0,1.0,0.0,1,0,0,0,0,0,0,0,0,0
2019-05,2019-05-01,S4_MonthEnd,4,2019-05-31 23:59:59,2019-05-25,2.0,1,CURRENT_PHASE1_CORPUS_MONTH_TO_DATE_VINTAGE,7.0,4,2,2,0.0,0.0,4.0,0.0,0.0,0.0,0.0,0.0,0.0,0.0,0.0,0.0,1.0,0.0,0.5,0.0,2.0,0.0,1,0,0,0,1,0,0,0,0,0
2019-06,2019-06-01,S1_Day7,1,2019-06-07 23:59:59,,2.0,1,CURRENT_PHASE1_CORPUS_MONTH_TO_DATE_VINTAGE,7.5,0,0,0,0.0,0.0,0.0,0.0,0.0,0.0,0.0,0.0,0.0,0.0,0.0,0.0,0.0,0.0,0.0,0.0,0.0,0.0,0,0,0,0,0,0,0,0,0,0
2019-06,2019-06-01,S2_Day14,2,2019-06-14 23:59:59,2019-06-13,2.0,1,CURRENT_PHASE1_CORPUS_MONTH_TO_DATE_VINTAGE,7.5,1,1,0,0.0,0.0,1.0,0.0,0.0,0.0,0.0,0.0,0.0,0.0,0.0,0.0,1.0,0.0,1.0,0.0,0.5,0.0,0,0,0,0,0,0,0,0,0,0
2019-06,2019-06-01,S3_Day21,3,2019-06-21 23:59:59,2019-06-13,2.0,1,CURRENT_PHASE1_CORPUS_MONTH_TO_DATE_VINTAGE,7.5,1,1,0,0.0,0.0,1.0,0.0,0.0,0.0,0.0,0.0,0.0,0.0,0.0,0.0,1.0,0.0,1.0,0.0,0.5,0.0,0,0,0,0,0,0,0,0,0,0
2019-06,2019-06-01,S4_MonthEnd,4,2019-06-30 23:59:59,2019-06-13,2.0,1,CURRENT_PHASE1_CORPUS_MONTH_TO_DATE_VINTAGE,7.5,1,1,0,0.0,0.0,1.0,0.0,0.0,0.0,0.0,0.0,0.0,0.0,0.0,0.0,1.0,0.0,1.0,0.0,0.5,0.0,0,0,0,0,0,0,0,0,0,0
2019-07,2019-07-01,S1_Day7,1,2019-07-07 23:59:59,2019-07-04,2.0,1,CURRENT_PHASE1_CORPUS_MONTH_TO_DATE_VINTAGE,7.5,3,1,2,1.0,0.0,2.0,2.0,2.0,0.0,2.0,2.0,0.6666666666666666,1.6666666666666667,0.3333333333333333,0.0,0.6666666666666666,0.6666666666666666,0.3333333333333333,0.3333333333333333,1.5,1.0,1,0,0,0,2,0,0,0,0,0
2019-07,2019-07-01,S2_Day14,2,2019-07-14 23:59:59,2019-07-11,2.0,1,CURRENT_PHASE1_CORPUS_MONTH_TO_DATE_VINTAGE,7.5,6,2,4,2.0,0.0,4.0,3.0,5.0,0.0,5.0,5.0,0.8333333333333334,1.0,0.3333333333333333,0.0,0.6666666666666666,0.5,0.3333333333333333,0.3333333333333333,3.0,2.5,1,0,0,0,2,2,0,0,0,0
2019-07,2019-07-01,S3_Day21,3,2019-07-21 23:59:59,2019-07-20,2.0,1,CURRENT_PHASE1_CORPUS_MONTH_TO_DATE_VINTAGE,7.5,8,3,5,2.0,0.0,6.0,4.0,5.0,0.0,5.0,5.0,0.625,0.875,0.25,0.0,0.75,0.5,0.375,0.25,4.0,2.5,1,0,0,1,2,2,0,0,0,0
2019-07,2019-07-01,S4_MonthEnd,4,2019-07-31 23:59:59,2019-07-23,2.0,1,CURRENT_PHASE1_CORPUS_MONTH_TO_DATE_VINTAGE,7.5,10,4,6,2.0,0.0,8.0,5.0,5.0,0.0,5.0,5.0,0.5,0.9,0.2,0.0,0.8,0.5,0.4,0.2,5.0,2.5,1,0,0,2,3,2,0,0,0,0
2019-08,2019-08-01,S1_Day7,1,2019-08-07 23:59:59,2019-08-06,2.0,1,CURRENT_PHASE1_CORPUS_MONTH_TO_DATE_VINTAGE,7.7,2,2,0,0.0,0.0,2.0,1.0,0.0,0.0,0.0,0.0,0.0,0.5,0.0,0.0,1.0,0.5,1.0,0.0,1.0,0.0,0,0,0,0,1,0,0,0,0,0
2019-08,2019-08-01,S2_Day14,2,2019-08-14 23:59:59,2019-08-14,2.0,1,CURRENT_PHASE1_CORPUS_MONTH_TO_DATE_VINTAGE,7.7,3,2,1,0.0,0.0,3.0,1.0,0.0,0.0,0.0,0.0,0.0,0.3333333333333333,0.0,0.0,1.0,0.3333333333333333,0.6666666666666666,0.0,1.5,0.0,0,0,0,0,1,1,0,0,0,0
2019-08,2019-08-01,S3_Day21,3,2019-08-21 23:59:59,2019-08-21,2.0,1,CURRENT_PHASE1_CORPUS_MONTH_TO_DATE_VINTAGE,7.7,4,3,1,0.0,0.0,4.0,1.0,0.0,0.0,0.0,0.0,0.0,0.25,0.0,0.0,1.0,0.25,0.75,0.0,2.0,0.0,0,0,0,0,1,1,0,0,0,0
2019-08,2019-08-01,S4_MonthEnd,4,2019-08-31 23:59:59,2019-08-29,2.0,1,CURRENT_PHASE1_CORPUS_MONTH_TO_DATE_VINTAGE,7.7,6,4,2,0.0,0.0,6.0,1.0,0.0,0.0,0.0,0.0,0.0,0.16666666666666666,0.0,0.0,1.0,0.16666666666666666,0.6666666666666666,0.0,3.0,0.0,0,0,0,1,1,2,0,0,0,0
2019-09,2019-09-01,S1_Day7,1,2019-09-07 23:59:59,2019-09-06,2.0,1,CURRENT_PHASE1_CORPUS_MONTH_TO_DATE_VINTAGE,7.6,3,1,2,1.0,1.0,1.0,2.0,5.0,3.0,2.0,-1.0,0.6666666666666666,1.6666666666666667,0.3333333333333333,0.3333333333333333,0.3333333333333333,0.6666666666666666,0.3333333333333333,0.0,1.5,-0.5,2,0,0,0,1,0,0,0,0,0
2019-09,2019-09-01,S2_Day14,2,2019-09-14 23:59:59,2019-09-13,2.0,1,CURRENT_PHASE1_CORPUS_MONTH_TO_DATE_VINTAGE,7.6,4,1,3,1.0,2.0,1.0,2.0,5.0,5.0,0.0,-3.0,0.0,1.25,0.25,0.5,0.25,0.5,0.25,-0.25,2.0,-1.5,2,0,0,0,1,0,1,0,0,0
2019-09,2019-09-01,S3_Day21,3,2019-09-21 23:59:59,2019-09-20,2.0,1,CURRENT_PHASE1_CORPUS_MONTH_TO_DATE_VINTAGE,7.6,6,3,3,1.0,2.0,3.0,2.0,5.0,5.0,0.0,-3.0,0.0,0.8333333333333334,0.16666666666666666,0.3333333333333333,0.5,0.3333333333333333,0.5,-0.16666666666666666,3.0,-1.5,2,0,0,0,1,0,1,0,0,0
2019-09,2019-09-01,S4_MonthEnd,4,2019-09-30 23:59:59,2019-09-20,2.0,1,CURRENT_PHASE1_CORPUS_MONTH_TO_DATE_VINTAGE,7.6,6,3,3,1.0,2.0,3.0,2.0,5.0,5.0,0.0,-3.0,0.0,0.8333333333333334,0.16666666666666666,0.3333333333333333,0.5,0.3333333333333333,0.5,-0.16666666666666666,3.0,-1.5,2,0,0,0,1,0,1,0,0,0
2019-10,2019-10-01,S1_Day7,1,2019-10-07 23:59:59,2019-10-01,2.0,1,CURRENT_PHASE1_CORPUS_MONTH_TO_DATE_VINTAGE,7.7,1,0,1,0.0,0.0,1.0,1.0,0.0,0.0,0.0,0.0,0.0,1.0,0.0,0.0,1.0,1.0,0.0,0.0,0.5,0.0,1,0,0,0,0,0,0,0,0,0
2019-10,2019-10-01,S2_Day14,2,2019-10-14 23:59:59,2019-10-12,2.0,1,CURRENT_PHASE1_CORPUS_MONTH_TO_DATE_VINTAGE,7.7,4,2,2,0.0,1.0,3.0,3.0,0.0,2.0,-2.0,-2.0,-0.5,1.0,0.0,0.25,0.75,0.75,0.5,-0.25,2.0,-1.0,2,0,0,1,0,0,0,0,0,0
2019-10,2019-10-01,S3_Day21,3,2019-10-21 23:59:59,2019-10-21,2.0,1,CURRENT_PHASE1_CORPUS_MONTH_TO_DATE_VINTAGE,7.7,7,4,3,0.0,2.0,5.0,4.0,0.0,4.0,-4.0,-4.0,-0.5714285714285714,0.7142857142857143,0.0,0.2857142857142857,0.7142857142857143,0.5714285714285714,0.5714285714285714,-0.2857142857142857,3.5,-2.0,2,0,0,1,0,1,1,0,0,0
2019-10,2019-10-01,S4_MonthEnd,4,2019-10-31 23:59:59,2019-10-31,2.0,1,CURRENT_PHASE1_CORPUS_MONTH_TO_DATE_VINTAGE,7.7,10,5,5,1.0,3.0,6.0,5.0,4.0,6.0,-2.0,-2.0,-0.2,0.8,0.1,0.3,0.6,0.5,0.5,-0.2,5.0,-1.0,2,0,0,1,1,1,3,0,0,0
2019-11,2019-11-01,S1_Day7,1,2019-11-07 23:59:59,,2.0,1,CURRENT_PHASE1_CORPUS_MONTH_TO_DATE_VINTAGE,8.2,0,0,0,0.0,0.0,0.0,0.0,0.0,0.0,0.0,0.0,0.0,0.0,0.0,0.0,0.0,0.0,0.0,0.0,0.0,0.0,0,0,0,0,0,0,0,0,0,0
2019-11,2019-11-01,S2_Day14,2,2019-11-14 23:59:59,2019-11-13,2.0,1,CURRENT_PHASE1_CORPUS_MONTH_TO_DATE_VINTAGE,8.2,1,0,1,0.0,0.0,1.0,0.0,0.0,0.0,0.0,0.0,0.0,0.0,0.0,0.0,1.0,0.0,0.0,0.0,0.5,0.0,0,0,0,1,0,0,0,0,0,0
2019-11,2019-11-01,S3_Day21,3,2019-11-21 23:59:59,2019-11-18,2.0,1,CURRENT_PHASE1_CORPUS_MONTH_TO_DATE_VINTAGE,8.2,2,1,1,0.0,0.0,2.0,0.0,0.0,0.0,0.0,0.0,0.0,0.0,0.0,0.0,1.0,0.0,0.5,0.0,1.0,0.0,0,0,0,2,0,0,0,0,0,0
2019-11,2019-11-01,S4_MonthEnd,4,2019-11-30 23:59:59,2019-11-30,2.0,1,CURRENT_PHASE1_CORPUS_MONTH_TO_DATE_VINTAGE,8.2,9,7,2,1.0,1.0,7.0,4.0,5.0,8.0,-3.0,-6.0,-0.3333333333333333,0.4444444444444444,0.1111111111111111,0.1111111111111111,0.7777777777777778,0.4444444444444444,0.7777777777777778,0.0,4.5,-3.0,0,0,0,3,3,0,1,0,0,0
2019-12,2019-12-01,S1_Day7,1,2019-12-07 23:59:59,2019-12-06,2.0,1,CURRENT_PHASE1_CORPUS_MONTH_TO_DATE_VINTAGE,7.9,1,1,0,1.0,0.0,0.0,1.0,3.0,0.0,3.0,6.0,3.0,1.0,1.0,0.0,0.0,1.0,1.0,1.0,0.5,3.0,0,0,0,1,0,0,0,0,0,0
2019-12,2019-12-01,S2_Day14,2,2019-12-14 23:59:59,2019-12-12,2.0,1,CURRENT_PHASE1_CORPUS_MONTH_TO_DATE_VINTAGE,7.9,5,1,4,4.0,1.0,0.0,2.0,18.0,2.0,16.0,19.0,3.2,0.8,0.8,0.2,0.0,0.4,0.2,0.6,2.5,9.5,2,0,0,1,0,1,1,0,0,0
2019-12,2019-12-01,S3_Day21,3,2019-12-21 23:59:59,2019-12-16,2.0,1,CURRENT_PHASE1_CORPUS_MONTH_TO_DATE_VINTAGE,7.9,6,1,5,4.0,1.0,1.0,3.0,18.0,2.0,16.0,19.0,2.6666666666666665,0.8333333333333334,0.6666666666666666,0.16666666666666666,0.16666666666666666,0.5,0.16666666666666666,0.5,3.0,9.5,3,0,0,1,0,1,1,0,0,0
2019-12,2019-12-01,S4_MonthEnd,4,2019-12-31 23:59:59,2019-12-16,2.0,1,CURRENT_PHASE1_CORPUS_MONTH_TO_DATE_VINTAGE,7.9,6,1,5,4.0,1.0,1.0,3.0,18.0,2.0,16.0,19.0,2.6666666666666665,0.8333333333333334,0.6666666666666666,0.16666666666666666,0.16666666666666666,0.5,0.16666666666666666,0.5,3.0,9.5,3,0,0,1,0,1,1,0,0,0
2020-01,2020-01-01,S1_Day7,1,2020-01-07 23:59:59,2020-01-02,2.0,1,CURRENT_PHASE1_CORPUS_MONTH_TO_DATE_VINTAGE,7.8,1,1,0,0.0,0.0,1.0,1.0,0.0,0.0,0.0,0.0,0.0,1.0,0.0,0.0,1.0,1.0,1.0,0.0,0.5,0.0,0,0,0,0,1,0,0,0,0,0
2020-01,2020-01-01,S2_Day14,2,2020-01-14 23:59:59,2020-01-08,2.0,1,CURRENT_PHASE1_CORPUS_MONTH_TO_DATE_VINTAGE,7.8,4,3,1,1.0,0.0,3.0,2.0,6.0,0.0,6.0,6.0,1.5,0.5,0.25,0.0,0.75,0.5,0.75,0.25,2.0,3.0,1,0,0,0,1,0,0,0,0,0
2020-01,2020-01-01,S3_Day21,3,2020-01-21 23:59:59,2020-01-18,2.0,1,CURRENT_PHASE1_CORPUS_MONTH_TO_DATE_VINTAGE,7.8,6,4,2,1.0,0.0,5.0,4.0,6.0,0.0,6.0,6.0,1.0,1.5,0.16666666666666666,0.0,0.8333333333333334,0.6666666666666666,0.6666666666666666,0.16666666666666666,3.0,3.0,2,0,0,0,2,0,0,0,0,0
2020-01,2020-01-01,S4_MonthEnd,4,2020-01-31 23:59:59,2020-01-31,2.0,1,CURRENT_PHASE1_CORPUS_MONTH_TO_DATE_VINTAGE,7.8,7,5,2,2.0,0.0,5.0,5.0,12.0,2.0,10.0,14.0,1.4285714285714286,1.5714285714285714,0.2857142857142857,0.0,0.7142857142857143,0.7142857142857143,0.7142857142857143,0.2857142857142857,3.5,7.0,2,0,0,0,3,0,0,0,0,0
2020-02,2020-02-01,S1_Day7,1,2020-02-07 23:59:59,,2.0,1,CURRENT_PHASE1_CORPUS_MONTH_TO_DATE_VINTAGE,7.8,0,0,0,0.0,0.0,0.0,0.0,0.0,0.0,0.0,0.0,0.0,0.0,0.0,0.0,0.0,0.0,0.0,0.0,0.0,0.0,0,0,0,0,0,0,0,0,0,0
2020-02,2020-02-01,S2_Day14,2,2020-02-14 23:59:59,2020-02-13,2.0,1,CURRENT_PHASE1_CORPUS_MONTH_TO_DATE_VINTAGE,7.8,2,1,1,0.0,0.0,2.0,0.0,0.0,0.0,0.0,0.0,0.0,0.0,0.0,0.0,1.0,0.0,0.5,0.0,1.0,0.0,1,0,0,0,0,0,0,0,0,0
2020-02,2020-02-01,S3_Day21,3,2020-02-21 23:59:59,2020-02-19,2.0,1,CURRENT_PHASE1_CORPUS_MONTH_TO_DATE_VINTAGE,7.8,3,2,1,0.0,0.0,3.0,0.0,0.0,0.0,0.0,0.0,0.0,0.0,0.0,0.0,1.0,0.0,0.6666666666666666,0.0,1.5,0.0,1,0,0,0,0,0,0,0,0,0
2020-02,2020-02-01,S4_MonthEnd,4,2020-02-29 23:59:59,2020-02-23,2.0,1,CURRENT_PHASE1_CORPUS_MONTH_TO_DATE_VINTAGE,7.8,5,2,3,2.0,0.0,3.0,0.0,20.0,0.0,20.0,20.0,4.0,0.0,0.4,0.0,0.6,0.0,0.4,0.4,2.5,10.0,3,0,0,0,0,0,0,0,0,0
2020-03,2020-03-01,S1_Day7,1,2020-03-07 23:59:59,,2.0,1,CURRENT_PHASE1_CORPUS_MONTH_TO_DATE_VINTAGE,7.8,0,0,0,0.0,0.0,0.0,0.0,0.0,0.0,0.0,0.0,0.0,0.0,0.0,0.0,0.0,0.0,0.0,0.0,0.0,0.0,0,0,0,0,0,0,0,0,0,0
2020-03,2020-03-01,S2_Day14,2,2020-03-14 23:59:59,2020-03-12,2.0,1,CURRENT_PHASE1_CORPUS_MONTH_TO_DATE_VINTAGE,7.8,7,2,5,0.0,2.0,5.0,2.0,0.0,6.0,-6.0,-6.0,-0.8571428571428571,0.42857142857142855,0.0,0.2857142857142857,0.7142857142857143,0.2857142857142857,0.2857142857142857,-0.2857142857142857,3.5,-3.0,5,0,0,0,0,1,0,0,0,0
2020-03,2020-03-01,S3_Day21,3,2020-03-21 23:59:59,2020-03-19,2.0,1,CURRENT_PHASE1_CORPUS_MONTH_TO_DATE_VINTAGE,7.8,12,2,10,0.0,2.0,10.0,3.0,0.0,6.0,-6.0,-6.0,-0.5,0.3333333333333333,0.0,0.16666666666666666,0.8333333333333334,0.25,0.16666666666666666,-0.16666666666666666,6.0,-3.0,7,0,0,0,0,4,0,0,0,0
2020-03,2020-03-01,S4_MonthEnd,4,2020-03-31 23:59:59,2020-03-30,2.0,1,CURRENT_PHASE1_CORPUS_MONTH_TO_DATE_VINTAGE,7.8,13,3,10,1.0,2.0,10.0,4.0,2.0,6.0,-4.0,-2.0,-0.3076923076923077,0.6923076923076923,0.07692307692307693,0.15384615384615385,0.7692307692307693,0.3076923076923077,0.23076923076923078,-0.07692307692307693,6.5,-1.0,7,0,0,0,0,4,1,0,0,0
2020-04,2020-04-01,S1_Day7,1,2020-04-07 23:59:59,2020-04-06,2.0,1,CURRENT_PHASE1_CORPUS_MONTH_TO_DATE_VINTAGE,10.6,1,1,0,1.0,0.0,0.0,1.0,6.0,3.0,3.0,6.0,3.0,7.0,1.0,0.0,0.0,1.0,1.0,1.0,0.5,3.0,0,0,0,0,0,0,1,0,0,0
2020-04,2020-04-01,S2_Day14,2,2020-04-14 23:59:59,2020-04-13,2.0,1,CURRENT_PHASE1_CORPUS_MONTH_TO_DATE_VINTAGE,10.6,3,1,2,2.0,0.0,1.0,2.0,8.0,3.0,5.0,8.0,1.6666666666666667,2.6666666666666665,0.6666666666666666,0.0,0.3333333333333333,0.6666666666666666,0.3333333333333333,0.6666666666666666,1.5,4.0,1,0,0,0,1,0,1,0,0,0
2020-04,2020-04-01,S3_Day21,3,2020-04-21 23:59:59,2020-04-17,2.0,1,CURRENT_PHASE1_CORPUS_MONTH_TO_DATE_VINTAGE,10.6,5,2,3,3.0,0.0,2.0,3.0,10.0,3.0,7.0,10.0,1.4,1.8,0.6,0.0,0.4,0.6,0.4,0.6,2.5,5.0,1,0,0,0,1,0,2,0,0,0
2020-04,2020-04-01,S4_MonthEnd,4,2020-04-30 23:59:59,2020-04-28,2.0,1,CURRENT_PHASE1_CORPUS_MONTH_TO_DATE_VINTAGE,10.6,8,2,6,3.0,3.0,2.0,3.0,10.0,9.0,1.0,4.0,0.125,1.125,0.375,0.375,0.25,0.375,0.25,0.0,4.0,2.0,2,0,0,0,1,0,4,0,0,0
2020-05,2020-05-01,S1_Day7,1,2020-05-07 23:59:59,2020-05-05,2.0,1,CURRENT_PHASE1_CORPUS_MONTH_TO_DATE_VINTAGE,11.3,1,0,1,1.0,0.0,0.0,1.0,3.0,0.0,3.0,3.0,3.0,4.0,1.0,0.0,0.0,1.0,0.0,1.0,0.5,1.5,0,0,0,0,0,1,0,0,0,0
2020-05,2020-05-01,S2_Day14,2,2020-05-14 23:59:59,2020-05-05,2.0,1,CURRENT_PHASE1_CORPUS_MONTH_TO_DATE_VINTAGE,11.3,1,0,1,1.0,0.0,0.0,1.0,3.0,0.0,3.0,3.0,3.0,4.0,1.0,0.0,0.0,1.0,0.0,1.0,0.5,1.5,0,0,0,0,0,1,0,0,0,0
2020-05,2020-05-01,S3_Day21,3,2020-05-21 23:59:59,2020-05-20,2.0,1,CURRENT_PHASE1_CORPUS_MONTH_TO_DATE_VINTAGE,11.3,3,1,2,2.0,0.0,1.0,2.0,5.0,0.0,5.0,5.0,1.6666666666666667,2.6666666666666665,0.6666666666666666,0.0,0.3333333333333333,0.6666666666666666,0.3333333333333333,0.6666666666666666,1.5,2.5,0,0,0,0,0,1,1,0,0,0
2020-05,2020-05-01,S4_MonthEnd,4,2020-05-31 23:59:59,2020-05-28,2.0,1,CURRENT_PHASE1_CORPUS_MONTH_TO_DATE_VINTAGE,11.3,5,1,4,3.0,0.0,2.0,3.0,8.0,0.0,8.0,8.0,1.6,2.0,0.6,0.0,0.4,0.6,0.2,0.6,2.5,4.0,1,0,0,0,0,2,1,0,0,0
2020-06,2020-06-01,S1_Day7,1,2020-06-07 23:59:59,,2.0,1,CURRENT_PHASE1_CORPUS_MONTH_TO_DATE_VINTAGE,11.2,0,0,0,0.0,0.0,0.0,0.0,0.0,0.0,0.0,0.0,0.0,0.0,0.0,0.0,0.0,0.0,0.0,0.0,0.0,0.0,0,0,0,0,0,0,0,0,0,0
2020-06,2020-06-01,S2_Day14,2,2020-06-14 23:59:59,,2.0,1,CURRENT_PHASE1_CORPUS_MONTH_TO_DATE_VINTAGE,11.2,0,0,0,0.0,0.0,0.0,0.0,0.0,0.0,0.0,0.0,0.0,0.0,0.0,0.0,0.0,0.0,0.0,0.0,0.0,0.0,0,0,0,0,0,0,0,0,0,0
2020-06,2020-06-01,S3_Day21,3,2020-06-21 23:59:59,,2.0,1,CURRENT_PHASE1_CORPUS_MONTH_TO_DATE_VINTAGE,11.2,0,0,0,0.0,0.0,0.0,0.0,0.0,0.0,0.0,0.0,0.0,0.0,0.0,0.0,0.0,0.0,0.0,0.0,0.0,0.0,0,0,0,0,0,0,0,0,0,0
2020-06,2020-06-01,S4_MonthEnd,4,2020-06-30 23:59:59,2020-06-30,2.0,1,CURRENT_PHASE1_CORPUS_MONTH_TO_DATE_VINTAGE,11.2,3,0,3,0.0,1.0,2.0,2.0,0.0,3.0,-3.0,-3.0,-1.0,1.3333333333333333,0.0,0.3333333333333333,0.6666666666666666,0.6666666666666666,0.0,-0.3333333333333333,1.5,-1.5,1,0,0,1,0,1,0,0,0,0
2020-07,2020-07-01,S1_Day7,1,2020-07-07 23:59:59,,2.0,1,CURRENT_PHASE1_CORPUS_MONTH_TO_DATE_VINTAGE,11.4,0,0,0,0.0,0.0,0.0,0.0,0.0,0.0,0.0,0.0,0.0,0.0,0.0,0.0,0.0,0.0,0.0,0.0,0.0,0.0,0,0,0,0,0,0,0,0,0,0
2020-07,2020-07-01,S2_Day14,2,2020-07-14 23:59:59,2020-07-13,2.0,1,CURRENT_PHASE1_CORPUS_MONTH_TO_DATE_VINTAGE,11.4,2,0,2,0.0,0.0,2.0,0.0,0.0,0.0,0.0,0.0,0.0,0.0,0.0,0.0,1.0,0.0,0.0,0.0,1.0,0.0,1,0,0,0,0,1,0,0,0,0
2020-07,2020-07-01,S3_Day21,3,2020-07-21 23:59:59,2020-07-15,2.0,1,CURRENT_PHASE1_CORPUS_MONTH_TO_DATE_VINTAGE,11.4,4,1,3,0.0,1.0,3.0,0.0,0.0,3.0,-3.0,-6.0,-0.75,0.0,0.0,0.25,0.75,0.0,0.25,-0.25,2.0,-3.0,1,0,0,1,0,1,0,0,0,0
2020-07,2020-07-01,S4_MonthEnd,4,2020-07-31 23:59:59,2020-07-29,2.0,1,CURRENT_PHASE1_CORPUS_MONTH_TO_DATE_VINTAGE,11.4,10,3,7,0.0,2.0,8.0,2.0,0.0,6.0,-6.0,-9.0,-0.6,0.6,0.0,0.2,0.8,0.2,0.3,-0.2,5.0,-4.5,2,0,0,5,0,1,0,0,0,1
2020-08,2020-08-01,S1_Day7,1,2020-08-07 23:59:59,2020-08-05,2.0,1,CURRENT_PHASE1_CORPUS_MONTH_TO_DATE_VINTAGE,10.6,1,0,1,0.0,1.0,0.0,0.0,0.0,2.0,-2.0,-2.0,-2.0,0.0,0.0,1.0,0.0,0.0,0.0,-1.0,0.5,-1.0,0,0,0,0,0,0,1,0,0,0
2020-08,2020-08-01,S2_Day14,2,2020-08-14 23:59:59,2020-08-14,2.0,1,CURRENT_PHASE1_CORPUS_MONTH_TO_DATE_VINTAGE,10.6,5,2,3,0.0,1.0,4.0,1.0,0.0,2.0,-2.0,-2.0,-0.4,0.6,0.0,0.2,0.8,0.2,0.4,-0.2,2.5,-1.0,0,0,0,2,1,0,1,0,0,0
2020-08,2020-08-01,S3_Day21,3,2020-08-21 23:59:59,2020-08-15,2.0,1,CURRENT_PHASE1_CORPUS_MONTH_TO_DATE_VINTAGE,10.6,6,2,4,0.0,1.0,5.0,2.0,0.0,2.0,-2.0,-2.0,-0.3333333333333333,0.6666666666666666,0.0,0.16666666666666666,0.8333333333333334,0.3333333333333333,0.3333333333333333,-0.16666666666666666,3.0,-1.0,0,0,0,3,1,0,1,0,0,0
2020-08,2020-08-01,S4_MonthEnd,4,2020-08-31 23:59:59,2020-08-27,2.0,1,CURRENT_PHASE1_CORPUS_MONTH_TO_DATE_VINTAGE,10.6,9,4,5,0.0,1.0,8.0,5.0,3.0,5.0,-2.0,-2.0,-0.2222222222222222,1.3333333333333333,0.0,0.1111111111111111,0.8888888888888888,0.5555555555555556,0.4444444444444444,-0.1111111111111111,4.5,-1.0,0,0,0,3,1,0,3,0,0,0
2020-09,2020-09-01,S1_Day7,1,2020-09-07 23:59:59,2020-09-01,2.0,1,CURRENT_PHASE1_CORPUS_MONTH_TO_DATE_VINTAGE,10.4,1,0,1,1.0,0.0,0.0,0.0,3.0,0.0,3.0,3.0,3.0,0.0,1.0,0.0,0.0,0.0,0.0,1.0,0.5,1.5,1,0,0,0,0,0,0,0,0,0
2020-09,2020-09-01,S2_Day14,2,2020-09-14 23:59:59,2020-09-13,2.0,1,CURRENT_PHASE1_CORPUS_MONTH_TO_DATE_VINTAGE,10.4,3,1,2,1.0,1.0,1.0,0.0,3.0,10.0,-7.0,-7.0,-2.3333333333333335,0.0,0.3333333333333333,0.3333333333333333,0.3333333333333333,0.0,0.3333333333333333,0.0,1.5,-3.5,1,0,0,0,0,0,1,0,0,0
2020-09,2020-09-01,S3_Day21,3,2020-09-21 23:59:59,2020-09-16,2.0,1,CURRENT_PHASE1_CORPUS_MONTH_TO_DATE_VINTAGE,10.4,4,1,3,2.0,1.0,1.0,0.0,5.0,10.0,-5.0,-5.0,-1.25,0.0,0.5,0.25,0.25,0.0,0.25,0.25,2.0,-2.5,1,0,0,0,0,0,2,0,0,0
2020-09,2020-09-01,S4_MonthEnd,4,2020-09-30 23:59:59,2020-09-28,2.0,1,CURRENT_PHASE1_CORPUS_MONTH_TO_DATE_VINTAGE,10.4,8,5,3,2.0,1.0,5.0,3.0,5.0,10.0,-5.0,-5.0,-0.625,1.5,0.25,0.125,0.625,0.375,0.625,0.125,4.0,-2.5,1,0,0,0,4,0,2,0,0,0
2020-10,2020-10-01,S1_Day7,1,2020-10-07 23:59:59,2020-10-01,2.0,1,CURRENT_PHASE1_CORPUS_MONTH_TO_DATE_VINTAGE,10.1,1,0,1,0.0,0.0,1.0,1.0,0.0,0.0,0.0,0.0,0.0,1.0,0.0,0.0,1.0,1.0,0.0,0.0,0.5,0.0,0,0,0,0,0,1,0,0,0,0
2020-10,2020-10-01,S2_Day14,2,2020-10-14 23:59:59,2020-10-14,2.0,1,CURRENT_PHASE1_CORPUS_MONTH_TO_DATE_VINTAGE,10.1,5,3,2,1.0,0.0,4.0,3.0,2.0,0.0,2.0,2.0,0.4,0.6,0.2,0.0,0.8,0.6,0.6,0.2,2.5,1.0,0,0,0,0,2,1,1,0,0,0
2020-10,2020-10-01,S3_Day21,3,2020-10-21 23:59:59,2020-10-21,2.0,1,CURRENT_PHASE1_CORPUS_MONTH_TO_DATE_VINTAGE,10.1,8,5,3,1.0,0.0,7.0,5.0,2.0,0.0,2.0,2.0,0.25,1.0,0.125,0.0,0.875,0.625,0.625,0.125,4.0,1.0,1,0,0,0,3,1,1,0,0,0
2020-10,2020-10-01,S4_MonthEnd,4,2020-10-31 23:59:59,2020-10-29,2.0,1,CURRENT_PHASE1_CORPUS_MONTH_TO_DATE_VINTAGE,10.1,11,5,6,1.0,2.0,8.0,6.0,2.0,4.0,-2.0,-2.0,-0.18181818181818182,1.0,0.09090909090909091,0.18181818181818182,0.7272727272727273,0.5454545454545454,0.45454545454545453,-0.09090909090909091,5.5,-1.0,2,0,0,0,3,2,2,0,0,0
2020-11,2020-11-01,S1_Day7,1,2020-11-07 23:59:59,2020-11-06,2.0,1,CURRENT_PHASE1_CORPUS_MONTH_TO_DATE_VINTAGE,9.8,1,0,1,0.0,1.0,0.0,1.0,0.0,2.0,-2.0,-2.0,-2.0,2.0,0.0,1.0,0.0,1.0,0.0,-1.0,0.5,-1.0,0,0,0,0,0,0,1,0,0,0
2020-11,2020-11-01,S2_Day14,2,2020-11-14 23:59:59,2020-11-11,2.0,1,CURRENT_PHASE1_CORPUS_MONTH_TO_DATE_VINTAGE,9.8,2,1,1,1.0,1.0,0.0,1.0,2.0,2.0,0.0,2.0,0.0,1.0,0.5,0.5,0.0,0.5,0.5,0.0,1.0,1.0,0,0,0,0,0,0,1,0,0,0
2020-11,2020-11-01,S3_Day21,3,2020-11-21 23:59:59,2020-11-21,2.0,1,CURRENT_PHASE1_CORPUS_MONTH_TO_DATE_VINTAGE,9.8,5,4,1,1.0,1.0,3.0,3.0,2.0,2.0,0.0,2.0,0.0,2.2,0.2,0.2,0.6,0.6,0.8,0.0,2.5,1.0,0,0,0,0,3,0,1,0,0,0
2020-11,2020-11-01,S4_MonthEnd,4,2020-11-30 23:59:59,2020-11-26,2.0,1,CURRENT_PHASE1_CORPUS_MONTH_TO_DATE_VINTAGE,9.8,8,5,3,1.0,1.0,6.0,5.0,2.0,2.0,0.0,2.0,0.0,2.125,0.125,0.125,0.75,0.625,0.625,0.0,4.0,1.0,1,0,0,1,4,0,1,0,0,0
2020-12,2020-12-01,S1_Day7,1,2020-12-07 23:59:59,,2.0,1,CURRENT_PHASE1_CORPUS_MONTH_TO_DATE_VINTAGE,10.4,0,0,0,0.0,0.0,0.0,0.0,0.0,0.0,0.0,0.0,0.0,0.0,0.0,0.0,0.0,0.0,0.0,0.0,0.0,0.0,0,0,0,0,0,0,0,0,0,0
2020-12,2020-12-01,S2_Day14,2,2020-12-14 23:59:59,2020-12-14,2.0,1,CURRENT_PHASE1_CORPUS_MONTH_TO_DATE_VINTAGE,10.4,3,3,0,0.0,1.0,2.0,1.0,0.0,6.0,-6.0,-12.0,-2.0,0.3333333333333333,0.0,0.3333333333333333,0.6666666666666666,0.3333333333333333,1.0,-0.3333333333333333,1.5,-6.0,0,0,0,0,1,0,0,0,0,0
2020-12,2020-12-01,S3_Day21,3,2020-12-21 23:59:59,2020-12-16,2.0,1,CURRENT_PHASE1_CORPUS_MONTH_TO_DATE_VINTAGE,10.4,4,4,0,1.0,1.0,2.0,1.0,3.0,6.0,-3.0,-6.0,-0.75,0.25,0.25,0.25,0.5,0.25,1.0,0.0,2.0,-3.0,0,0,0,0,1,0,0,0,0,0
2020-12,2020-12-01,S4_MonthEnd,4,2020-12-31 23:59:59,2020-12-22,2.0,1,CURRENT_PHASE1_CORPUS_MONTH_TO_DATE_VINTAGE,10.4,6,6,0,1.0,1.0,4.0,3.0,3.0,6.0,-3.0,-6.0,-0.5,0.5,0.16666666666666666,0.16666666666666666,0.6666666666666666,0.5,1.0,0.0,3.0,-3.0,0,0,0,0,1,0,0,0,0,0
2021-01,2021-01-01,S1_Day7,1,2021-01-07 23:59:59,,2.0,1,CURRENT_PHASE1_CORPUS_MONTH_TO_DATE_VINTAGE,9.9,0,0,0,0.0,0.0,0.0,0.0,0.0,0.0,0.0,0.0,0.0,0.0,0.0,0.0,0.0,0.0,0.0,0.0,0.0,0.0,0,0,0,0,0,0,0,0,0,0
2021-01,2021-01-01,S2_Day14,2,2021-01-14 23:59:59,,2.0,1,CURRENT_PHASE1_CORPUS_MONTH_TO_DATE_VINTAGE,9.9,0,0,0,0.0,0.0,0.0,0.0,0.0,0.0,0.0,0.0,0.0,0.0,0.0,0.0,0.0,0.0,0.0,0.0,0.0,0.0,0,0,0,0,0,0,0,0,0,0
2021-01,2021-01-01,S3_Day21,3,2021-01-21 23:59:59,,2.0,1,CURRENT_PHASE1_CORPUS_MONTH_TO_DATE_VINTAGE,9.9,0,0,0,0.0,0.0,0.0,0.0,0.0,0.0,0.0,0.0,0.0,0.0,0.0,0.0,0.0,0.0,0.0,0.0,0.0,0.0,0,0,0,0,0,0,0,0,0,0
2021-01,2021-01-01,S4_MonthEnd,4,2021-01-31 23:59:59,2021-01-30,2.0,1,CURRENT_PHASE1_CORPUS_MONTH_TO_DATE_VINTAGE,9.9,3,2,1,0.0,0.0,3.0,2.0,0.0,0.0,0.0,0.0,0.0,2.0,0.0,0.0,1.0,0.6666666666666666,0.6666666666666666,0.0,1.5,0.0,1,0,0,0,1,0,0,0,0,0
2021-02,2021-02-01,S1_Day7,1,2021-02-07 23:59:59,2021-02-04,2.0,1,CURRENT_PHASE1_CORPUS_MONTH_TO_DATE_VINTAGE,10.3,4,2,2,1.0,0.0,3.0,2.0,7.0,0.0,7.0,7.0,1.75,1.5,0.25,0.0,0.75,0.5,0.5,0.25,2.0,3.5,3,0,0,0,1,0,0,0,0,0
2021-02,2021-02-01,S2_Day14,2,2021-02-14 23:59:59,2021-02-12,2.0,1,CURRENT_PHASE1_CORPUS_MONTH_TO_DATE_VINTAGE,10.3,6,3,3,1.0,1.0,4.0,3.0,7.0,2.0,5.0,5.0,0.8333333333333334,1.1666666666666667,0.16666666666666666,0.16666666666666666,0.6666666666666666,0.5,0.5,0.0,3.0,2.5,3,0,0,0,1,0,1,0,0,0
2021-02,2021-02-01,S3_Day21,3,2021-02-21 23:59:59,2021-02-17,2.0,1,CURRENT_PHASE1_CORPUS_MONTH_TO_DATE_VINTAGE,10.3,9,5,4,2.0,1.0,6.0,4.0,10.0,2.0,8.0,8.0,0.8888888888888888,0.8888888888888888,0.2222222222222222,0.1111111111111111,0.6666666666666666,0.4444444444444444,0.5555555555555556,0.1111111111111111,4.5,4.0,3,0,0,0,2,1,1,0,0,0
2021-02,2021-02-01,S4_MonthEnd,4,2021-02-28 23:59:59,2021-02-26,2.0,1,CURRENT_PHASE1_CORPUS_MONTH_TO_DATE_VINTAGE,10.3,11,6,5,3.0,2.0,6.0,6.0,14.0,5.0,9.0,6.0,0.8181818181818182,1.1818181818181819,0.2727272727272727,0.18181818181818182,0.5454545454545454,0.5454545454545454,0.5454545454545454,0.09090909090909091,5.5,3.0,5,0,0,0,2,1,1,0,0,0
2021-03,2021-03-01,S1_Day7,1,2021-03-07 23:59:59,,2.0,1,CURRENT_PHASE1_CORPUS_MONTH_TO_DATE_VINTAGE,10.3,0,0,0,0.0,0.0,0.0,0.0,0.0,0.0,0.0,0.0,0.0,0.0,0.0,0.0,0.0,0.0,0.0,0.0,0.0,0.0,0,0,0,0,0,0,0,0,0,0
2021-03,2021-03-01,S2_Day14,2,2021-03-14 23:59:59,2021-03-14,2.0,1,CURRENT_PHASE1_CORPUS_MONTH_TO_DATE_VINTAGE,10.3,3,2,1,0.0,1.0,2.0,0.0,3.0,5.0,-2.0,-2.0,-0.6666666666666666,0.0,0.0,0.3333333333333333,0.6666666666666666,0.0,0.6666666666666666,-0.3333333333333333,1.5,-1.0,0,0,0,0,0,1,1,0,0,0
2021-03,2021-03-01,S3_Day21,3,2021-03-21 23:59:59,2021-03-18,2.0,1,CURRENT_PHASE1_CORPUS_MONTH_TO_DATE_VINTAGE,10.3,7,2,5,1.0,1.0,5.0,0.0,7.0,5.0,2.0,2.0,0.2857142857142857,0.0,0.14285714285714285,0.14285714285714285,0.7142857142857143,0.0,0.2857142857142857,0.0,3.5,1.0,2,0,0,2,0,1,1,0,0,0
2021-03,2021-03-01,S4_MonthEnd,4,2021-03-31 23:59:59,2021-03-30,2.0,1,CURRENT_PHASE1_CORPUS_MONTH_TO_DATE_VINTAGE,10.3,14,6,8,2.0,1.0,11.0,4.0,10.0,5.0,5.0,8.0,0.35714285714285715,1.0714285714285714,0.14285714285714285,0.07142857142857142,0.7857142857142857,0.2857142857142857,0.42857142857142855,0.07142857142857142,7.0,4.0,8,0,0,3,0,1,1,0,0,0
2021-04,2021-04-01,S1_Day7,1,2021-04-07 23:59:59,2021-04-07,2.0,1,CURRENT_PHASE1_CORPUS_MONTH_TO_DATE_VINTAGE,8.5,1,0,1,0.0,0.0,1.0,1.0,0.0,0.0,0.0,0.0,0.0,3.0,0.0,0.0,1.0,1.0,0.0,0.0,0.5,0.0,0,0,0,1,0,0,0,0,0,0
2021-04,2021-04-01,S2_Day14,2,2021-04-14 23:59:59,2021-04-14,2.0,1,CURRENT_PHASE1_CORPUS_MONTH_TO_DATE_VINTAGE,8.5,4,2,2,0.0,0.0,4.0,2.0,0.0,0.0,0.0,0.0,0.0,1.5,0.0,0.0,1.0,0.5,0.5,0.0,2.0,0.0,1,0,0,1,0,0,1,0,0,0
2021-04,2021-04-01,S3_Day21,3,2021-04-21 23:59:59,2021-04-20,2.0,1,CURRENT_PHASE1_CORPUS_MONTH_TO_DATE_VINTAGE,8.5,5,3,2,0.0,0.0,5.0,3.0,0.0,0.0,0.0,0.0,0.0,1.8,0.0,0.0,1.0,0.6,0.6,0.0,2.5,0.0,1,0,0,1,0,0,2,0,0,0
2021-04,2021-04-01,S4_MonthEnd,4,2021-04-30 23:59:59,2021-04-28,2.0,1,CURRENT_PHASE1_CORPUS_MONTH_TO_DATE_VINTAGE,8.5,7,3,4,1.0,0.0,6.0,4.0,2.0,0.0,2.0,2.0,0.2857142857142857,1.5714285714285714,0.14285714285714285,0.0,0.8571428571428571,0.5714285714285714,0.42857142857142855,0.14285714285714285,3.5,1.0,1,0,0,2,0,0,3,0,0,0
2021-05,2021-05-01,S1_Day7,1,2021-05-07 23:59:59,2021-05-07,2.0,1,CURRENT_PHASE1_CORPUS_MONTH_TO_DATE_VINTAGE,7.5,6,0,6,3.0,0.0,3.0,2.0,16.0,0.0,16.0,16.0,2.6666666666666665,0.3333333333333333,0.5,0.0,0.5,0.3333333333333333,0.0,0.5,3.0,8.0,6,0,0,0,0,0,0,0,0,0
2021-05,2021-05-01,S2_Day14,2,2021-05-14 23:59:59,2021-05-12,2.0,1,CURRENT_PHASE1_CORPUS_MONTH_TO_DATE_VINTAGE,7.5,8,1,7,4.0,0.0,4.0,3.0,19.0,0.0,19.0,22.0,2.375,0.5,0.5,0.0,0.5,0.375,0.125,0.5,4.0,11.0,7,0,0,0,0,0,0,0,0,0
2021-05,2021-05-01,S3_Day21,3,2021-05-21 23:59:59,2021-05-19,2.0,1,CURRENT_PHASE1_CORPUS_MONTH_TO_DATE_VINTAGE,7.5,11,3,8,5.0,1.0,5.0,4.0,21.0,3.0,18.0,18.0,1.6363636363636365,0.45454545454545453,0.45454545454545453,0.09090909090909091,0.45454545454545453,0.36363636363636365,0.2727272727272727,0.36363636363636365,5.5,9.0,8,0,0,1,0,0,0,0,0,0
2021-05,2021-05-01,S4_MonthEnd,4,2021-05-31 23:59:59,2021-05-31,2.0,1,CURRENT_PHASE1_CORPUS_MONTH_TO_DATE_VINTAGE,7.5,18,7,11,6.0,5.0,7.0,9.0,25.0,14.0,11.0,4.0,0.6111111111111112,1.0555555555555556,0.3333333333333333,0.2777777777777778,0.3888888888888889,0.5,0.3888888888888889,0.05555555555555555,9.0,2.0,11,0,0,1,1,0,3,0,0,0
2021-06,2021-06-01,S1_Day7,1,2021-06-07 23:59:59,2021-06-03,2.0,1,CURRENT_PHASE1_CORPUS_MONTH_TO_DATE_VINTAGE,7.8,1,0,1,1.0,0.0,0.0,0.0,10.0,0.0,10.0,10.0,10.0,0.0,1.0,0.0,0.0,0.0,0.0,1.0,0.5,5.0,1,0,0,0,0,0,0,0,0,0
2021-06,2021-06-01,S2_Day14,2,2021-06-14 23:59:59,2021-06-09,2.0,1,CURRENT_PHASE1_CORPUS_MONTH_TO_DATE_VINTAGE,7.8,4,2,2,1.0,0.0,3.0,0.0,10.0,0.0,10.0,10.0,2.5,0.0,0.25,0.0,0.75,0.0,0.5,0.25,2.0,5.0,2,0,0,0,0,0,0,0,0,0
2021-06,2021-06-01,S3_Day21,3,2021-06-21 23:59:59,2021-06-16,2.0,1,CURRENT_PHASE1_CORPUS_MONTH_TO_DATE_VINTAGE,7.8,5,3,2,1.0,0.0,4.0,0.0,10.0,0.0,10.0,10.0,2.0,0.0,0.2,0.0,0.8,0.0,0.6,0.2,2.5,5.0,2,0,0,0,0,0,0,0,0,0
2021-06,2021-06-01,S4_MonthEnd,4,2021-06-30 23:59:59,2021-06-25,2.0,1,CURRENT_PHASE1_CORPUS_MONTH_TO_DATE_VINTAGE,7.8,7,4,3,2.0,1.0,4.0,0.0,15.0,5.0,10.0,5.0,1.4285714285714286,0.0,0.2857142857142857,0.14285714285714285,0.5714285714285714,0.0,0.5714285714285714,0.14285714285714285,3.5,2.5,3,0,0,0,1,0,0,0,0,0
2021-07,2021-07-01,S1_Day7,1,2021-07-07 23:59:59,,2.0,1,CURRENT_PHASE1_CORPUS_MONTH_TO_DATE_VINTAGE,9.0,0,0,0,0.0,0.0,0.0,0.0,0.0,0.0,0.0,0.0,0.0,0.0,0.0,0.0,0.0,0.0,0.0,0.0,0.0,0.0,0,0,0,0,0,0,0,0,0,0
2021-07,2021-07-01,S2_Day14,2,2021-07-14 23:59:59,2021-07-09,2.0,1,CURRENT_PHASE1_CORPUS_MONTH_TO_DATE_VINTAGE,9.0,2,0,2,0.0,0.0,2.0,1.0,0.0,0.0,0.0,0.0,0.0,0.5,0.0,0.0,1.0,0.5,0.0,0.0,1.0,0.0,0,0,0,1,0,1,0,0,0,0
2021-07,2021-07-01,S3_Day21,3,2021-07-21 23:59:59,2021-07-21,2.0,1,CURRENT_PHASE1_CORPUS_MONTH_TO_DATE_VINTAGE,9.0,6,3,3,1.0,1.0,4.0,3.0,2.0,3.0,-1.0,-4.0,-0.16666666666666666,0.6666666666666666,0.16666666666666666,0.16666666666666666,0.6666666666666666,0.5,0.5,0.0,3.0,-2.0,1,0,0,2,0,1,1,0,0,0
2021-07,2021-07-01,S4_MonthEnd,4,2021-07-31 23:59:59,2021-07-30,2.0,1,CURRENT_PHASE1_CORPUS_MONTH_TO_DATE_VINTAGE,9.0,8,5,3,1.0,1.0,6.0,4.0,2.0,3.0,-1.0,-4.0,-0.125,1.625,0.125,0.125,0.75,0.5,0.625,0.0,4.0,-2.0,1,0,0,4,0,1,1,0,0,0
2021-08,2021-08-01,S1_Day7,1,2021-08-07 23:59:59,2021-08-05,2.0,1,CURRENT_PHASE1_CORPUS_MONTH_TO_DATE_VINTAGE,9.7,2,0,2,0.0,1.0,1.0,1.0,0.0,2.0,-2.0,-2.0,-1.0,1.5,0.0,0.5,0.5,0.5,0.0,-0.5,1.0,-1.0,1,0,0,0,0,0,1,0,0,0
2021-08,2021-08-01,S2_Day14,2,2021-08-14 23:59:59,2021-08-11,2.0,1,CURRENT_PHASE1_CORPUS_MONTH_TO_DATE_VINTAGE,9.7,4,2,2,0.0,2.0,2.0,1.0,0.0,5.0,-5.0,-8.0,-1.25,0.75,0.0,0.5,0.5,0.25,0.5,-0.5,2.0,-4.0,1,0,0,0,0,0,1,0,0,0
2021-08,2021-08-01,S3_Day21,3,2021-08-21 23:59:59,2021-08-20,2.0,1,CURRENT_PHASE1_CORPUS_MONTH_TO_DATE_VINTAGE,9.7,7,4,3,1.0,2.0,4.0,3.0,2.0,5.0,-3.0,-6.0,-0.42857142857142855,1.4285714285714286,0.14285714285714285,0.2857142857142857,0.5714285714285714,0.42857142857142855,0.5714285714285714,-0.14285714285714285,3.5,-3.0,1,0,0,0,0,0,2,0,0,0
2021-08,2021-08-01,S4_MonthEnd,4,2021-08-31 23:59:59,2021-08-26,2.0,1,CURRENT_PHASE1_CORPUS_MONTH_TO_DATE_VINTAGE,9.7,11,7,4,1.0,2.0,8.0,5.0,2.0,5.0,-3.0,-6.0,-0.2727272727272727,1.5454545454545454,0.09090909090909091,0.18181818181818182,0.7272727272727273,0.45454545454545453,0.6363636363636364,-0.09090909090909091,5.5,-3.0,2,0,0,0,2,0,2,0,0,0
2021-09,2021-09-01,S1_Day7,1,2021-09-07 23:59:59,2021-09-02,2.0,1,CURRENT_PHASE1_CORPUS_MONTH_TO_DATE_VINTAGE,10.6,2,0,2,0.0,0.0,2.0,0.0,0.0,0.0,0.0,0.0,0.0,0.0,0.0,0.0,1.0,0.0,0.0,0.0,1.0,0.0,2,0,0,0,0,0,0,0,0,0
2021-09,2021-09-01,S2_Day14,2,2021-09-14 23:59:59,2021-09-10,2.0,1,CURRENT_PHASE1_CORPUS_MONTH_TO_DATE_VINTAGE,10.6,3,1,2,0.0,0.0,3.0,0.0,0.0,0.0,0.0,0.0,0.0,0.0,0.0,0.0,1.0,0.0,0.3333333333333333,0.0,1.5,0.0,2,0,0,0,0,0,0,0,0,0
2021-09,2021-09-01,S3_Day21,3,2021-09-21 23:59:59,2021-09-20,2.0,1,CURRENT_PHASE1_CORPUS_MONTH_TO_DATE_VINTAGE,10.6,4,2,2,0.0,0.0,4.0,1.0,0.0,0.0,0.0,0.0,0.0,2.0,0.0,0.0,1.0,0.25,0.5,0.0,2.0,0.0,2,0,0,0,1,0,0,0,0,0
2021-09,2021-09-01,S4_MonthEnd,4,2021-09-30 23:59:59,2021-09-30,2.0,1,CURRENT_PHASE1_CORPUS_MONTH_TO_DATE_VINTAGE,10.6,13,7,6,5.0,0.0,8.0,8.0,11.0,0.0,11.0,15.0,0.8461538461538461,3.5384615384615383,0.38461538461538464,0.0,0.6153846153846154,0.6153846153846154,0.5384615384615384,0.38461538461538464,6.5,7.5,3,0,0,1,4,1,3,0,0,0
2021-10,2021-10-01,S1_Day7,1,2021-10-07 23:59:59,,2.0,1,CURRENT_PHASE1_CORPUS_MONTH_TO_DATE_VINTAGE,11.0,0,0,0,0.0,0.0,0.0,0.0,0.0,0.0,0.0,0.0,0.0,0.0,0.0,0.0,0.0,0.0,0.0,0.0,0.0,0.0,0,0,0,0,0,0,0,0,0,0
2021-10,2021-10-01,S2_Day14,2,2021-10-14 23:59:59,,2.0,1,CURRENT_PHASE1_CORPUS_MONTH_TO_DATE_VINTAGE,11.0,0,0,0,0.0,0.0,0.0,0.0,0.0,0.0,0.0,0.0,0.0,0.0,0.0,0.0,0.0,0.0,0.0,0.0,0.0,0.0,0,0,0,0,0,0,0,0,0,0
2021-10,2021-10-01,S3_Day21,3,2021-10-21 23:59:59,2021-10-19,2.0,1,CURRENT_PHASE1_CORPUS_MONTH_TO_DATE_VINTAGE,11.0,2,0,2,0.0,0.0,2.0,0.0,0.0,0.0,0.0,0.0,0.0,0.0,0.0,0.0,1.0,0.0,0.0,0.0,1.0,0.0,2,0,0,0,0,0,0,0,0,0
2021-10,2021-10-01,S4_MonthEnd,4,2021-10-31 23:59:59,2021-10-27,2.0,1,CURRENT_PHASE1_CORPUS_MONTH_TO_DATE_VINTAGE,11.0,4,1,3,0.0,0.0,4.0,1.0,0.0,0.0,0.0,0.0,0.0,0.75,0.0,0.0,1.0,0.25,0.25,0.0,2.0,0.0,3,0,0,0,0,0,1,0,0,0
2021-11,2021-11-01,S1_Day7,1,2021-11-07 23:59:59,2021-11-05,2.0,1,CURRENT_PHASE1_CORPUS_MONTH_TO_DATE_VINTAGE,12.3,2,0,2,1.0,0.0,1.0,1.0,8.0,0.0,8.0,8.0,4.0,0.5,0.5,0.0,0.5,0.5,0.0,0.5,1.0,4.0,2,0,0,0,0,0,0,0,0,0
2021-11,2021-11-01,S2_Day14,2,2021-11-14 23:59:59,2021-11-12,2.0,1,CURRENT_PHASE1_CORPUS_MONTH_TO_DATE_VINTAGE,12.3,7,1,6,2.0,1.0,4.0,4.0,11.0,2.0,9.0,12.0,1.2857142857142858,0.8571428571428571,0.2857142857142857,0.14285714285714285,0.5714285714285714,0.5714285714285714,0.14285714285714285,0.14285714285714285,3.5,6.0,4,0,0,0,0,0,2,0,0,0
2021-11,2021-11-01,S3_Day21,3,2021-11-21 23:59:59,2021-11-20,2.0,1,CURRENT_PHASE1_CORPUS_MONTH_TO_DATE_VINTAGE,12.3,16,5,11,3.0,1.0,12.0,6.0,18.0,4.0,14.0,17.0,0.875,0.5,0.1875,0.0625,0.75,0.375,0.3125,0.125,8.0,8.5,8,0,0,3,0,1,3,0,0,0
2021-11,2021-11-01,S4_MonthEnd,4,2021-11-30 23:59:59,2021-11-30,2.0,1,CURRENT_PHASE1_CORPUS_MONTH_TO_DATE_VINTAGE,12.3,32,11,21,11.0,2.0,19.0,12.0,37.0,8.0,29.0,38.0,0.90625,1.21875,0.34375,0.0625,0.59375,0.375,0.34375,0.28125,16.0,19.0,10,0,0,7,3,2,8,1,0,0
2021-12,2021-12-01,S1_Day7,1,2021-12-07 23:59:59,2021-12-06,2.0,1,CURRENT_PHASE1_CORPUS_MONTH_TO_DATE_VINTAGE,12.6,3,1,2,1.0,0.0,2.0,0.0,2.0,0.0,2.0,2.0,0.6666666666666666,0.0,0.3333333333333333,0.0,0.6666666666666666,0.0,0.3333333333333333,0.3333333333333333,1.5,1.0,2,0,0,1,0,0,0,0,0,0
2021-12,2021-12-01,S2_Day14,2,2021-12-14 23:59:59,2021-12-13,2.0,1,CURRENT_PHASE1_CORPUS_MONTH_TO_DATE_VINTAGE,12.6,7,1,6,2.0,0.0,5.0,3.0,6.0,2.0,4.0,4.0,0.5714285714285714,0.42857142857142855,0.2857142857142857,0.0,0.7142857142857143,0.42857142857142855,0.14285714285714285,0.2857142857142857,3.5,2.0,4,0,0,3,0,0,0,0,0,0
2021-12,2021-12-01,S3_Day21,3,2021-12-21 23:59:59,2021-12-17,2.0,1,CURRENT_PHASE1_CORPUS_MONTH_TO_DATE_VINTAGE,12.6,9,1,8,2.0,1.0,6.0,4.0,6.0,4.0,2.0,2.0,0.2222222222222222,0.5555555555555556,0.2222222222222222,0.1111111111111111,0.6666666666666666,0.4444444444444444,0.1111111111111111,0.1111111111111111,4.5,1.0,6,0,0,3,0,0,0,0,0,0
2021-12,2021-12-01,S4_MonthEnd,4,2021-12-31 23:59:59,2021-12-27,2.0,1,CURRENT_PHASE1_CORPUS_MONTH_TO_DATE_VINTAGE,12.6,10,1,9,2.0,1.0,7.0,4.0,6.0,4.0,2.0,2.0,0.2,0.5,0.2,0.1,0.7,0.4,0.1,0.1,5.0,1.0,6,0,0,3,1,0,0,0,0,0
2022-01,2022-01-01,S1_Day7,1,2022-01-07 23:59:59,2022-01-03,2.0,1,CURRENT_PHASE1_CORPUS_MONTH_TO_DATE_VINTAGE,13.9,1,0,1,0.0,0.0,1.0,0.0,0.0,0.0,0.0,0.0,0.0,0.0,0.0,0.0,1.0,0.0,0.0,0.0,0.5,0.0,1,0,0,0,0,0,0,0,0,0
2022-01,2022-01-01,S2_Day14,2,2022-01-14 23:59:59,2022-01-14,2.0,1,CURRENT_PHASE1_CORPUS_MONTH_TO_DATE_VINTAGE,13.9,7,1,6,3.0,0.0,4.0,0.0,11.0,0.0,11.0,11.0,1.5714285714285714,0.0,0.42857142857142855,0.0,0.5714285714285714,0.0,0.14285714285714285,0.42857142857142855,3.5,5.5,5,0,0,1,0,0,0,0,0,0
2022-01,2022-01-01,S3_Day21,3,2022-01-21 23:59:59,2022-01-19,2.0,1,CURRENT_PHASE1_CORPUS_MONTH_TO_DATE_VINTAGE,13.9,10,3,7,4.0,0.0,6.0,2.0,13.0,0.0,13.0,13.0,1.3,0.3,0.4,0.0,0.6,0.2,0.3,0.4,5.0,6.5,6,0,0,1,0,0,1,0,0,0
2022-01,2022-01-01,S4_MonthEnd,4,2022-01-31 23:59:59,2022-01-31,2.0,1,CURRENT_PHASE1_CORPUS_MONTH_TO_DATE_VINTAGE,13.9,18,7,11,5.0,1.0,12.0,6.0,22.0,3.0,19.0,16.0,1.0555555555555556,0.8888888888888888,0.2777777777777778,0.05555555555555555,0.6666666666666666,0.3333333333333333,0.3888888888888889,0.2222222222222222,9.0,8.0,8,0,0,1,2,2,2,0,0,0
2022-02,2022-02-01,S1_Day7,1,2022-02-07 23:59:59,2022-02-07,2.0,1,CURRENT_PHASE1_CORPUS_MONTH_TO_DATE_VINTAGE,15.7,4,0,4,2.0,0.0,2.0,2.0,5.0,0.0,5.0,5.0,1.25,0.75,0.5,0.0,0.5,0.5,0.0,0.5,2.0,2.5,2,0,0,0,1,1,0,0,0,0
2022-02,2022-02-01,S2_Day14,2,2022-02-14 23:59:59,2022-02-12,2.0,1,CURRENT_PHASE1_CORPUS_MONTH_TO_DATE_VINTAGE,15.7,8,0,8,3.0,1.0,4.0,2.0,7.0,2.0,5.0,5.0,0.625,0.375,0.375,0.125,0.5,0.25,0.0,0.25,4.0,2.5,3,0,0,1,1,1,2,0,0,0
2022-02,2022-02-01,S3_Day21,3,2022-02-21 23:59:59,2022-02-21,2.0,1,CURRENT_PHASE1_CORPUS_MONTH_TO_DATE_VINTAGE,15.7,13,1,12,3.0,1.0,9.0,5.0,7.0,2.0,5.0,5.0,0.38461538461538464,1.1538461538461537,0.23076923076923078,0.07692307692307693,0.6923076923076923,0.38461538461538464,0.07692307692307693,0.15384615384615385,6.5,2.5,7,0,0,1,2,1,2,0,0,0
2022-02,2022-02-01,S4_MonthEnd,4,2022-02-28 23:59:59,2022-02-28,2.0,1,CURRENT_PHASE1_CORPUS_MONTH_TO_DATE_VINTAGE,15.7,19,2,17,6.0,1.0,12.0,7.0,18.0,4.0,14.0,14.0,0.7368421052631579,1.3157894736842106,0.3157894736842105,0.05263157894736842,0.631578947368421,0.3684210526315789,0.10526315789473684,0.2631578947368421,9.5,7.0,11,0,0,2,2,2,2,0,0,0
2022-03,2022-03-01,S1_Day7,1,2022-03-07 23:59:59,2022-03-07,2.0,1,CURRENT_PHASE1_CORPUS_MONTH_TO_DATE_VINTAGE,19.4,5,2,3,0.0,0.0,5.0,4.0,0.0,0.0,0.0,0.0,0.0,1.4,0.0,0.0,1.0,0.8,0.4,0.0,2.5,0.0,3,0,0,1,0,0,0,0,0,0
2022-03,2022-03-01,S2_Day14,2,2022-03-14 23:59:59,2022-03-14,2.0,1,CURRENT_PHASE1_CORPUS_MONTH_TO_DATE_VINTAGE,19.4,11,4,7,4.0,0.0,7.0,10.0,27.0,0.0,27.0,39.0,2.4545454545454546,1.9090909090909092,0.36363636363636365,0.0,0.6363636363636364,0.9090909090909091,0.36363636363636365,0.36363636363636365,5.5,19.5,6,0,0,1,1,1,1,0,0,0
2022-03,2022-03-01,S3_Day21,3,2022-03-21 23:59:59,2022-03-21,2.0,1,CURRENT_PHASE1_CORPUS_MONTH_TO_DATE_VINTAGE,19.4,24,10,14,8.0,0.0,16.0,18.0,41.0,0.0,41.0,59.0,1.7083333333333333,1.8333333333333333,0.3333333333333333,0.0,0.6666666666666666,0.75,0.4166666666666667,0.3333333333333333,12.0,29.5,14,0,0,2,1,3,2,0,0,0
2022-03,2022-03-01,S4_MonthEnd,4,2022-03-31 23:59:59,2022-03-31,2.0,1,CURRENT_PHASE1_CORPUS_MONTH_TO_DATE_VINTAGE,19.4,37,13,24,11.0,0.0,26.0,23.0,48.0,0.0,48.0,66.0,1.2972972972972974,1.5675675675675675,0.2972972972972973,0.0,0.7027027027027027,0.6216216216216216,0.35135135135135137,0.2972972972972973,18.5,33.0,18,0,0,3,1,6,4,0,0,1
2022-04,2022-04-01,S1_Day7,1,2022-04-07 23:59:59,2022-04-07,2.0,1,CURRENT_PHASE1_CORPUS_MONTH_TO_DATE_VINTAGE,23.6,5,2,3,1.0,0.0,4.0,2.0,3.0,0.0,3.0,3.0,0.6,0.4,0.2,0.0,0.8,0.4,0.4,0.2,2.5,1.5,0,0,0,0,0,0,4,0,0,0
2022-04,2022-04-01,S2_Day14,2,2022-04-14 23:59:59,2022-04-14,2.0,1,CURRENT_PHASE1_CORPUS_MONTH_TO_DATE_VINTAGE,23.6,10,6,4,5.0,0.0,5.0,5.0,16.0,0.0,16.0,26.0,1.6,1.1,0.5,0.0,0.5,0.5,0.6,0.5,5.0,13.0,0,0,1,0,0,1,6,0,0,0
2022-04,2022-04-01,S3_Day21,3,2022-04-21 23:59:59,2022-04-21,2.0,1,CURRENT_PHASE1_CORPUS_MONTH_TO_DATE_VINTAGE,23.6,13,7,6,7.0,0.0,6.0,5.0,28.0,5.0,23.0,39.0,1.7692307692307692,0.8461538461538461,0.5384615384615384,0.0,0.46153846153846156,0.38461538461538464,0.5384615384615384,0.5384615384615384,6.5,19.5,1,0,1,0,1,2,6,0,0,0
2022-04,2022-04-01,S4_MonthEnd,4,2022-04-30 23:59:59,2022-04-30,2.0,1,CURRENT_PHASE1_CORPUS_MONTH_TO_DATE_VINTAGE,23.6,20,11,9,7.0,0.0,13.0,9.0,28.0,5.0,23.0,39.0,1.15,1.55,0.35,0.0,0.65,0.45,0.55,0.35,10.0,19.5,1,0,1,1,3,3,7,0,0,0
2022-05,2022-05-01,S1_Day7,1,2022-05-07 23:59:59,2022-05-07,2.0,1,CURRENT_PHASE1_CORPUS_MONTH_TO_DATE_VINTAGE,27.7,1,0,1,1.0,0.0,0.0,1.0,2.0,0.0,2.0,2.0,2.0,2.0,1.0,0.0,0.0,1.0,0.0,1.0,0.5,1.0,1,0,0,0,0,0,0,0,0,0
2022-05,2022-05-01,S2_Day14,2,2022-05-14 23:59:59,2022-05-12,2.0,1,CURRENT_PHASE1_CORPUS_MONTH_TO_DATE_VINTAGE,27.7,13,5,8,4.0,0.0,9.0,4.0,11.0,0.0,11.0,20.0,0.8461538461538461,0.6923076923076923,0.3076923076923077,0.0,0.6923076923076923,0.3076923076923077,0.38461538461538464,0.3076923076923077,6.5,10.0,8,0,0,0,0,2,2,0,0,0
2022-05,2022-05-01,S3_Day21,3,2022-05-21 23:59:59,2022-05-21,2.0,1,CURRENT_PHASE1_CORPUS_MONTH_TO_DATE_VINTAGE,27.7,25,14,11,6.0,1.0,18.0,8.0,17.0,3.0,14.0,25.0,0.56,1.28,0.24,0.04,0.72,0.32,0.56,0.2,12.5,12.5,10,0,0,0,4,2,4,1,0,1
2022-05,2022-05-01,S4_MonthEnd,4,2022-05-31 23:59:59,2022-05-31,2.0,1,CURRENT_PHASE1_CORPUS_MONTH_TO_DATE_VINTAGE,27.7,38,23,15,8.0,1.0,29.0,15.0,24.0,3.0,21.0,32.0,0.5526315789473685,1.1578947368421053,0.21052631578947367,0.02631578947368421,0.7631578947368421,0.39473684210526316,0.6052631578947368,0.18421052631578946,19.0,16.0,11,0,0,0,6,5,6,1,0,1
2022-06,2022-06-01,S1_Day7,1,2022-06-07 23:59:59,2022-06-07,2.0,1,CURRENT_PHASE1_CORPUS_MONTH_TO_DATE_VINTAGE,29.8,12,8,4,5.0,0.0,7.0,3.0,12.0,0.0,12.0,20.0,1.0,0.75,0.4166666666666667,0.0,0.5833333333333334,0.25,0.6666666666666666,0.4166666666666667,6.0,10.0,5,0,0,1,4,0,0,0,0,0
2022-06,2022-06-01,S2_Day14,2,2022-06-14 23:59:59,2022-06-14,2.0,1,CURRENT_PHASE1_CORPUS_MONTH_TO_DATE_VINTAGE,29.8,19,12,7,6.0,1.0,12.0,6.0,14.0,8.0,6.0,6.0,0.3157894736842105,1.0526315789473684,0.3157894736842105,0.05263157894736842,0.631578947368421,0.3157894736842105,0.631578947368421,0.2631578947368421,9.5,3.0,7,0,0,1,5,0,4,0,0,0
2022-06,2022-06-01,S3_Day21,3,2022-06-21 23:59:59,2022-06-21,2.0,1,CURRENT_PHASE1_CORPUS_MONTH_TO_DATE_VINTAGE,29.8,30,17,13,11.0,1.0,18.0,13.0,29.0,8.0,21.0,23.0,0.7,1.4,0.36666666666666664,0.03333333333333333,0.6,0.43333333333333335,0.5666666666666667,0.3333333333333333,15.0,11.5,13,0,0,1,7,1,5,0,0,0
2022-06,2022-06-01,S4_MonthEnd,4,2022-06-30 23:59:59,2022-06-29,2.0,1,CURRENT_PHASE1_CORPUS_MONTH_TO_DATE_VINTAGE,29.8,36,21,15,14.0,1.0,21.0,17.0,36.0,8.0,28.0,33.0,0.7777777777777778,1.4444444444444444,0.3888888888888889,0.027777777777777776,0.5833333333333334,0.4722222222222222,0.5833333333333334,0.3611111111111111,18.0,16.5,15,0,0,1,7,2,6,0,0,0
2022-07,2022-07-01,S1_Day7,1,2022-07-07 23:59:59,2022-07-06,2.0,1,CURRENT_PHASE1_CORPUS_MONTH_TO_DATE_VINTAGE,31.8,6,3,3,2.0,0.0,4.0,3.0,6.0,0.0,6.0,8.0,1.0,1.5,0.3333333333333333,0.0,0.6666666666666666,0.5,0.5,0.3333333333333333,3.0,4.0,2,0,0,0,0,0,2,1,0,0
2022-07,2022-07-01,S2_Day14,2,2022-07-14 23:59:59,2022-07-14,2.0,1,CURRENT_PHASE1_CORPUS_MONTH_TO_DATE_VINTAGE,31.8,11,7,4,3.0,0.0,8.0,6.0,8.0,0.0,8.0,12.0,0.7272727272727273,1.3636363636363635,0.2727272727272727,0.0,0.7272727272727273,0.5454545454545454,0.6363636363636364,0.2727272727272727,5.5,6.0,2,0,0,1,2,0,2,1,0,0
2022-07,2022-07-01,S3_Day21,3,2022-07-21 23:59:59,2022-07-20,2.0,1,CURRENT_PHASE1_CORPUS_MONTH_TO_DATE_VINTAGE,31.8,18,12,6,3.0,0.0,15.0,11.0,8.0,0.0,8.0,12.0,0.4444444444444444,1.7777777777777777,0.16666666666666666,0.0,0.8333333333333334,0.6111111111111112,0.6666666666666666,0.16666666666666666,9.0,6.0,4,0,0,1,5,0,3,1,0,0
2022-07,2022-07-01,S4_MonthEnd,4,2022-07-31 23:59:59,2022-07-30,2.0,1,CURRENT_PHASE1_CORPUS_MONTH_TO_DATE_VINTAGE,31.8,28,17,11,7.0,1.0,20.0,17.0,24.0,4.0,20.0,35.0,0.7142857142857143,1.6071428571428572,0.25,0.03571428571428571,0.7142857142857143,0.6071428571428571,0.6071428571428571,0.21428571428571427,14.0,17.5,6,0,0,3,6,1,6,1,0,0
2022-08,2022-08-01,S1_Day7,1,2022-08-07 23:59:59,2022-08-05,2.0,1,CURRENT_PHASE1_CORPUS_MONTH_TO_DATE_VINTAGE,33.9,4,2,2,2.0,1.0,1.0,3.0,7.0,2.0,5.0,3.0,1.25,1.75,0.5,0.25,0.25,0.75,0.5,0.25,2.0,1.5,3,0,0,0,0,0,0,0,0,0
2022-08,2022-08-01,S2_Day14,2,2022-08-14 23:59:59,2022-08-13,2.0,1,CURRENT_PHASE1_CORPUS_MONTH_TO_DATE_VINTAGE,33.9,10,6,4,4.0,1.0,5.0,6.0,12.0,4.0,8.0,8.0,0.8,1.4,0.4,0.1,0.5,0.6,0.6,0.3,5.0,4.0,3,0,0,1,0,1,0,0,0,0
2022-08,2022-08-01,S3_Day21,3,2022-08-21 23:59:59,2022-08-19,2.0,1,CURRENT_PHASE1_CORPUS_MONTH_TO_DATE_VINTAGE,33.9,37,24,13,16.0,1.0,20.0,24.0,79.0,4.0,75.0,110.0,2.027027027027027,2.0,0.43243243243243246,0.02702702702702703,0.5405405405405406,0.6486486486486487,0.6486486486486487,0.40540540540540543,18.5,55.0,9,0,0,1,1,13,3,0,0,0
2022-08,2022-08-01,S4_MonthEnd,4,2022-08-31 23:59:59,2022-08-31,2.0,1,CURRENT_PHASE1_CORPUS_MONTH_TO_DATE_VINTAGE,33.9,63,41,22,22.0,1.0,40.0,38.0,99.0,4.0,95.0,142.0,1.507936507936508,1.6666666666666667,0.3492063492063492,0.015873015873015872,0.6349206349206349,0.6031746031746031,0.6507936507936508,0.3333333333333333,31.5,71.0,14,0,1,4,4,21,5,0,0,0
2022-09,2022-09-01,S1_Day7,1,2022-09-07 23:59:59,2022-09-07,2.0,1,CURRENT_PHASE1_CORPUS_MONTH_TO_DATE_VINTAGE,37.2,9,7,2,0.0,0.0,9.0,6.0,0.0,0.0,0.0,0.0,0.0,1.5555555555555556,0.0,0.0,1.0,0.6666666666666666,0.7777777777777778,0.0,4.5,0.0,3,0,0,0,2,0,2,0,0,0
2022-09,2022-09-01,S2_Day14,2,2022-09-14 23:59:59,2022-09-14,2.0,1,CURRENT_PHASE1_CORPUS_MONTH_TO_DATE_VINTAGE,37.2,17,11,6,1.0,1.0,15.0,9.0,8.0,6.0,2.0,2.0,0.11764705882352941,1.0588235294117647,0.058823529411764705,0.058823529411764705,0.8823529411764706,0.5294117647058824,0.6470588235294118,0.0,8.5,1.0,5,0,0,1,2,1,3,0,0,0
2022-09,2022-09-01,S3_Day21,3,2022-09-21 23:59:59,2022-09-21,2.0,1,CURRENT_PHASE1_CORPUS_MONTH_TO_DATE_VINTAGE,37.2,26,13,13,5.0,2.0,19.0,15.0,34.0,8.0,26.0,26.0,1.0,1.0384615384615385,0.19230769230769232,0.07692307692307693,0.7307692307692307,0.5769230769230769,0.5,0.11538461538461539,13.0,13.0,7,0,0,2,2,7,3,0,0,0
2022-09,2022-09-01,S4_MonthEnd,4,2022-09-30 23:59:59,2022-09-30,2.0,1,CURRENT_PHASE1_CORPUS_MONTH_TO_DATE_VINTAGE,37.2,35,20,15,6.0,2.0,27.0,23.0,43.0,8.0,35.0,35.0,1.0,1.2857142857142858,0.17142857142857143,0.05714285714285714,0.7714285714285715,0.6571428571428571,0.5714285714285714,0.11428571428571428,17.5,17.5,7,0,0,5,5,9,3,0,0,0
2022-10,2022-10-01,S1_Day7,1,2022-10-07 23:59:59,2022-10-07,2.0,1,CURRENT_PHASE1_CORPUS_MONTH_TO_DATE_VINTAGE,40.4,8,6,2,4.0,1.0,3.0,3.0,12.0,3.0,9.0,12.0,1.125,0.625,0.5,0.125,0.375,0.375,0.75,0.375,4.0,6.0,0,0,0,1,2,2,1,0,0,0
2022-10,2022-10-01,S2_Day14,2,2022-10-14 23:59:59,2022-10-14,2.0,1,CURRENT_PHASE1_CORPUS_MONTH_TO_DATE_VINTAGE,40.4,16,13,3,6.0,2.0,8.0,6.0,21.0,8.0,13.0,20.0,0.8125,1.125,0.375,0.125,0.5,0.375,0.8125,0.25,8.0,10.0,1,0,0,1,3,3,1,0,0,0
2022-10,2022-10-01,S3_Day21,3,2022-10-21 23:59:59,2022-10-21,2.0,1,CURRENT_PHASE1_CORPUS_MONTH_TO_DATE_VINTAGE,40.4,33,26,7,10.0,2.0,21.0,15.0,33.0,11.0,22.0,30.0,0.6666666666666666,1.3333333333333333,0.30303030303030304,0.06060606060606061,0.6363636363636364,0.45454545454545453,0.7878787878787878,0.24242424242424243,16.5,15.0,4,0,0,1,8,4,2,0,0,0
2022-10,2022-10-01,S4_MonthEnd,4,2022-10-31 23:59:59,2022-10-31,2.0,1,CURRENT_PHASE1_CORPUS_MONTH_TO_DATE_VINTAGE,40.4,56,34,22,16.0,2.0,38.0,23.0,55.0,11.0,44.0,55.0,0.7857142857142857,1.0714285714285714,0.2857142857142857,0.03571428571428571,0.6785714285714286,0.4107142857142857,0.6071428571428571,0.25,28.0,27.5,10,0,0,2,8,12,6,0,0,0
2022-11,2022-11-01,S1_Day7,1,2022-11-07 23:59:59,2022-11-07,2.0,1,CURRENT_PHASE1_CORPUS_MONTH_TO_DATE_VINTAGE,50.3,20,6,14,8.0,1.0,11.0,8.0,29.0,4.0,25.0,27.0,1.25,1.25,0.4,0.05,0.55,0.4,0.3,0.35,10.0,13.5,10,0,0,0,0,4,3,1,0,0
2022-11,2022-11-01,S2_Day14,2,2022-11-14 23:59:59,2022-11-14,2.0,1,CURRENT_PHASE1_CORPUS_MONTH_TO_DATE_VINTAGE,50.3,30,11,19,10.0,1.0,19.0,9.0,35.0,4.0,31.0,36.0,1.0333333333333334,0.8666666666666667,0.3333333333333333,0.03333333333333333,0.6333333333333333,0.3,0.36666666666666664,0.3,15.0,18.0,13,0,0,1,0,6,3,1,0,1
2022-11,2022-11-01,S3_Day21,3,2022-11-21 23:59:59,2022-11-21,2.0,1,CURRENT_PHASE1_CORPUS_MONTH_TO_DATE_VINTAGE,50.3,37,16,21,11.0,1.0,25.0,10.0,40.0,4.0,36.0,41.0,0.972972972972973,0.7297297297297297,0.2972972972972973,0.02702702702702703,0.6756756756756757,0.2702702702702703,0.43243243243243246,0.2702702702702703,18.5,20.5,13,0,0,2,0,7,4,2,0,1
2022-11,2022-11-01,S4_MonthEnd,4,2022-11-30 23:59:59,2022-11-30,2.0,1,CURRENT_PHASE1_CORPUS_MONTH_TO_DATE_VINTAGE,50.3,63,28,35,18.0,2.0,43.0,27.0,57.0,6.0,51.0,60.0,0.8095238095238095,1.0634920634920635,0.2857142857142857,0.031746031746031744,0.6825396825396826,0.42857142857142855,0.4444444444444444,0.25396825396825395,31.5,30.0,16,0,0,10,3,12,7,2,0,1
2022-12,2022-12-01,S1_Day7,1,2022-12-07 23:59:59,2022-12-07,2.0,1,CURRENT_PHASE1_CORPUS_MONTH_TO_DATE_VINTAGE,54.1,5,3,2,0.0,0.0,5.0,3.0,0.0,0.0,0.0,0.0,0.0,1.0,0.0,0.0,1.0,0.6,0.6,0.0,2.5,0.0,0,0,0,2,0,0,2,0,0,0
2022-12,2022-12-01,S2_Day14,2,2022-12-14 23:59:59,2022-12-14,2.0,1,CURRENT_PHASE1_CORPUS_MONTH_TO_DATE_VINTAGE,54.1,13,7,6,2.0,2.0,9.0,7.0,5.0,7.0,-2.0,3.0,-0.15384615384615385,1.0,0.15384615384615385,0.15384615384615385,0.6923076923076923,0.5384615384615384,0.5384615384615384,0.0,6.5,1.5,2,0,0,4,1,0,2,0,0,1
2022-12,2022-12-01,S3_Day21,3,2022-12-21 23:59:59,2022-12-21,2.0,1,CURRENT_PHASE1_CORPUS_MONTH_TO_DATE_VINTAGE,54.1,21,9,12,3.0,4.0,14.0,9.0,7.0,17.0,-10.0,-5.0,-0.47619047619047616,0.8095238095238095,0.14285714285714285,0.19047619047619047,0.6666666666666666,0.42857142857142855,0.42857142857142855,-0.047619047619047616,10.5,-2.5,5,0,0,5,2,2,2,0,1,1
2022-12,2022-12-01,S4_MonthEnd,4,2022-12-31 23:59:59,2022-12-30,2.0,1,CURRENT_PHASE1_CORPUS_MONTH_TO_DATE_VINTAGE,54.1,31,11,20,5.0,10.0,16.0,12.0,11.0,34.0,-23.0,-21.0,-0.7419354838709677,0.6451612903225806,0.16129032258064516,0.3225806451612903,0.5161290322580645,0.3870967741935484,0.3548387096774194,-0.16129032258064516,15.5,-10.5,6,0,0,6,3,7,3,0,1,1
2023-01,2023-01-01,S1_Day7,1,2023-01-07 23:59:59,2023-01-05,2.0,1,CURRENT_PHASE1_CORPUS_MONTH_TO_DATE_VINTAGE,53.6,6,5,1,1.0,2.0,3.0,2.0,6.0,5.0,1.0,4.0,0.16666666666666666,0.6666666666666666,0.16666666666666666,0.3333333333333333,0.5,0.3333333333333333,0.8333333333333334,-0.16666666666666666,3.0,2.0,2,0,0,0,3,0,1,0,0,0
2023-01,2023-01-01,S2_Day14,2,2023-01-14 23:59:59,2023-01-13,2.0,1,CURRENT_PHASE1_CORPUS_MONTH_TO_DATE_VINTAGE,53.6,13,11,2,2.0,2.0,9.0,4.0,15.0,5.0,10.0,22.0,0.7692307692307693,0.6153846153846154,0.15384615384615385,0.15384615384615385,0.6923076923076923,0.3076923076923077,0.8461538461538461,0.0,6.5,11.0,3,0,0,0,4,0,2,0,0,0
2023-01,2023-01-01,S3_Day21,3,2023-01-21 23:59:59,2023-01-20,2.0,1,CURRENT_PHASE1_CORPUS_MONTH_TO_DATE_VINTAGE,53.6,24,15,9,3.0,3.0,18.0,11.0,20.0,12.0,8.0,22.0,0.3333333333333333,1.125,0.125,0.125,0.75,0.4583333333333333,0.625,0.0,12.0,11.0,8,0,0,0,5,2,3,0,0,0
2023-01,2023-01-01,S4_MonthEnd,4,2023-01-31 23:59:59,2023-01-31,2.0,1,CURRENT_PHASE1_CORPUS_MONTH_TO_DATE_VINTAGE,53.6,38,24,14,9.0,3.0,26.0,19.0,46.0,12.0,34.0,65.0,0.8947368421052632,1.3157894736842106,0.23684210526315788,0.07894736842105263,0.6842105263157895,0.5,0.631578947368421,0.15789473684210525,19.0,32.5,12,0,0,0,9,2,4,0,0,0
2023-02,2023-02-01,S1_Day7,1,2023-02-07 23:59:59,2023-02-07,2.0,1,CURRENT_PHASE1_CORPUS_MONTH_TO_DATE_VINTAGE,52.8,7,4,3,3.0,0.0,4.0,5.0,11.0,0.0,11.0,22.0,1.5714285714285714,1.1428571428571428,0.42857142857142855,0.0,0.5714285714285714,0.7142857142857143,0.5714285714285714,0.42857142857142855,3.5,11.0,2,0,0,1,1,2,1,0,0,0
2023-02,2023-02-01,S2_Day14,2,2023-02-14 23:59:59,2023-02-14,2.0,1,CURRENT_PHASE1_CORPUS_MONTH_TO_DATE_VINTAGE,52.8,14,7,7,6.0,1.0,7.0,10.0,23.0,2.0,21.0,34.0,1.5,1.2142857142857142,0.42857142857142855,0.07142857142857142,0.5,0.7142857142857143,0.5,0.35714285714285715,7.0,17.0,4,0,0,3,2,2,3,0,0,0
2023-02,2023-02-01,S3_Day21,3,2023-02-21 23:59:59,2023-02-16,2.0,1,CURRENT_PHASE1_CORPUS_MONTH_TO_DATE_VINTAGE,52.8,17,9,8,6.0,1.0,10.0,10.0,29.0,8.0,21.0,34.0,1.2352941176470589,1.0,0.35294117647058826,0.058823529411764705,0.5882352941176471,0.5882352941176471,0.5294117647058824,0.29411764705882354,8.5,17.0,5,0,0,3,2,2,3,0,0,0
2023-02,2023-02-01,S4_MonthEnd,4,2023-02-28 23:59:59,2023-02-28,2.0,1,CURRENT_PHASE1_CORPUS_MONTH_TO_DATE_VINTAGE,52.8,23,13,10,8.0,1.0,14.0,15.0,34.0,8.0,26.0,42.0,1.1304347826086956,1.173913043478261,0.34782608695652173,0.043478260869565216,0.6086956521739131,0.6521739130434783,0.5652173913043478,0.30434782608695654,11.5,21.0,6,0,0,5,2,3,3,0,0,0
2023-03,2023-03-01,S1_Day7,1,2023-03-07 23:59:59,2023-03-05,2.0,1,CURRENT_PHASE1_CORPUS_MONTH_TO_DATE_VINTAGE,45.0,3,2,1,0.0,0.0,3.0,2.0,0.0,0.0,0.0,0.0,0.0,2.0,0.0,0.0,1.0,0.6666666666666666,0.6666666666666666,0.0,1.5,0.0,1,0,0,0,0,0,0,0,0,0
2023-03,2023-03-01,S2_Day14,2,2023-03-14 23:59:59,2023-03-14,2.0,1,CURRENT_PHASE1_CORPUS_MONTH_TO_DATE_VINTAGE,45.0,6,5,1,0.0,0.0,6.0,4.0,0.0,0.0,0.0,0.0,0.0,1.5,0.0,0.0,1.0,0.6666666666666666,0.8333333333333334,0.0,3.0,0.0,1,0,0,0,0,0,1,0,0,0
2023-03,2023-03-01,S3_Day21,3,2023-03-21 23:59:59,2023-03-21,2.0,1,CURRENT_PHASE1_CORPUS_MONTH_TO_DATE_VINTAGE,45.0,14,10,4,0.0,1.0,13.0,8.0,0.0,2.0,-2.0,-2.0,-0.14285714285714285,1.2857142857142858,0.0,0.07142857142857142,0.9285714285714286,0.5714285714285714,0.7142857142857143,-0.07142857142857142,7.0,-1.0,3,0,0,0,1,1,2,0,0,1
2023-03,2023-03-01,S4_MonthEnd,4,2023-03-31 23:59:59,2023-03-30,2.0,1,CURRENT_PHASE1_CORPUS_MONTH_TO_DATE_VINTAGE,45.0,23,16,7,1.0,6.0,16.0,15.0,4.0,19.0,-15.0,-23.0,-0.6521739130434783,1.4782608695652173,0.043478260869565216,0.2608695652173913,0.6956521739130435,0.6521739130434783,0.6956521739130435,-0.21739130434782608,11.5,-11.5,6,0,0,1,5,1,2,0,0,1
2023-04,2023-04-01,S1_Day7,1,2023-04-07 23:59:59,2023-04-04,2.0,1,CURRENT_PHASE1_CORPUS_MONTH_TO_DATE_VINTAGE,41.2,6,5,1,1.0,2.0,3.0,5.0,13.0,7.0,6.0,14.0,1.0,2.6666666666666665,0.16666666666666666,0.3333333333333333,0.5,0.8333333333333334,0.8333333333333334,-0.16666666666666666,3.0,7.0,3,0,0,1,1,0,0,0,0,0
2023-04,2023-04-01,S2_Day14,2,2023-04-14 23:59:59,2023-04-13,2.0,1,CURRENT_PHASE1_CORPUS_MONTH_TO_DATE_VINTAGE,41.2,9,8,1,1.0,3.0,5.0,7.0,13.0,10.0,3.0,8.0,0.3333333333333333,2.5555555555555554,0.1111111111111111,0.3333333333333333,0.5555555555555556,0.7777777777777778,0.8888888888888888,-0.2222222222222222,4.5,4.0,4,0,0,1,1,1,0,0,0,0
2023-04,2023-04-01,S3_Day21,3,2023-04-21 23:59:59,2023-04-17,2.0,1,CURRENT_PHASE1_CORPUS_MONTH_TO_DATE_VINTAGE,41.2,11,10,1,2.0,3.0,6.0,9.0,15.0,10.0,5.0,12.0,0.45454545454545453,2.6363636363636362,0.18181818181818182,0.2727272727272727,0.5454545454545454,0.8181818181818182,0.9090909090909091,-0.09090909090909091,5.5,6.0,4,0,0,1,1,1,0,0,0,0
2023-04,2023-04-01,S4_MonthEnd,4,2023-04-30 23:59:59,2023-04-27,2.0,1,CURRENT_PHASE1_CORPUS_MONTH_TO_DATE_VINTAGE,41.2,15,12,3,2.0,4.0,9.0,12.0,15.0,12.0,3.0,10.0,0.2,2.2666666666666666,0.13333333333333333,0.26666666666666666,0.6,0.8,0.8,-0.13333333333333333,7.5,5.0,4,0,0,2,3,2,0,0,0,0
2023-05,2023-05-01,S1_Day7,1,2023-05-07 23:59:59,2023-05-03,2.0,1,CURRENT_PHASE1_CORPUS_MONTH_TO_DATE_VINTAGE,42.2,4,3,1,1.0,1.0,2.0,4.0,5.0,3.0,2.0,-1.0,0.5,3.0,0.25,0.25,0.5,1.0,0.75,0.0,2.0,-0.5,0,0,0,0,2,1,0,0,0,0
2023-05,2023-05-01,S2_Day14,2,2023-05-14 23:59:59,2023-05-12,2.0,1,CURRENT_PHASE1_CORPUS_MONTH_TO_DATE_VINTAGE,42.2,10,8,2,2.0,2.0,6.0,7.0,11.0,6.0,5.0,-1.0,0.5,1.9,0.2,0.2,0.6,0.7,0.8,0.0,5.0,-0.5,0,0,0,0,4,2,0,0,0,0
2023-05,2023-05-01,S3_Day21,3,2023-05-21 23:59:59,2023-05-19,2.0,1,CURRENT_PHASE1_CORPUS_MONTH_TO_DATE_VINTAGE,42.2,15,11,4,2.0,3.0,10.0,9.0,13.0,10.0,3.0,-3.0,0.2,1.5333333333333334,0.13333333333333333,0.2,0.6666666666666666,0.6,0.7333333333333333,-0.06666666666666667,7.5,-1.5,2,0,0,0,4,4,0,0,0,0
2023-05,2023-05-01,S4_MonthEnd,4,2023-05-31 23:59:59,2023-05-31,2.0,1,CURRENT_PHASE1_CORPUS_MONTH_TO_DATE_VINTAGE,42.2,28,22,6,3.0,5.0,20.0,14.0,16.0,27.0,-11.0,-34.0,-0.39285714285714285,1.25,0.10714285714285714,0.17857142857142858,0.7142857142857143,0.5,0.7857142857142857,-0.07142857142857142,14.0,-17.0,6,0,0,1,6,5,1,0,0,0
2023-06,2023-06-01,S1_Day7,1,2023-06-07 23:59:59,2023-06-07,2.0,1,CURRENT_PHASE1_CORPUS_MONTH_TO_DATE_VINTAGE,42.5,8,6,2,2.0,0.0,6.0,5.0,6.0,4.0,2.0,2.0,0.25,1.5,0.25,0.0,0.75,0.625,0.75,0.25,4.0,1.0,0,0,0,0,0,2,1,0,0,0
2023-06,2023-06-01,S2_Day14,2,2023-06-14 23:59:59,2023-06-14,2.0,1,CURRENT_PHASE1_CORPUS_MONTH_TO_DATE_VINTAGE,42.5,17,12,5,5.0,0.0,12.0,9.0,18.0,7.0,11.0,18.0,0.6470588235294118,1.1176470588235294,0.29411764705882354,0.0,0.7058823529411765,0.5294117647058824,0.7058823529411765,0.29411764705882354,8.5,9.0,2,0,1,0,0,3,3,0,0,0
2023-06,2023-06-01,S3_Day21,3,2023-06-21 23:59:59,2023-06-20,2.0,1,CURRENT_PHASE1_CORPUS_MONTH_TO_DATE_VINTAGE,42.5,24,18,6,5.0,1.0,18.0,13.0,21.0,12.0,9.0,14.0,0.375,1.25,0.20833333333333334,0.041666666666666664,0.75,0.5416666666666666,0.75,0.16666666666666666,12.0,7.0,3,0,1,1,0,4,4,0,0,0
2023-06,2023-06-01,S4_MonthEnd,4,2023-06-30 23:59:59,2023-06-30,2.0,1,CURRENT_PHASE1_CORPUS_MONTH_TO_DATE_VINTAGE,42.5,28,20,8,7.0,1.0,20.0,16.0,33.0,12.0,21.0,28.0,0.75,1.2142857142857142,0.25,0.03571428571428571,0.7142857142857143,0.5714285714285714,0.7142857142857143,0.21428571428571427,14.0,14.0,3,0,1,1,0,6,5,0,0,0
2023-07,2023-07-01,S1_Day7,1,2023-07-07 23:59:59,2023-07-06,2.0,1,CURRENT_PHASE1_CORPUS_MONTH_TO_DATE_VINTAGE,43.1,5,3,2,2.0,1.0,2.0,4.0,12.0,3.0,9.0,6.0,1.8,1.2,0.4,0.2,0.4,0.8,0.6,0.2,2.5,3.0,1,0,0,0,1,1,0,0,0,0
2023-07,2023-07-01,S2_Day14,2,2023-07-14 23:59:59,2023-07-14,2.0,1,CURRENT_PHASE1_CORPUS_MONTH_TO_DATE_VINTAGE,43.1,13,9,4,2.0,1.0,10.0,6.0,12.0,3.0,9.0,6.0,0.6923076923076923,0.6153846153846154,0.15384615384615385,0.07692307692307693,0.7692307692307693,0.46153846153846156,0.6923076923076923,0.07692307692307693,6.5,3.0,1,0,0,2,1,2,1,0,0,0
2023-07,2023-07-01,S3_Day21,3,2023-07-21 23:59:59,2023-07-21,2.0,1,CURRENT_PHASE1_CORPUS_MONTH_TO_DATE_VINTAGE,43.1,17,13,4,2.0,2.0,13.0,10.0,12.0,15.0,-3.0,-18.0,-0.17647058823529413,1.0588235294117647,0.11764705882352941,0.11764705882352941,0.7647058823529411,0.5882352941176471,0.7647058823529411,0.0,8.5,-9.0,1,0,1,4,2,2,1,0,0,0
2023-07,2023-07-01,S4_MonthEnd,4,2023-07-31 23:59:59,2023-07-31,2.0,1,CURRENT_PHASE1_CORPUS_MONTH_TO_DATE_VINTAGE,43.1,31,22,9,5.0,2.0,24.0,17.0,25.0,21.0,4.0,-11.0,0.12903225806451613,1.1290322580645162,0.16129032258064516,0.06451612903225806,0.7741935483870968,0.5483870967741935,0.7096774193548387,0.0967741935483871,15.5,-5.5,1,0,2,9,4,4,3,0,0,0
2023-08,2023-08-01,S1_Day7,1,2023-08-07 23:59:59,2023-08-04,2.0,1,CURRENT_PHASE1_CORPUS_MONTH_TO_DATE_VINTAGE,40.1,7,6,1,3.0,0.0,4.0,5.0,6.0,0.0,6.0,12.0,0.8571428571428571,1.0,0.42857142857142855,0.0,0.5714285714285714,0.7142857142857143,0.8571428571428571,0.42857142857142855,3.5,6.0,2,0,0,0,1,1,0,0,0,0
2023-08,2023-08-01,S2_Day14,2,2023-08-14 23:59:59,2023-08-14,2.0,1,CURRENT_PHASE1_CORPUS_MONTH_TO_DATE_VINTAGE,40.1,16,14,2,5.0,1.0,10.0,10.0,16.0,3.0,13.0,26.0,0.8125,1.0625,0.3125,0.0625,0.625,0.625,0.875,0.25,8.0,13.0,2,0,1,1,2,4,1,0,0,0
2023-08,2023-08-01,S3_Day21,3,2023-08-21 23:59:59,2023-08-20,2.0,1,CURRENT_PHASE1_CORPUS_MONTH_TO_DATE_VINTAGE,40.1,20,18,2,6.0,1.0,13.0,12.0,22.0,3.0,19.0,38.0,0.95,0.95,0.3,0.05,0.65,0.6,0.9,0.25,10.0,19.0,2,0,1,1,2,4,2,0,0,0
2023-08,2023-08-01,S4_MonthEnd,4,2023-08-31 23:59:59,2023-08-31,2.0,1,CURRENT_PHASE1_CORPUS_MONTH_TO_DATE_VINTAGE,40.1,31,25,6,8.0,1.0,22.0,17.0,27.0,3.0,24.0,45.0,0.7741935483870968,0.8387096774193549,0.25806451612903225,0.03225806451612903,0.7096774193548387,0.5483870967741935,0.8064516129032258,0.22580645161290322,15.5,22.5,5,0,1,3,2,6,4,0,0,0
2023-09,2023-09-01,S1_Day7,1,2023-09-07 23:59:59,2023-09-07,2.0,1,CURRENT_PHASE1_CORPUS_MONTH_TO_DATE_VINTAGE,38.1,3,3,0,0.0,0.0,3.0,2.0,0.0,0.0,0.0,0.0,0.0,1.0,0.0,0.0,1.0,0.6666666666666666,1.0,0.0,1.5,0.0,0,0,0,1,0,0,1,0,0,0
2023-09,2023-09-01,S2_Day14,2,2023-09-14 23:59:59,2023-09-14,2.0,1,CURRENT_PHASE1_CORPUS_MONTH_TO_DATE_VINTAGE,38.1,9,7,2,2.0,0.0,7.0,5.0,7.0,0.0,7.0,9.0,0.7777777777777778,1.5555555555555556,0.2222222222222222,0.0,0.7777777777777778,0.5555555555555556,0.7777777777777778,0.2222222222222222,4.5,4.5,0,0,0,2,0,2,1,1,0,0
2023-09,2023-09-01,S3_Day21,3,2023-09-21 23:59:59,2023-09-20,2.0,1,CURRENT_PHASE1_CORPUS_MONTH_TO_DATE_VINTAGE,38.1,13,10,3,2.0,1.0,10.0,7.0,7.0,3.0,4.0,3.0,0.3076923076923077,1.4615384615384615,0.15384615384615385,0.07692307692307693,0.7692307692307693,0.5384615384615384,0.7692307692307693,0.07692307692307693,6.5,1.5,2,0,0,2,1,2,1,1,0,0
2023-09,2023-09-01,S4_MonthEnd,4,2023-09-30 23:59:59,2023-09-28,2.0,1,CURRENT_PHASE1_CORPUS_MONTH_TO_DATE_VINTAGE,38.1,18,14,4,4.0,3.0,11.0,11.0,12.0,27.0,-15.0,-38.0,-0.8333333333333334,2.2222222222222223,0.2222222222222222,0.16666666666666666,0.6111111111111112,0.6111111111111112,0.7777777777777778,0.05555555555555555,9.0,-19.0,2,0,0,2,3,4,1,1,0,0
2023-10,2023-10-01,S1_Day7,1,2023-10-07 23:59:59,2023-10-02,2.0,1,CURRENT_PHASE1_CORPUS_MONTH_TO_DATE_VINTAGE,35.2,1,0,1,0.0,0.0,1.0,0.0,0.0,0.0,0.0,0.0,0.0,0.0,0.0,0.0,1.0,0.0,0.0,0.0,0.5,0.0,0,0,0,0,0,1,0,0,0,0
2023-10,2023-10-01,S2_Day14,2,2023-10-14 23:59:59,2023-10-14,2.0,1,CURRENT_PHASE1_CORPUS_MONTH_TO_DATE_VINTAGE,35.2,8,6,2,1.0,2.0,5.0,6.0,2.0,15.0,-13.0,-28.0,-1.625,1.25,0.125,0.25,0.625,0.75,0.75,-0.125,4.0,-14.0,1,0,0,0,2,1,0,0,0,0
2023-10,2023-10-01,S3_Day21,3,2023-10-21 23:59:59,2023-10-19,2.0,1,CURRENT_PHASE1_CORPUS_MONTH_TO_DATE_VINTAGE,35.2,14,11,3,1.0,3.0,10.0,7.0,2.0,17.0,-15.0,-30.0,-1.0714285714285714,0.8571428571428571,0.07142857142857142,0.21428571428571427,0.7142857142857143,0.5,0.7857142857142857,-0.14285714285714285,7.0,-15.0,1,0,0,2,2,1,2,1,0,0
2023-10,2023-10-01,S4_MonthEnd,4,2023-10-31 23:59:59,2023-10-31,2.0,1,CURRENT_PHASE1_CORPUS_MONTH_TO_DATE_VINTAGE,35.2,18,13,5,4.0,3.0,11.0,10.0,18.0,17.0,1.0,-6.0,0.05555555555555555,0.9444444444444444,0.2222222222222222,0.16666666666666666,0.6111111111111112,0.5555555555555556,0.7222222222222222,0.05555555555555555,9.0,-3.0,1,0,1,2,2,3,2,1,0,0
2023-11,2023-11-01,S1_Day7,1,2023-11-07 23:59:59,2023-11-06,2.0,1,CURRENT_PHASE1_CORPUS_MONTH_TO_DATE_VINTAGE,26.4,3,2,1,2.0,0.0,1.0,1.0,9.0,0.0,9.0,12.0,3.0,0.3333333333333333,0.6666666666666666,0.0,0.3333333333333333,0.3333333333333333,0.6666666666666666,0.6666666666666666,1.5,6.0,0,0,0,0,0,2,0,0,0,0
2023-11,2023-11-01,S2_Day14,2,2023-11-14 23:59:59,2023-11-14,2.0,1,CURRENT_PHASE1_CORPUS_MONTH_TO_DATE_VINTAGE,26.4,8,5,3,3.0,0.0,5.0,5.0,12.0,0.0,12.0,18.0,1.5,0.875,0.375,0.0,0.625,0.625,0.625,0.375,4.0,9.0,1,0,0,3,0,3,0,0,0,0
2023-11,2023-11-01,S3_Day21,3,2023-11-21 23:59:59,2023-11-21,2.0,1,CURRENT_PHASE1_CORPUS_MONTH_TO_DATE_VINTAGE,26.4,22,15,7,3.0,2.0,17.0,8.0,15.0,9.0,6.0,7.0,0.2727272727272727,0.5,0.13636363636363635,0.09090909090909091,0.7727272727272727,0.36363636363636365,0.6818181818181818,0.045454545454545456,11.0,3.5,2,0,0,11,0,6,0,0,0,0
2023-11,2023-11-01,S4_MonthEnd,4,2023-11-30 23:59:59,2023-11-30,2.0,1,CURRENT_PHASE1_CORPUS_MONTH_TO_DATE_VINTAGE,26.4,37,27,10,4.0,6.0,27.0,17.0,18.0,45.0,-27.0,-62.0,-0.7297297297297297,0.8918918918918919,0.10810810810810811,0.16216216216216217,0.7297297297297297,0.4594594594594595,0.7297297297297297,-0.05405405405405406,18.5,-31.0,3,0,0,14,6,7,0,0,0,0
2023-12,2023-12-01,S1_Day7,1,2023-12-07 23:59:59,2023-12-03,2.0,1,CURRENT_PHASE1_CORPUS_MONTH_TO_DATE_VINTAGE,23.2,2,2,0,1.0,0.0,1.0,2.0,2.0,0.0,2.0,4.0,1.0,4.5,0.5,0.0,0.5,1.0,1.0,0.5,1.0,2.0,0,0,0,0,0,0,0,0,0,0
2023-12,2023-12-01,S2_Day14,2,2023-12-14 23:59:59,2023-12-14,2.0,1,CURRENT_PHASE1_CORPUS_MONTH_TO_DATE_VINTAGE,23.2,7,7,0,2.0,1.0,4.0,5.0,5.0,3.0,2.0,4.0,0.2857142857142857,2.142857142857143,0.2857142857142857,0.14285714285714285,0.5714285714285714,0.7142857142857143,1.0,0.14285714285714285,3.5,2.0,0,0,0,0,0,1,0,0,0,0
2023-12,2023-12-01,S3_Day21,3,2023-12-21 23:59:59,2023-12-21,2.0,1,CURRENT_PHASE1_CORPUS_MONTH_TO_DATE_VINTAGE,23.2,15,11,4,4.0,2.0,9.0,7.0,9.0,5.0,4.0,8.0,0.26666666666666666,1.3333333333333333,0.26666666666666666,0.13333333333333333,0.6,0.4666666666666667,0.7333333333333333,0.13333333333333333,7.5,4.0,3,0,0,0,1,2,1,0,0,0
2023-12,2023-12-01,S4_MonthEnd,4,2023-12-31 23:59:59,2023-12-29,2.0,1,CURRENT_PHASE1_CORPUS_MONTH_TO_DATE_VINTAGE,23.2,16,12,4,4.0,2.0,10.0,8.0,9.0,5.0,4.0,8.0,0.25,1.4375,0.25,0.125,0.625,0.5,0.75,0.125,8.0,4.0,3,0,0,0,1,2,1,0,0,0
2024-01,2024-01-01,S1_Day7,1,2024-01-07 23:59:59,2024-01-05,2.0,1,CURRENT_PHASE1_CORPUS_MONTH_TO_DATE_VINTAGE,23.52,5,5,0,1.0,0.0,4.0,0.0,2.0,0.0,2.0,4.0,0.4,0.0,0.2,0.0,0.8,0.0,1.0,0.2,2.5,2.0,0,0,0,1,0,0,0,0,0,0
2024-01,2024-01-01,S2_Day14,2,2024-01-14 23:59:59,2024-01-10,2.0,1,CURRENT_PHASE1_CORPUS_MONTH_TO_DATE_VINTAGE,23.52,6,6,0,1.0,0.0,5.0,0.0,2.0,0.0,2.0,4.0,0.3333333333333333,0.0,0.16666666666666666,0.0,0.8333333333333334,0.0,1.0,0.16666666666666666,3.0,2.0,0,0,0,1,0,0,0,0,0,0
2024-01,2024-01-01,S3_Day21,3,2024-01-21 23:59:59,2024-01-19,2.0,1,CURRENT_PHASE1_CORPUS_MONTH_TO_DATE_VINTAGE,23.52,11,8,3,3.0,0.0,8.0,1.0,6.0,0.0,6.0,8.0,0.5454545454545454,0.6363636363636364,0.2727272727272727,0.0,0.7272727272727273,0.09090909090909091,0.7272727272727273,0.2727272727272727,5.5,4.0,3,0,0,1,1,0,0,0,0,0
2024-01,2024-01-01,S4_MonthEnd,4,2024-01-31 23:59:59,2024-01-31,2.0,1,CURRENT_PHASE1_CORPUS_MONTH_TO_DATE_VINTAGE,23.52,29,23,6,5.0,5.0,19.0,14.0,18.0,47.0,-29.0,-71.0,-1.0,1.2413793103448276,0.1724137931034483,0.1724137931034483,0.6551724137931034,0.4827586206896552,0.7931034482758621,0.0,14.5,-35.5,6,0,0,2,5,2,0,0,0,1
2024-02,2024-02-01,S1_Day7,1,2024-02-07 23:59:59,2024-02-07,2.0,1,CURRENT_PHASE1_CORPUS_MONTH_TO_DATE_VINTAGE,23.18,7,5,2,2.0,1.0,4.0,5.0,7.0,3.0,4.0,3.0,0.5714285714285714,1.4285714285714286,0.2857142857142857,0.14285714285714285,0.5714285714285714,0.7142857142857143,0.7142857142857143,0.14285714285714285,3.5,1.5,3,0,0,0,4,0,0,0,0,0
2024-02,2024-02-01,S2_Day14,2,2024-02-14 23:59:59,2024-02-14,2.0,1,CURRENT_PHASE1_CORPUS_MONTH_TO_DATE_VINTAGE,23.18,15,12,3,2.0,2.0,11.0,8.0,7.0,12.0,-5.0,-15.0,-0.3333333333333333,1.1333333333333333,0.13333333333333333,0.13333333333333333,0.7333333333333333,0.5333333333333333,0.8,0.0,7.5,-7.5,4,0,0,2,5,0,2,0,0,0
2024-02,2024-02-01,S3_Day21,3,2024-02-21 23:59:59,2024-02-16,2.0,1,CURRENT_PHASE1_CORPUS_MONTH_TO_DATE_VINTAGE,23.18,18,13,5,3.0,3.0,12.0,10.0,10.0,15.0,-5.0,-18.0,-0.2777777777777778,1.0555555555555556,0.16666666666666666,0.16666666666666666,0.6666666666666666,0.5555555555555556,0.7222222222222222,0.0,9.0,-9.0,6,0,0,2,5,0,2,0,0,0
2024-02,2024-02-01,S4_MonthEnd,4,2024-02-29 23:59:59,2024-02-29,2.0,1,CURRENT_PHASE1_CORPUS_MONTH_TO_DATE_VINTAGE,23.18,25,18,7,3.0,5.0,17.0,14.0,13.0,24.0,-11.0,-30.0,-0.44,0.92,0.12,0.2,0.68,0.56,0.72,-0.08,12.5,-15.0,6,0,0,2,7,0,3,0,0,0
2024-03,2024-03-01,S1_Day7,1,2024-03-07 23:59:59,2024-03-05,2.0,1,CURRENT_PHASE1_CORPUS_MONTH_TO_DATE_VINTAGE,25.79,4,1,3,0.0,0.0,4.0,3.0,0.0,0.0,0.0,0.0,0.0,0.75,0.0,0.0,1.0,0.75,0.25,0.0,2.0,0.0,0,0,1,0,1,2,0,0,0,0
2024-03,2024-03-01,S2_Day14,2,2024-03-14 23:59:59,2024-03-13,2.0,1,CURRENT_PHASE1_CORPUS_MONTH_TO_DATE_VINTAGE,25.79,13,7,6,2.0,1.0,10.0,8.0,15.0,6.0,9.0,6.0,0.6923076923076923,1.0769230769230769,0.15384615384615385,0.07692307692307693,0.7692307692307693,0.6153846153846154,0.5384615384615384,0.07692307692307693,6.5,3.0,0,0,1,1,2,6,0,0,0,0
2024-03,2024-03-01,S3_Day21,3,2024-03-21 23:59:59,2024-03-18,2.0,1,CURRENT_PHASE1_CORPUS_MONTH_TO_DATE_VINTAGE,25.79,15,8,7,3.0,1.0,11.0,9.0,17.0,6.0,11.0,8.0,0.7333333333333333,1.0,0.2,0.06666666666666667,0.7333333333333333,0.6,0.5333333333333333,0.13333333333333333,7.5,4.0,1,0,1,1,2,6,0,0,0,0
2024-03,2024-03-01,S4_MonthEnd,4,2024-03-31 23:59:59,2024-03-28,2.0,1,CURRENT_PHASE1_CORPUS_MONTH_TO_DATE_VINTAGE,25.79,22,13,9,5.0,2.0,15.0,15.0,32.0,15.0,17.0,14.0,0.7727272727272727,1.3636363636363635,0.22727272727272727,0.09090909090909091,0.6818181818181818,0.6818181818181818,0.5909090909090909,0.13636363636363635,11.0,7.0,4,0,1,1,5,7,0,0,0,0
2024-04,2024-04-01,S1_Day7,1,2024-04-07 23:59:59,2024-04-07,2.0,1,CURRENT_PHASE1_CORPUS_MONTH_TO_DATE_VINTAGE,25.04,5,4,1,1.0,1.0,3.0,3.0,3.0,6.0,-3.0,-6.0,-0.6,1.6,0.2,0.2,0.6,0.6,0.8,0.0,2.5,-3.0,0,0,0,2,1,0,1,0,0,0
2024-04,2024-04-01,S2_Day14,2,2024-04-14 23:59:59,2024-04-13,2.0,1,CURRENT_PHASE1_CORPUS_MONTH_TO_DATE_VINTAGE,25.04,11,8,3,3.0,3.0,5.0,8.0,14.0,19.0,-5.0,-6.0,-0.45454545454545453,1.3636363636363635,0.2727272727272727,0.2727272727272727,0.45454545454545453,0.7272727272727273,0.7272727272727273,0.0,5.5,-3.0,0,0,0,3,2,1,2,0,0,0
2024-04,2024-04-01,S3_Day21,3,2024-04-21 23:59:59,2024-04-20,2.0,1,CURRENT_PHASE1_CORPUS_MONTH_TO_DATE_VINTAGE,25.04,16,11,5,3.0,3.0,10.0,11.0,16.0,21.0,-5.0,-6.0,-0.3125,1.375,0.1875,0.1875,0.625,0.6875,0.6875,0.0,8.0,-3.0,2,0,0,4,2,2,2,0,0,0
2024-04,2024-04-01,S4_MonthEnd,4,2024-04-30 23:59:59,2024-04-30,2.0,1,CURRENT_PHASE1_CORPUS_MONTH_TO_DATE_VINTAGE,25.04,21,12,9,4.0,4.0,13.0,12.0,22.0,25.0,-3.0,-4.0,-0.14285714285714285,1.0952380952380953,0.19047619047619047,0.19047619047619047,0.6190476190476191,0.5714285714285714,0.5714285714285714,0.0,10.5,-2.0,3,0,0,4,2,4,3,0,0,0
2024-05,2024-05-01,S1_Day7,1,2024-05-07 23:59:59,2024-05-06,2.0,1,CURRENT_PHASE1_CORPUS_MONTH_TO_DATE_VINTAGE,23.14,8,7,1,2.0,0.0,6.0,5.0,5.0,0.0,5.0,10.0,0.625,1.375,0.25,0.0,0.75,0.625,0.875,0.25,4.0,5.0,1,0,0,0,0,1,0,1,0,0
2024-05,2024-05-01,S2_Day14,2,2024-05-14 23:59:59,2024-05-14,2.0,1,CURRENT_PHASE1_CORPUS_MONTH_TO_DATE_VINTAGE,23.14,14,11,3,3.0,0.0,11.0,7.0,8.0,0.0,8.0,13.0,0.5714285714285714,1.5,0.21428571428571427,0.0,0.7857142857142857,0.5,0.7857142857142857,0.21428571428571427,7.0,6.5,2,0,0,0,0,3,0,1,0,0
2024-05,2024-05-01,S3_Day21,3,2024-05-21 23:59:59,2024-05-21,2.0,1,CURRENT_PHASE1_CORPUS_MONTH_TO_DATE_VINTAGE,23.14,19,14,5,6.0,0.0,13.0,8.0,17.0,0.0,17.0,24.0,0.8947368421052632,1.1578947368421053,0.3157894736842105,0.0,0.6842105263157895,0.42105263157894735,0.7368421052631579,0.3157894736842105,9.5,12.0,3,0,0,0,2,3,1,2,0,0
2024-05,2024-05-01,S4_MonthEnd,4,2024-05-31 23:59:59,2024-05-29,2.0,1,CURRENT_PHASE1_CORPUS_MONTH_TO_DATE_VINTAGE,23.14,35,23,12,9.0,3.0,23.0,21.0,31.0,9.0,22.0,22.0,0.6285714285714286,1.4,0.2571428571428571,0.08571428571428572,0.6571428571428571,0.6,0.6571428571428571,0.17142857142857143,17.5,11.0,4,0,0,1,7,9,2,2,0,0
2024-06,2024-06-01,S1_Day7,1,2024-06-07 23:59:59,2024-06-07,2.0,1,CURRENT_PHASE1_CORPUS_MONTH_TO_DATE_VINTAGE,22.75,10,6,4,3.0,1.0,6.0,8.0,11.0,3.0,8.0,13.0,0.8,1.4,0.3,0.1,0.6,0.8,0.6,0.2,5.0,6.5,0,0,0,1,0,3,0,0,1,0
2024-06,2024-06-01,S2_Day14,2,2024-06-14 23:59:59,2024-06-13,2.0,1,CURRENT_PHASE1_CORPUS_MONTH_TO_DATE_VINTAGE,22.75,14,10,4,3.0,2.0,9.0,9.0,11.0,6.0,5.0,7.0,0.35714285714285715,1.1428571428571428,0.21428571428571427,0.14285714285714285,0.6428571428571429,0.6428571428571429,0.7142857142857143,0.07142857142857142,7.0,3.5,0,0,0,1,1,3,0,0,1,0
2024-06,2024-06-01,S3_Day21,3,2024-06-21 23:59:59,2024-06-21,2.0,1,CURRENT_PHASE1_CORPUS_MONTH_TO_DATE_VINTAGE,22.75,16,12,4,3.0,2.0,11.0,11.0,11.0,6.0,5.0,7.0,0.3125,1.3125,0.1875,0.125,0.6875,0.6875,0.75,0.0625,8.0,3.5,0,0,0,1,1,3,0,0,1,0
2024-06,2024-06-01,S4_MonthEnd,4,2024-06-30 23:59:59,2024-06-28,2.0,1,CURRENT_PHASE1_CORPUS_MONTH_TO_DATE_VINTAGE,22.75,27,20,7,8.0,3.0,16.0,17.0,32.0,10.0,22.0,28.0,0.8148148148148148,1.2222222222222223,0.2962962962962963,0.1111111111111111,0.5925925925925926,0.6296296296296297,0.7407407407407407,0.18518518518518517,13.5,14.0,3,0,0,1,2,5,0,0,1,0
2024-07,2024-07-01,S1_Day7,1,2024-07-07 23:59:59,2024-07-06,2.0,1,CURRENT_PHASE1_CORPUS_MONTH_TO_DATE_VINTAGE,20.95,5,5,0,0.0,0.0,5.0,1.0,0.0,0.0,0.0,0.0,0.0,0.8,0.0,0.0,1.0,0.2,1.0,0.0,2.5,0.0,0,0,0,1,1,0,0,0,0,0
2024-07,2024-07-01,S2_Day14,2,2024-07-14 23:59:59,2024-07-14,2.0,1,CURRENT_PHASE1_CORPUS_MONTH_TO_DATE_VINTAGE,20.95,15,10,5,2.0,1.0,12.0,5.0,14.0,6.0,8.0,5.0,0.5333333333333333,0.8666666666666667,0.13333333333333333,0.06666666666666667,0.8,0.3333333333333333,0.6666666666666666,0.06666666666666667,7.5,2.5,0,0,0,5,1,2,0,0,1,0
2024-07,2024-07-01,S3_Day21,3,2024-07-21 23:59:59,2024-07-20,2.0,1,CURRENT_PHASE1_CORPUS_MONTH_TO_DATE_VINTAGE,20.95,22,17,5,2.0,1.0,19.0,10.0,14.0,6.0,8.0,5.0,0.36363636363636365,1.0909090909090908,0.09090909090909091,0.045454545454545456,0.8636363636363636,0.45454545454545453,0.7727272727272727,0.045454545454545456,11.0,2.5,0,0,0,6,3,3,0,0,1,0
2024-07,2024-07-01,S4_MonthEnd,4,2024-07-31 23:59:59,2024-07-31,2.0,1,CURRENT_PHASE1_CORPUS_MONTH_TO_DATE_VINTAGE,20.95,40,31,9,5.0,2.0,33.0,20.0,30.0,9.0,21.0,19.0,0.525,1.425,0.125,0.05,0.825,0.5,0.775,0.075,20.0,9.5,4,0,0,10,6,6,0,0,1,0
2024-08,2024-08-01,S1_Day7,1,2024-08-07 23:59:59,2024-08-07,2.0,1,CURRENT_PHASE1_CORPUS_MONTH_TO_DATE_VINTAGE,20.37,4,3,1,1.0,0.0,3.0,3.0,2.0,0.0,2.0,4.0,0.5,1.75,0.25,0.0,0.75,0.75,0.75,0.25,2.0,2.0,0,0,0,0,0,2,1,0,0,0
2024-08,2024-08-01,S2_Day14,2,2024-08-14 23:59:59,2024-08-14,2.0,1,CURRENT_PHASE1_CORPUS_MONTH_TO_DATE_VINTAGE,20.37,8,6,2,2.0,1.0,5.0,4.0,5.0,5.0,0.0,-3.0,0.0,1.125,0.25,0.125,0.625,0.5,0.75,0.125,4.0,-1.5,1,0,0,0,0,3,1,0,0,0
2024-08,2024-08-01,S3_Day21,3,2024-08-21 23:59:59,2024-08-21,2.0,1,CURRENT_PHASE1_CORPUS_MONTH_TO_DATE_VINTAGE,20.37,14,7,7,2.0,2.0,10.0,6.0,5.0,7.0,-2.0,-5.0,-0.14285714285714285,1.0,0.14285714285714285,0.14285714285714285,0.7142857142857143,0.42857142857142855,0.5,0.0,7.0,-2.5,3,0,0,1,0,3,3,0,0,0
2024-08,2024-08-01,S4_MonthEnd,4,2024-08-31 23:59:59,2024-08-29,2.0,1,CURRENT_PHASE1_CORPUS_MONTH_TO_DATE_VINTAGE,20.37,17,9,8,5.0,2.0,10.0,9.0,13.0,7.0,6.0,7.0,0.35294117647058826,1.9411764705882353,0.29411764705882354,0.11764705882352941,0.5882352941176471,0.5294117647058824,0.5294117647058824,0.17647058823529413,8.5,3.5,3,0,0,1,0,3,5,0,0,0
2024-09,2024-09-01,S1_Day7,1,2024-09-07 23:59:59,2024-09-04,2.0,1,CURRENT_PHASE1_CORPUS_MONTH_TO_DATE_VINTAGE,21.46,4,1,3,2.0,0.0,2.0,1.0,4.0,0.0,4.0,4.0,1.0,0.25,0.5,0.0,0.5,0.25,0.25,0.5,2.0,2.0,0,0,0,0,2,0,1,0,0,0
2024-09,2024-09-01,S2_Day14,2,2024-09-14 23:59:59,2024-09-11,2.0,1,CURRENT_PHASE1_CORPUS_MONTH_TO_DATE_VINTAGE,21.46,6,2,4,2.0,1.0,3.0,1.0,4.0,2.0,2.0,2.0,0.3333333333333333,0.16666666666666666,0.3333333333333333,0.16666666666666666,0.5,0.16666666666666666,0.3333333333333333,0.16666666666666666,3.0,1.0,0,0,0,0,2,1,1,0,0,0
2024-09,2024-09-01,S3_Day21,3,2024-09-21 23:59:59,2024-09-19,2.0,1,CURRENT_PHASE1_CORPUS_MONTH_TO_DATE_VINTAGE,21.46,7,3,4,2.0,1.0,4.0,2.0,4.0,2.0,2.0,2.0,0.2857142857142857,0.7142857142857143,0.2857142857142857,0.14285714285714285,0.5714285714285714,0.2857142857142857,0.42857142857142855,0.14285714285714285,3.5,1.0,0,0,0,0,3,1,1,0,0,0
2024-09,2024-09-01,S4_MonthEnd,4,2024-09-30 23:59:59,2024-09-27,2.0,1,CURRENT_PHASE1_CORPUS_MONTH_TO_DATE_VINTAGE,21.46,12,5,7,2.0,3.0,7.0,5.0,4.0,14.0,-10.0,-22.0,-0.8333333333333334,0.9166666666666666,0.16666666666666666,0.25,0.5833333333333334,0.4166666666666667,0.4166666666666667,-0.08333333333333333,6.0,-11.0,3,0,0,0,5,1,1,0,0,0
2024-10,2024-10-01,S1_Day7,1,2024-10-07 23:59:59,2024-10-07,2.0,1,CURRENT_PHASE1_CORPUS_MONTH_TO_DATE_VINTAGE,22.109,7,7,0,1.0,1.0,5.0,4.0,9.0,7.0,2.0,4.0,0.2857142857142857,0.8571428571428571,0.14285714285714285,0.14285714285714285,0.7142857142857143,0.5714285714285714,1.0,0.0,3.5,2.0,0,0,0,0,2,0,2,0,0,0
2024-10,2024-10-01,S2_Day14,2,2024-10-14 23:59:59,2024-10-12,2.0,1,CURRENT_PHASE1_CORPUS_MONTH_TO_DATE_VINTAGE,22.109,9,8,1,1.0,1.0,7.0,5.0,9.0,7.0,2.0,4.0,0.2222222222222222,0.8888888888888888,0.1111111111111111,0.1111111111111111,0.7777777777777778,0.5555555555555556,0.8888888888888888,0.0,4.5,2.0,0,0,0,0,2,1,3,0,0,0
2024-10,2024-10-01,S3_Day21,3,2024-10-21 23:59:59,2024-10-19,2.0,1,CURRENT_PHASE1_CORPUS_MONTH_TO_DATE_VINTAGE,22.109,10,8,2,2.0,1.0,7.0,6.0,15.0,7.0,8.0,10.0,0.8,0.9,0.2,0.1,0.7,0.6,0.8,0.1,5.0,5.0,0,0,0,0,2,2,3,0,0,0
2024-10,2024-10-01,S4_MonthEnd,4,2024-10-31 23:59:59,2024-10-29,2.0,1,CURRENT_PHASE1_CORPUS_MONTH_TO_DATE_VINTAGE,22.109,20,16,4,6.0,2.0,12.0,12.0,36.0,10.0,26.0,37.0,1.3,1.2,0.3,0.1,0.6,0.6,0.8,0.2,10.0,18.5,0,0,1,3,3,5,3,1,0,0
2024-11,2024-11-01,S1_Day7,1,2024-11-07 23:59:59,2024-11-06,2.0,1,CURRENT_PHASE1_CORPUS_MONTH_TO_DATE_VINTAGE,23.03,4,1,3,2.0,0.0,2.0,3.0,7.0,0.0,7.0,10.0,1.75,2.25,0.5,0.0,0.5,0.75,0.25,0.5,2.0,5.0,1,0,0,0,0,2,0,0,0,0
2024-11,2024-11-01,S2_Day14,2,2024-11-14 23:59:59,2024-11-06,2.0,1,CURRENT_PHASE1_CORPUS_MONTH_TO_DATE_VINTAGE,23.03,4,1,3,2.0,0.0,2.0,3.0,7.0,0.0,7.0,10.0,1.75,2.25,0.5,0.0,0.5,0.75,0.25,0.5,2.0,5.0,1,0,0,0,0,2,0,0,0,0
2024-11,2024-11-01,S3_Day21,3,2024-11-21 23:59:59,2024-11-21,2.0,1,CURRENT_PHASE1_CORPUS_MONTH_TO_DATE_VINTAGE,23.03,10,5,5,2.0,0.0,8.0,5.0,7.0,0.0,7.0,10.0,0.7,1.3,0.2,0.0,0.8,0.5,0.5,0.2,5.0,5.0,4,0,0,0,1,2,0,0,0,0
2024-11,2024-11-01,S4_MonthEnd,4,2024-11-30 23:59:59,2024-11-30,2.0,1,CURRENT_PHASE1_CORPUS_MONTH_TO_DATE_VINTAGE,23.03,19,12,7,3.0,2.0,14.0,13.0,14.0,6.0,8.0,9.0,0.42105263157894735,1.7894736842105263,0.15789473684210525,0.10526315789473684,0.7368421052631579,0.6842105263157895,0.631578947368421,0.05263157894736842,9.5,4.5,4,0,0,0,4,4,0,0,0,0
2024-12,2024-12-01,S1_Day7,1,2024-12-07 23:59:59,2024-12-06,2.0,1,CURRENT_PHASE1_CORPUS_MONTH_TO_DATE_VINTAGE,23.82,8,6,2,1.0,0.0,7.0,3.0,3.0,0.0,3.0,6.0,0.375,1.0,0.125,0.0,0.875,0.375,0.75,0.125,4.0,3.0,0,0,0,1,1,2,1,0,0,0
2024-12,2024-12-01,S2_Day14,2,2024-12-14 23:59:59,2024-12-12,2.0,1,CURRENT_PHASE1_CORPUS_MONTH_TO_DATE_VINTAGE,23.82,10,8,2,2.0,0.0,8.0,5.0,5.0,0.0,5.0,10.0,0.5,1.3,0.2,0.0,0.8,0.5,0.8,0.2,5.0,5.0,0,0,0,1,1,2,2,0,0,0
2024-12,2024-12-01,S3_Day21,3,2024-12-21 23:59:59,2024-12-19,2.0,1,CURRENT_PHASE1_CORPUS_MONTH_TO_DATE_VINTAGE,23.82,17,12,5,5.0,1.0,11.0,10.0,15.0,3.0,12.0,16.0,0.7058823529411765,1.9411764705882353,0.29411764705882354,0.058823529411764705,0.6470588235294118,0.5882352941176471,0.7058823529411765,0.23529411764705882,8.5,8.0,1,0,0,2,2,4,2,0,0,0
2024-12,2024-12-01,S4_MonthEnd,4,2024-12-31 23:59:59,2024-12-31,2.0,1,CURRENT_PHASE1_CORPUS_MONTH_TO_DATE_VINTAGE,23.82,19,14,5,5.0,1.0,13.0,11.0,15.0,3.0,12.0,16.0,0.631578947368421,2.0,0.2631578947368421,0.05263157894736842,0.6842105263157895,0.5789473684210527,0.7368421052631579,0.21052631578947367,9.5,8.0,1,0,0,2,4,4,2,0,0,0
2025-01,2025-01-01,S1_Day7,1,2025-01-07 23:59:59,2025-01-07,2.0,1,CURRENT_PHASE1_CORPUS_MONTH_TO_DATE_VINTAGE,23.48,4,4,0,0.0,0.0,4.0,2.0,0.0,0.0,0.0,0.0,0.0,0.5,0.0,0.0,1.0,0.5,1.0,0.0,2.0,0.0,1,0,0,0,0,0,0,0,0,0
2025-01,2025-01-01,S2_Day14,2,2025-01-14 23:59:59,2025-01-14,2.0,1,CURRENT_PHASE1_CORPUS_MONTH_TO_DATE_VINTAGE,23.48,14,12,2,2.0,2.0,10.0,4.0,5.0,5.0,0.0,0.0,0.0,1.5,0.14285714285714285,0.14285714285714285,0.7142857142857143,0.2857142857142857,0.8571428571428571,0.0,7.0,0.0,2,0,0,2,0,0,3,0,0,0
2025-01,2025-01-01,S3_Day21,3,2025-01-21 23:59:59,2025-01-20,2.0,1,CURRENT_PHASE1_CORPUS_MONTH_TO_DATE_VINTAGE,23.48,23,19,4,5.0,2.0,16.0,9.0,20.0,5.0,15.0,17.0,0.6521739130434783,1.3043478260869565,0.21739130434782608,0.08695652173913043,0.6956521739130435,0.391304347826087,0.8260869565217391,0.13043478260869565,11.5,8.5,2,0,0,2,0,2,7,0,0,0
2025-01,2025-01-01,S4_MonthEnd,4,2025-01-31 23:59:59,2025-01-31,2.0,1,CURRENT_PHASE1_CORPUS_MONTH_TO_DATE_VINTAGE,23.48,29,25,4,5.0,5.0,19.0,13.0,20.0,20.0,0.0,-13.0,0.0,1.3793103448275863,0.1724137931034483,0.1724137931034483,0.6551724137931034,0.4482758620689655,0.8620689655172413,0.0,14.5,-6.5,2,0,0,2,1,2,10,0,0,0
2025-02,2025-02-01,S1_Day7,1,2025-02-07 23:59:59,2025-02-07,2.0,1,CURRENT_PHASE1_CORPUS_MONTH_TO_DATE_VINTAGE,23.13,11,6,5,3.0,2.0,6.0,7.0,11.0,9.0,2.0,-7.0,0.18181818181818182,1.0909090909090908,0.2727272727272727,0.18181818181818182,0.5454545454545454,0.6363636363636364,0.5454545454545454,0.09090909090909091,5.5,-3.5,2,0,0,0,1,3,0,0,0,1
2025-02,2025-02-01,S2_Day14,2,2025-02-14 23:59:59,2025-02-12,2.0,1,CURRENT_PHASE1_CORPUS_MONTH_TO_DATE_VINTAGE,23.13,14,9,5,4.0,2.0,8.0,9.0,13.0,9.0,4.0,-3.0,0.2857142857142857,1.0714285714285714,0.2857142857142857,0.14285714285714285,0.5714285714285714,0.6428571428571429,0.6428571428571429,0.14285714285714285,7.0,-1.5,2,0,0,0,2,4,0,0,0,1
2025-02,2025-02-01,S3_Day21,3,2025-02-21 23:59:59,2025-02-18,2.0,1,CURRENT_PHASE1_CORPUS_MONTH_TO_DATE_VINTAGE,23.13,16,10,6,4.0,2.0,10.0,10.0,13.0,9.0,4.0,-3.0,0.25,1.0,0.25,0.125,0.625,0.625,0.625,0.125,8.0,-1.5,2,0,0,2,2,4,0,0,0,1
2025-02,2025-02-01,S4_MonthEnd,4,2025-02-28 23:59:59,2025-02-28,2.0,1,CURRENT_PHASE1_CORPUS_MONTH_TO_DATE_VINTAGE,23.13,31,22,9,5.0,2.0,24.0,18.0,16.0,9.0,7.0,0.0,0.22580645161290322,1.1612903225806452,0.16129032258064516,0.06451612903225806,0.7741935483870968,0.5806451612903226,0.7096774193548387,0.0967741935483871,15.5,0.0,2,0,0,2,6,8,4,0,0,1
2025-03,2025-03-01,S1_Day7,1,2025-03-07 23:59:59,2025-03-07,2.0,1,CURRENT_PHASE1_CORPUS_MONTH_TO_DATE_VINTAGE,22.41,5,2,3,0.0,0.0,5.0,3.0,0.0,0.0,0.0,0.0,0.0,0.6,0.0,0.0,1.0,0.6,0.4,0.0,2.5,0.0,1,0,0,0,0,2,0,0,0,0
2025-03,2025-03-01,S2_Day14,2,2025-03-14 23:59:59,2025-03-14,2.0,1,CURRENT_PHASE1_CORPUS_MONTH_TO_DATE_VINTAGE,22.41,15,6,9,2.0,1.0,12.0,11.0,5.0,3.0,2.0,-1.0,0.13333333333333333,1.6,0.13333333333333333,0.06666666666666667,0.8,0.7333333333333333,0.4,0.06666666666666667,7.5,-0.5,1,0,0,4,0,5,0,0,0,2
2025-03,2025-03-01,S3_Day21,3,2025-03-21 23:59:59,2025-03-21,2.0,1,CURRENT_PHASE1_CORPUS_MONTH_TO_DATE_VINTAGE,22.41,25,11,14,5.0,1.0,19.0,18.0,15.0,3.0,12.0,12.0,0.48,1.64,0.2,0.04,0.76,0.72,0.44,0.16,12.5,6.0,4,0,0,8,1,7,0,0,0,2
2025-03,2025-03-01,S4_MonthEnd,4,2025-03-31 23:59:59,2025-03-31,2.0,1,CURRENT_PHASE1_CORPUS_MONTH_TO_DATE_VINTAGE,22.41,37,20,17,5.0,6.0,26.0,27.0,15.0,27.0,-12.0,-36.0,-0.32432432432432434,2.081081081081081,0.13513513513513514,0.16216216216216217,0.7027027027027027,0.7297297297297297,0.5405405405405406,-0.02702702702702703,18.5,-18.0,4,0,0,12,7,8,1,0,0,2
2025-04,2025-04-01,S1_Day7,1,2025-04-07 23:59:59,2025-04-06,2.0,1,CURRENT_PHASE1_CORPUS_MONTH_TO_DATE_VINTAGE,21.24,4,3,1,2.0,1.0,1.0,0.0,10.0,12.0,-2.0,-9.0,-0.5,0.0,0.5,0.25,0.25,0.0,0.75,0.25,2.0,-4.5,0,0,0,1,1,1,1,0,0,0
2025-04,2025-04-01,S2_Day14,2,2025-04-14 23:59:59,2025-04-14,2.0,1,CURRENT_PHASE1_CORPUS_MONTH_TO_DATE_VINTAGE,21.24,12,8,4,3.0,2.0,7.0,5.0,15.0,15.0,0.0,-10.0,0.0,0.5,0.25,0.16666666666666666,0.5833333333333334,0.4166666666666667,0.6666666666666666,0.08333333333333333,6.0,-5.0,1,0,0,3,2,2,1,0,0,0
2025-04,2025-04-01,S3_Day21,3,2025-04-21 23:59:59,2025-04-20,2.0,1,CURRENT_PHASE1_CORPUS_MONTH_TO_DATE_VINTAGE,21.24,15,11,4,3.0,2.0,10.0,5.0,15.0,15.0,0.0,-10.0,0.0,0.4,0.2,0.13333333333333333,0.6666666666666666,0.3333333333333333,0.7333333333333333,0.06666666666666667,7.5,-5.0,1,0,0,3,2,2,1,0,0,0
2025-04,2025-04-01,S4_MonthEnd,4,2025-04-30 23:59:59,2025-04-30,2.0,1,CURRENT_PHASE1_CORPUS_MONTH_TO_DATE_VINTAGE,21.24,28,20,8,4.0,3.0,21.0,12.0,18.0,18.0,0.0,-10.0,0.0,0.8214285714285714,0.14285714285714285,0.10714285714285714,0.75,0.42857142857142855,0.7142857142857143,0.03571428571428571,14.0,-5.0,2,0,0,8,2,4,2,0,0,0
2025-05,2025-05-01,S1_Day7,1,2025-05-07 23:59:59,2025-05-07,2.0,1,CURRENT_PHASE1_CORPUS_MONTH_TO_DATE_VINTAGE,18.38,10,8,2,0.0,4.0,6.0,6.0,0.0,12.0,-12.0,-20.0,-1.2,0.7,0.0,0.4,0.6,0.6,0.8,-0.4,5.0,-10.0,2,0,0,0,0,3,1,0,0,0
2025-05,2025-05-01,S2_Day14,2,2025-05-14 23:59:59,2025-05-14,2.0,1,CURRENT_PHASE1_CORPUS_MONTH_TO_DATE_VINTAGE,18.38,25,13,12,1.0,9.0,15.0,15.0,6.0,41.0,-35.0,-43.0,-1.4,1.08,0.04,0.36,0.6,0.6,0.52,-0.32,12.5,-21.5,5,0,0,3,0,10,2,0,0,0
2025-05,2025-05-01,S3_Day21,3,2025-05-21 23:59:59,2025-05-21,2.0,1,CURRENT_PHASE1_CORPUS_MONTH_TO_DATE_VINTAGE,18.38,44,21,23,3.0,17.0,24.0,24.0,12.0,75.0,-63.0,-80.0,-1.4318181818181819,1.1363636363636365,0.06818181818181818,0.38636363636363635,0.5454545454545454,0.5454545454545454,0.4772727272727273,-0.3181818181818182,22.0,-40.0,7,0,0,5,6,18,2,0,0,0
2025-05,2025-05-01,S4_MonthEnd,4,2025-05-31 23:59:59,2025-05-31,2.0,1,CURRENT_PHASE1_CORPUS_MONTH_TO_DATE_VINTAGE,18.38,72,34,38,5.0,34.0,33.0,38.0,24.0,159.0,-135.0,-167.0,-1.875,1.1666666666666667,0.06944444444444445,0.4722222222222222,0.4583333333333333,0.5277777777777778,0.4722222222222222,-0.4027777777777778,36.0,-83.5,13,0,0,6,13,22,6,0,0,3
2025-06,2025-06-01,S1_Day7,1,2025-06-07 23:59:59,2025-06-05,2.0,1,CURRENT_PHASE1_CORPUS_MONTH_TO_DATE_VINTAGE,13.67,15,6,9,3.0,7.0,5.0,7.0,14.0,43.0,-29.0,-52.0,-1.9333333333333333,1.0,0.2,0.4666666666666667,0.3333333333333333,0.4666666666666667,0.4,-0.26666666666666666,7.5,-26.0,4,0,0,3,1,3,2,0,0,0
2025-06,2025-06-01,S2_Day14,2,2025-06-14 23:59:59,2025-06-13,2.0,1,CURRENT_PHASE1_CORPUS_MONTH_TO_DATE_VINTAGE,13.67,21,9,12,3.0,10.0,8.0,11.0,14.0,58.0,-44.0,-70.0,-2.0952380952380953,1.2380952380952381,0.14285714285714285,0.47619047619047616,0.38095238095238093,0.5238095238095238,0.42857142857142855,-0.3333333333333333,10.5,-35.0,4,0,0,3,1,7,2,0,0,0
2025-06,2025-06-01,S3_Day21,3,2025-06-21 23:59:59,2025-06-20,2.0,1,CURRENT_PHASE1_CORPUS_MONTH_TO_DATE_VINTAGE,13.67,35,16,19,5.0,15.0,15.0,19.0,20.0,79.0,-59.0,-87.0,-1.6857142857142857,1.2,0.14285714285714285,0.42857142857142855,0.42857142857142855,0.5428571428571428,0.45714285714285713,-0.2857142857142857,17.5,-43.5,11,0,0,3,2,10,2,0,0,1
2025-06,2025-06-01,S4_MonthEnd,4,2025-06-30 23:59:59,2025-06-29,2.0,1,CURRENT_PHASE1_CORPUS_MONTH_TO_DATE_VINTAGE,13.67,42,20,22,7.0,16.0,19.0,23.0,24.0,85.0,-61.0,-87.0,-1.4523809523809523,1.4047619047619047,0.16666666666666666,0.38095238095238093,0.4523809523809524,0.5476190476190477,0.47619047619047616,-0.21428571428571427,21.0,-43.5,15,0,0,3,2,10,4,0,0,1
2025-07,2025-07-01,S1_Day7,1,2025-07-07 23:59:59,2025-07-04,2.0,1,CURRENT_PHASE1_CORPUS_MONTH_TO_DATE_VINTAGE,12.14,4,4,0,1.0,1.0,2.0,3.0,2.0,12.0,-10.0,-20.0,-2.5,1.25,0.25,0.25,0.5,0.75,1.0,0.0,2.0,-10.0,0,0,0,0,1,0,0,0,0,0
2025-07,2025-07-01,S2_Day14,2,2025-07-14 23:59:59,2025-07-12,2.0,1,CURRENT_PHASE1_CORPUS_MONTH_TO_DATE_VINTAGE,12.14,15,9,6,1.0,1.0,13.0,8.0,2.0,12.0,-10.0,-20.0,-0.6666666666666666,1.1333333333333333,0.06666666666666667,0.06666666666666667,0.8666666666666667,0.5333333333333333,0.6,0.0,7.5,-10.0,3,0,0,0,1,5,0,0,0,0
2025-07,2025-07-01,S3_Day21,3,2025-07-21 23:59:59,2025-07-21,2.0,1,CURRENT_PHASE1_CORPUS_MONTH_TO_DATE_VINTAGE,12.14,27,15,12,2.0,6.0,19.0,15.0,4.0,35.0,-31.0,-61.0,-1.1481481481481481,1.2962962962962963,0.07407407407407407,0.2222222222222222,0.7037037037037037,0.5555555555555556,0.5555555555555556,-0.14814814814814814,13.5,-30.5,4,0,0,2,4,8,1,0,0,1
2025-07,2025-07-01,S4_MonthEnd,4,2025-07-31 23:59:59,2025-07-31,2.0,1,CURRENT_PHASE1_CORPUS_MONTH_TO_DATE_VINTAGE,12.14,66,41,25,6.0,15.0,45.0,36.0,29.0,86.0,-57.0,-119.0,-0.8636363636363636,1.5151515151515151,0.09090909090909091,0.22727272727272727,0.6818181818181818,0.5454545454545454,0.6212121212121212,-0.13636363636363635,33.0,-59.5,7,0,1,13,12,19,1,0,0,2
2025-08,2025-08-01,S1_Day7,1,2025-08-07 23:59:59,2025-08-06,2.0,1,CURRENT_PHASE1_CORPUS_MONTH_TO_DATE_VINTAGE,11.48,7,3,4,2.0,1.0,4.0,4.0,23.0,6.0,17.0,19.0,2.4285714285714284,1.1428571428571428,0.2857142857142857,0.14285714285714285,0.5714285714285714,0.5714285714285714,0.42857142857142855,0.14285714285714285,3.5,9.5,1,0,0,1,3,0,1,0,0,1
2025-08,2025-08-01,S2_Day14,2,2025-08-14 23:59:59,2025-08-14,2.0,1,CURRENT_PHASE1_CORPUS_MONTH_TO_DATE_VINTAGE,11.48,22,13,9,5.0,5.0,12.0,15.0,31.0,27.0,4.0,-9.0,0.18181818181818182,1.7272727272727273,0.22727272727272727,0.22727272727272727,0.5454545454545454,0.6818181818181818,0.5909090909090909,0.0,11.0,-4.5,4,0,0,2,7,5,1,0,0,2
2025-08,2025-08-01,S3_Day21,3,2025-08-21 23:59:59,2025-08-20,2.0,1,CURRENT_PHASE1_CORPUS_MONTH_TO_DATE_VINTAGE,11.48,28,17,11,6.0,8.0,14.0,19.0,36.0,37.0,-1.0,-22.0,-0.03571428571428571,1.6785714285714286,0.21428571428571427,0.2857142857142857,0.5,0.6785714285714286,0.6071428571428571,-0.07142857142857142,14.0,-11.0,4,0,1,3,8,6,1,0,0,3
2025-08,2025-08-01,S4_MonthEnd,4,2025-08-31 23:59:59,2025-08-29,2.0,1,CURRENT_PHASE1_CORPUS_MONTH_TO_DATE_VINTAGE,11.48,42,23,19,9.0,11.0,22.0,26.0,51.0,65.0,-14.0,-53.0,-0.3333333333333333,1.7380952380952381,0.21428571428571427,0.2619047619047619,0.5238095238095238,0.6190476190476191,0.5476190476190477,-0.047619047619047616,21.0,-26.5,5,0,1,3,9,14,2,0,0,4
2025-09,2025-09-01,S1_Day7,1,2025-09-07 23:59:59,2025-09-04,2.0,1,CURRENT_PHASE1_CORPUS_MONTH_TO_DATE_VINTAGE,9.42,6,4,2,2.0,3.0,1.0,4.0,6.0,28.0,-22.0,-47.0,-3.6666666666666665,1.1666666666666667,0.3333333333333333,0.5,0.16666666666666666,0.6666666666666666,0.6666666666666666,-0.16666666666666666,3.0,-23.5,2,0,0,0,1,1,2,0,0,0
2025-09,2025-09-01,S2_Day14,2,2025-09-14 23:59:59,2025-09-13,2.0,1,CURRENT_PHASE1_CORPUS_MONTH_TO_DATE_VINTAGE,9.42,12,5,7,3.0,4.0,5.0,6.0,9.0,31.0,-22.0,-50.0,-1.8333333333333333,0.8333333333333334,0.25,0.3333333333333333,0.4166666666666667,0.5,0.4166666666666667,-0.08333333333333333,6.0,-25.0,2,0,0,0,1,6,2,0,0,0
2025-09,2025-09-01,S3_Day21,3,2025-09-21 23:59:59,2025-09-21,2.0,1,CURRENT_PHASE1_CORPUS_MONTH_TO_DATE_VINTAGE,9.42,26,14,12,6.0,11.0,9.0,16.0,20.0,74.0,-54.0,-115.0,-2.076923076923077,2.1923076923076925,0.23076923076923078,0.4230769230769231,0.34615384615384615,0.6153846153846154,0.5384615384615384,-0.19230769230769232,13.0,-57.5,8,0,0,0,8,7,2,0,0,0
2025-09,2025-09-01,S4_MonthEnd,4,2025-09-30 23:59:59,2025-09-30,2.0,1,CURRENT_PHASE1_CORPUS_MONTH_TO_DATE_VINTAGE,9.42,43,25,18,10.0,13.0,20.0,22.0,42.0,80.0,-38.0,-98.0,-0.8837209302325582,1.6511627906976745,0.23255813953488372,0.3023255813953488,0.46511627906976744,0.5116279069767442,0.5813953488372093,-0.06976744186046512,21.5,-49.0,13,0,0,0,11,9,3,0,1,0
2025-10,2025-10-01,S1_Day7,1,2025-10-07 23:59:59,2025-10-07,2.0,1,CURRENT_PHASE1_CORPUS_MONTH_TO_DATE_VINTAGE,8.05,12,7,5,2.0,3.0,7.0,10.0,14.0,18.0,-4.0,-10.0,-0.3333333333333333,1.75,0.16666666666666666,0.25,0.5833333333333334,0.8333333333333334,0.5833333333333334,-0.08333333333333333,6.0,-5.0,3,0,0,0,2,3,2,0,0,0
2025-10,2025-10-01,S2_Day14,2,2025-10-14 23:59:59,2025-10-14,2.0,1,CURRENT_PHASE1_CORPUS_MONTH_TO_DATE_VINTAGE,8.05,23,15,8,4.0,9.0,10.0,19.0,25.0,39.0,-14.0,-35.0,-0.6086956521739131,2.0869565217391304,0.17391304347826086,0.391304347826087,0.43478260869565216,0.8260869565217391,0.6521739130434783,-0.21739130434782608,11.5,-17.5,4,0,0,2,6,5,3,0,0,0
2025-10,2025-10-01,S3_Day21,3,2025-10-21 23:59:59,2025-10-20,2.0,1,CURRENT_PHASE1_CORPUS_MONTH_TO_DATE_VINTAGE,8.05,36,21,15,5.0,16.0,15.0,26.0,31.0,67.0,-36.0,-58.0,-1.0,1.7222222222222223,0.1388888888888889,0.4444444444444444,0.4166666666666667,0.7222222222222222,0.5833333333333334,-0.3055555555555556,18.0,-29.0,5,0,0,2,7,11,5,0,0,0
2025-10,2025-10-01,S4_MonthEnd,4,2025-10-31 23:59:59,2025-10-30,2.0,1,CURRENT_PHASE1_CORPUS_MONTH_TO_DATE_VINTAGE,8.05,50,33,17,9.0,21.0,20.0,34.0,56.0,90.0,-34.0,-47.0,-0.68,1.56,0.18,0.42,0.4,0.68,0.66,-0.24,25.0,-23.5,7,0,0,2,10,12,7,0,0,0
2025-11,2025-11-01,S1_Day7,1,2025-11-07 23:59:59,2025-11-06,2.0,1,CURRENT_PHASE1_CORPUS_MONTH_TO_DATE_VINTAGE,6.3,7,5,2,0.0,5.0,2.0,3.0,2.0,44.0,-42.0,-76.0,-6.0,1.1428571428571428,0.0,0.7142857142857143,0.2857142857142857,0.42857142857142855,0.7142857142857143,-0.7142857142857143,3.5,-38.0,1,0,0,0,1,1,2,0,0,0
2025-11,2025-11-01,S2_Day14,2,2025-11-14 23:59:59,2025-11-14,2.0,1,CURRENT_PHASE1_CORPUS_MONTH_TO_DATE_VINTAGE,6.3,31,23,8,1.0,9.0,21.0,12.0,6.0,63.0,-57.0,-106.0,-1.8387096774193548,1.032258064516129,0.03225806451612903,0.2903225806451613,0.6774193548387096,0.3870967741935484,0.7419354838709677,-0.25806451612903225,15.5,-53.0,5,0,0,13,2,5,3,0,0,0
2025-11,2025-11-01,S3_Day21,3,2025-11-21 23:59:59,2025-11-19,2.0,1,CURRENT_PHASE1_CORPUS_MONTH_TO_DATE_VINTAGE,6.3,41,27,14,1.0,11.0,29.0,17.0,8.0,74.0,-66.0,-121.0,-1.6097560975609757,1.2195121951219512,0.024390243902439025,0.2682926829268293,0.7073170731707317,0.4146341463414634,0.6585365853658537,-0.24390243902439024,20.5,-60.5,6,0,0,15,2,8,4,0,0,1
2025-11,2025-11-01,S4_MonthEnd,4,2025-11-30 23:59:59,2025-11-27,2.0,1,CURRENT_PHASE1_CORPUS_MONTH_TO_DATE_VINTAGE,6.3,47,32,15,1.0,12.0,34.0,21.0,8.0,77.0,-69.0,-127.0,-1.4680851063829787,1.2127659574468086,0.02127659574468085,0.2553191489361702,0.723404255319149,0.44680851063829785,0.6808510638297872,-0.23404255319148937,23.5,-63.5,6,0,0,16,4,10,5,0,0,1
2025-12,2025-12-01,S1_Day7,1,2025-12-07 23:59:59,2025-12-07,2.0,1,CURRENT_PHASE1_CORPUS_MONTH_TO_DATE_VINTAGE,5.4,4,3,1,1.0,0.0,3.0,3.0,3.0,0.0,3.0,3.0,0.75,1.75,0.25,0.0,0.75,0.75,0.75,0.25,2.0,1.5,1,0,0,0,1,0,0,0,0,0
2025-12,2025-12-01,S2_Day14,2,2025-12-14 23:59:59,2025-12-11,2.0,1,CURRENT_PHASE1_CORPUS_MONTH_TO_DATE_VINTAGE,5.4,6,5,1,1.0,1.0,4.0,5.0,3.0,6.0,-3.0,-9.0,-0.5,1.8333333333333333,0.16666666666666666,0.16666666666666666,0.6666666666666666,0.8333333333333334,0.8333333333333334,0.0,3.0,-4.5,1,0,0,0,2,0,0,0,0,0
2025-12,2025-12-01,S3_Day21,3,2025-12-21 23:59:59,2025-12-20,2.0,1,CURRENT_PHASE1_CORPUS_MONTH_TO_DATE_VINTAGE,5.4,16,12,4,2.0,3.0,11.0,13.0,8.0,16.0,-8.0,-14.0,-0.5,2.4375,0.125,0.1875,0.6875,0.8125,0.75,-0.0625,8.0,-7.0,1,0,0,1,4,4,0,0,0,0
2025-12,2025-12-01,S4_MonthEnd,4,2025-12-31 23:59:59,2025-12-31,2.0,1,CURRENT_PHASE1_CORPUS_MONTH_TO_DATE_VINTAGE,5.4,20,14,6,3.0,5.0,12.0,15.0,11.0,24.0,-13.0,-16.0,-0.65,2.3,0.15,0.25,0.6,0.75,0.7,-0.1,10.0,-8.0,2,0,0,1,4,6,0,0,0,0
