target_month,month,state,state_number,nowcast_cutoff,row_role,evaluation_partition,actual_target_headline_inflation_yoy,actual_target_cpi_yoy,actual_target_is_evaluation_only,headline_anchor_available,headline_anchor_yoy,headline_anchor_observation_month,headline_anchor_available_date,headline_anchor_release_date,headline_anchor_timing_method,headline_anchor_verified_release,headline_anchor_reference_age_months,headline_anchor_information_age_days,cpi_safe_latest,cpi_safe_latest_month,fx_mtd_avg,fx_within_month_pct,fx_vs_prev_month_avg_pct,npa_available,npa_petrol_mtd_avg,npa_petrol_latest,npa_petrol_within_month_pct,npa_diesel_mtd_avg,npa_diesel_latest,npa_diesel_within_month_pct,news_article_count,news_latest_publication,news_direction_score_mean,news_total_pressure_mean,news_inflation_share,news_upward_share,news_downward_share,news_uncertainty_share,admin_price_up_count,admin_price_down_count,admin_price_count,admin_price_balance,admin_price_shock_strength,news_food_share,news_food_pressure,news_fx_share,news_fx_pressure,news_fuel_share,news_fuel_pressure,news_monetary_policy_share,news_monetary_policy_pressure,news_fiscal_share,news_fiscal_pressure,news_transport_share,news_transport_pressure,news_utilities_share,news_utilities_pressure,news_inflationary_channel_breadth,news_disinflationary_channel_breadth,news_channel_breadth_balance,leakage_rule,headline_anchor_rule,news_available,news_status,fx_available,fx_obs_mtd,fx_latest_date,fx_first,fx_latest,fx_mtd_min,fx_mtd_max,fx_mtd_std,npa_days_available,npa_latest_date,npa_petrol_first,npa_petrol_min,npa_petrol_max,npa_diesel_first,npa_diesel_min,npa_diesel_max,cpi_available,cpi_latest_yoy,cpi_observation_month,cpi_release_date,cpi_timing_status,ppi_available,ppi_latest_yoy,ppi_observation_month,ppi_release_date,ppi_timing_status,_target_period,news_direction_score_mean_prev_month,news_total_pressure_mean_prev_month,news_food_pressure_prev_month,news_fx_pressure_prev_month,news_fuel_pressure_prev_month,news_monetary_policy_pressure_prev_month,news_fiscal_pressure_prev_month,news_transport_pressure_prev_month,news_utilities_pressure_prev_month,news_channel_breadth_balance_prev_month,admin_price_balance_prev_month,admin_price_shock_strength_prev_month,news_direction_score_mean_delta_prev_month,news_total_pressure_mean_delta_prev_month,news_food_pressure_delta_prev_month,news_fx_pressure_delta_prev_month,news_fuel_pressure_delta_prev_month,news_monetary_policy_pressure_delta_prev_month,news_fiscal_pressure_delta_prev_month,news_transport_pressure_delta_prev_month,news_utilities_pressure_delta_prev_month,news_channel_breadth_balance_delta_prev_month,admin_price_balance_delta_prev_month,admin_price_shock_strength_delta_prev_month,news_direction_score_mean_prior_state,news_direction_score_mean_delta_prior_state,news_total_pressure_mean_prior_state,news_total_pressure_mean_delta_prior_state,news_food_pressure_prior_state,news_food_pressure_delta_prior_state,news_fx_pressure_prior_state,news_fx_pressure_delta_prior_state,news_fuel_pressure_prior_state,news_fuel_pressure_delta_prior_state,news_monetary_policy_pressure_prior_state,news_monetary_policy_pressure_delta_prior_state,news_fiscal_pressure_prior_state,news_fiscal_pressure_delta_prior_state,news_transport_pressure_prior_state,news_transport_pressure_delta_prior_state,news_utilities_pressure_prior_state,news_utilities_pressure_delta_prior_state,news_channel_breadth_balance_prior_state,news_channel_breadth_balance_delta_prior_state,admin_price_balance_prior_state,admin_price_balance_delta_prior_state,admin_price_shock_strength_prior_state,admin_price_shock_strength_delta_prior_state,news_pressure_acceleration,news_pressure_sign_reversal,inflation_pressure_direction_score,news_food_reversal_flag,news_fx_reversal_flag,news_fuel_reversal_flag,news_transport_reversal_flag,news_utilities_reversal_flag,news_fiscal_reversal_flag,news_monetary_policy_reversal_flag,news_channel_reversal_share,turning_point_strength,turning_point_threshold,turning_point_any_flag,turning_point_inflationary_flag,turning_point_disinflationary_flag,turning_point_score,anchor_staleness_turning_interaction
2019-01,2019-01,S1_Day7,1,2019-01-07 23:59:59,training,training,5.9,5.9,True,True,7.0,2018-10,2018-12-15 00:00:00,,CONSERVATIVE_MONTH_END_PLUS_45D_PROXY,False,3,23,7.0,2018-10,4.830166666666667,0.13881119605527736,0.32146994613708735,False,,,,,,,0,,0.0,0.0,0.0,0.0,0.0,0.0,0.0,0.0,0.0,0.0,0.0,0.0,0.0,0.0,0.0,0.0,0.0,0.0,0.0,0.0,0.0,0.0,0.0,0.0,0.0,0.0,0.0,0.0,,,,,,,,,,,,,,,,,,,,,,,,,,,,,,,2019-01,,,,,,,,,,,,,,,,,,,,,,,,,,,,,,,,,,,,,,,,,,,,,,,,,,0,0.0,0,0,0,0,0,0,0,0.0,0.0,0.6097973503053566,0,0,0,0.0,0.0
2019-01,2019-01,S2_Day14,2,2019-01-14 23:59:59,training,training,5.9,5.9,True,True,6.3,2018-11,2019-01-14 00:00:00,,CONSERVATIVE_MONTH_END_PLUS_45D_PROXY,False,2,0,6.3,2018-11,4.84495,1.0027555058321314,0.6285164381222508,False,,,,,,,1,2019-01-09,0.0,0.0,1.0,0.0,0.0,0.0,0.0,0.0,0.0,0.0,0.0,0.0,0.0,0.0,0.0,0.0,0.0,0.0,0.0,0.0,0.0,0.0,0.0,0.0,0.0,0.0,0.0,0.0,,,,,,,,,,,,,,,,,,,,,,,,,,,,,,,2019-01,,,,,,,,,,,,,,,,,,,,,,,,,0.0,0.0,0.0,0.0,0.0,0.0,0.0,0.0,0.0,0.0,0.0,0.0,0.0,0.0,0.0,0.0,0.0,0.0,0.0,0.0,0.0,0.0,0.0,0.0,,0,0.0,0,0,0,0,0,0,0,0.0,0.0,0.6097973503053566,0,0,0,0.0,0.0
2019-01,2019-01,S3_Day21,3,2019-01-21 23:59:59,training,training,5.9,5.9,True,True,6.3,2018-11,2019-01-14 00:00:00,,CONSERVATIVE_MONTH_END_PLUS_45D_PROXY,False,2,7,6.3,2018-11,4.867346153846153,1.7299604284500836,1.0936794914991443,False,,,,,,,2,2019-01-17,0.0,0.0,1.0,0.0,0.0,0.0,0.0,0.0,0.0,0.0,0.0,0.0,0.0,0.0,0.0,0.0,0.0,0.0,0.0,0.0,0.0,0.0,0.0,0.0,0.0,0.0,0.0,0.0,,,,,,,,,,,,,,,,,,,,,,,,,,,,,,,2019-01,,,,,,,,,,,,,,,,,,,,,,,,,0.0,0.0,0.0,0.0,0.0,0.0,0.0,0.0,0.0,0.0,0.0,0.0,0.0,0.0,0.0,0.0,0.0,0.0,0.0,0.0,0.0,0.0,0.0,0.0,0.0,0,0.0,0,0,0,0,0,0,0,0.0,0.0,0.6097973503053566,0,0,0,0.0,0.0
2019-01,2019-01,S4_MonthEnd,4,2019-01-31 23:59:59,training,training,5.9,5.9,True,True,6.3,2018-11,2019-01-14 00:00:00,,CONSERVATIVE_MONTH_END_PLUS_45D_PROXY,False,2,17,6.3,2018-11,4.894738095238095,2.5669712225744323,1.6626039230476897,False,,,,,,,2,2019-01-17,0.0,0.0,1.0,0.0,0.0,0.0,0.0,0.0,0.0,0.0,0.0,0.0,0.0,0.0,0.0,0.0,0.0,0.0,0.0,0.0,0.0,0.0,0.0,0.0,0.0,0.0,0.0,0.0,,,,,,,,,,,,,,,,,,,,,,,,,,,,,,,2019-01,,,,,,,,,,,,,,,,,,,,,,,,,0.0,0.0,0.0,0.0,0.0,0.0,0.0,0.0,0.0,0.0,0.0,0.0,0.0,0.0,0.0,0.0,0.0,0.0,0.0,0.0,0.0,0.0,0.0,0.0,0.0,0,0.0,0,0,0,0,0,0,0,0.0,0.0,0.6097973503053566,0,0,0,0.0,0.0
2019-02,2019-02,S1_Day7,1,2019-02-07 23:59:59,training,training,6.1,6.1,True,True,6.3,2018-11,2019-01-14 00:00:00,,CONSERVATIVE_MONTH_END_PLUS_45D_PROXY,False,3,24,6.3,2018-11,4.959100000000001,0.35536889714493647,1.3149202982795316,False,,,,,,,0,,0.0,0.0,0.0,0.0,0.0,0.0,0.0,0.0,0.0,0.0,0.0,0.0,0.0,0.0,0.0,0.0,0.0,0.0,0.0,0.0,0.0,0.0,0.0,0.0,0.0,0.0,0.0,0.0,,,,,,,,,,,,,,,,,,,,,,,,,,,,,,,2019-02,0.0,0.0,0.0,0.0,0.0,0.0,0.0,0.0,0.0,0.0,0.0,0.0,0.0,0.0,0.0,0.0,0.0,0.0,0.0,0.0,0.0,0.0,0.0,0.0,0.0,0.0,0.0,0.0,0.0,0.0,0.0,0.0,0.0,0.0,0.0,0.0,0.0,0.0,0.0,0.0,0.0,0.0,0.0,0.0,0.0,0.0,0.0,0.0,0.0,0,0.0,0,0,0,0,0,0,0,0.0,0.0,0.6097973503053566,0,0,0,0.0,0.0
2019-02,2019-02,S2_Day14,2,2019-02-14 23:59:59,training,training,6.1,6.1,True,True,5.8,2018-12,2019-02-14 00:00:00,,CONSERVATIVE_MONTH_END_PLUS_45D_PROXY,False,2,0,5.8,2018-12,4.97997,0.9873601744538218,1.7412965332062047,False,,,,,,,2,2019-02-14,0.7701486030160769,4.5,0.5,1.0,0.0,0.5,0.0,0.0,0.0,0.0,0.0,0.0,0.0,0.5,1.5,0.0,0.0,0.5,3.0,0.0,0.0,0.0,0.0,0.0,0.0,0.2857142857142857,0.0,0.2857142857142857,,,,,,,,,,,,,,,,,,,,,,,,,,,,,,,2019-02,0.0,0.0,0.0,0.0,0.0,0.0,0.0,0.0,0.0,0.0,0.0,0.0,0.7701486030160769,4.5,0.0,1.5,0.0,3.0,0.0,0.0,0.0,0.2857142857142857,0.0,0.0,0.0,0.7701486030160769,0.0,4.5,0.0,0.0,0.0,1.5,0.0,0.0,0.0,3.0,0.0,0.0,0.0,0.0,0.0,0.0,0.0,0.2857142857142857,0.0,0.0,0.0,0.0,4.5,1,0.45186719730239217,0,1,0,0,0,0,1,0.2857142857142857,0.7318702002265497,0.6097973503053566,1,1,0,0.7318702002265497,1.4637404004530994
2019-02,2019-02,S3_Day21,3,2019-02-21 23:59:59,training,training,6.1,6.1,True,True,5.8,2018-12,2019-02-14 00:00:00,,CONSERVATIVE_MONTH_END_PLUS_45D_PROXY,False,2,7,5.8,2018-12,4.989213333333334,1.2942696765335437,1.9301387787663327,False,,,,,,,4,2019-02-19,0.5006035908230408,2.75,0.25,0.75,0.0,0.5,0.0,0.0,0.0,0.0,0.0,0.0,0.0,0.5,1.25,0.25,0.5,0.25,1.5,0.25,0.0,0.0,0.0,0.0,0.0,0.42857142857142855,0.0,0.42857142857142855,,,,,,,,,,,,,,,,,,,,,,,,,,,,,,,2019-02,0.0,0.0,0.0,0.0,0.0,0.0,0.0,0.0,0.0,0.0,0.0,0.0,0.5006035908230408,2.75,0.0,1.25,0.5,1.5,0.0,0.0,0.0,0.42857142857142855,0.0,0.0,0.7701486030160769,-0.26954501219303606,4.5,-1.75,0.0,0.0,1.5,-0.25,0.0,0.5,3.0,-1.5,0.0,0.0,0.0,0.0,0.0,0.0,0.2857142857142857,0.14285714285714285,0.0,0.0,0.0,0.0,-6.25,1,0.4370497408995443,0,1,1,0,0,0,1,0.42857142857142855,0.7216470387649107,0.6097973503053566,1,1,0,0.7216470387649107,1.4432940775298213
2019-02,2019-02,S4_MonthEnd,4,2019-02-28 23:59:59,training,training,6.1,6.1,True,True,5.8,2018-12,2019-02-14 00:00:00,,CONSERVATIVE_MONTH_END_PLUS_45D_PROXY,False,2,14,5.8,2018-12,5.016205000000001,4.494608892299001,2.481581289917778,False,,,,,,,6,2019-02-27,0.33373572721536054,1.8333333333333333,0.3333333333333333,0.5,0.0,0.5,0.0,0.0,0.0,0.0,0.0,0.0,0.0,0.3333333333333333,0.8333333333333334,0.16666666666666666,0.3333333333333333,0.3333333333333333,1.0,0.16666666666666666,0.0,0.0,0.0,0.0,0.0,0.42857142857142855,0.0,0.42857142857142855,,,,,,,,,,,,,,,,,,,,,,,,,,,,,,,2019-02,0.0,0.0,0.0,0.0,0.0,0.0,0.0,0.0,0.0,0.0,0.0,0.0,0.33373572721536054,1.8333333333333333,0.0,0.8333333333333334,0.3333333333333333,1.0,0.0,0.0,0.0,0.42857142857142855,0.0,0.0,0.5006035908230408,-0.1668678636076803,2.75,-0.9166666666666667,0.0,0.0,1.25,-0.41666666666666663,0.5,-0.16666666666666669,1.5,-0.5,0.0,0.0,0.0,0.0,0.0,0.0,0.42857142857142855,0.0,0.0,0.0,0.0,0.0,0.8333333333333333,1,0.3505712380352015,0,1,1,0,0,0,1,0.42857142857142855,0.5769143395998815,0.6097973503053566,0,0,0,0.5769143395998815,1.153828679199763
2019-03,2019-03,S1_Day7,1,2019-03-07 23:59:59,training,training,6.5,6.5,True,True,5.8,2018-12,2019-02-14 00:00:00,,CONSERVATIVE_MONTH_END_PLUS_45D_PROXY,False,3,21,5.8,2018-12,5.2027,0.192300296142478,3.717850446702209,False,,,,,,,0,,0.0,0.0,0.0,0.0,0.0,0.0,0.0,0.0,0.0,0.0,0.0,0.0,0.0,0.0,0.0,0.0,0.0,0.0,0.0,0.0,0.0,0.0,0.0,0.0,0.0,0.0,0.0,0.0,,,,,,,,,,,,,,,,,,,,,,,,,,,,,,,2019-03,0.33373572721536054,1.8333333333333333,0.0,0.8333333333333334,0.3333333333333333,1.0,0.0,0.0,0.0,0.42857142857142855,0.0,0.0,-0.33373572721536054,-1.8333333333333333,0.0,-0.8333333333333334,-0.3333333333333333,-1.0,0.0,0.0,0.0,-0.42857142857142855,0.0,0.0,0.33373572721536054,-0.33373572721536054,1.8333333333333333,-1.8333333333333333,0.0,0.0,0.8333333333333334,-0.8333333333333334,0.3333333333333333,-0.3333333333333333,1.0,-1.0,0.0,0.0,0.0,0.0,0.0,0.0,0.42857142857142855,-0.42857142857142855,0.0,0.0,0.0,0.0,-1.8333333333333333,1,0.0,0,1,1,0,0,0,1,0.42857142857142855,0.6264440573207786,0.6097973503053566,1,0,0,0.6264440573207786,1.8793321719623357
2019-03,2019-03,S2_Day14,2,2019-03-14 23:59:59,training,training,6.5,6.5,True,True,5.8,2018-12,2019-02-14 00:00:00,,CONSERVATIVE_MONTH_END_PLUS_45D_PROXY,False,3,28,5.8,2018-12,5.22068888888889,0.7653551786469759,4.076465951628538,False,,,,,,,2,2019-03-14,0.0,0.0,1.0,0.0,0.0,0.5,0.0,0.0,0.0,0.0,0.0,0.0,0.0,0.0,0.0,0.0,0.0,0.0,0.0,0.5,0.0,0.0,0.0,0.0,0.0,0.0,0.0,0.0,,,,,,,,,,,,,,,,,,,,,,,,,,,,,,,2019-03,0.33373572721536054,1.8333333333333333,0.0,0.8333333333333334,0.3333333333333333,1.0,0.0,0.0,0.0,0.42857142857142855,0.0,0.0,-0.33373572721536054,-1.8333333333333333,0.0,-0.8333333333333334,-0.3333333333333333,-1.0,0.0,0.0,0.0,-0.42857142857142855,0.0,0.0,0.0,0.0,0.0,0.0,0.0,0.0,0.0,0.0,0.0,0.0,0.0,0.0,0.0,0.0,0.0,0.0,0.0,0.0,0.0,0.0,0.0,0.0,0.0,0.0,1.8333333333333333,1,0.0,0,1,1,0,0,0,1,0.42857142857142855,0.6264440573207786,0.6097973503053566,1,0,0,0.6264440573207786,1.8793321719623357
2019-03,2019-03,S3_Day21,3,2019-03-21 23:59:59,training,training,6.5,6.5,True,True,5.9,2019-01,2019-03-17 00:00:00,,CONSERVATIVE_MONTH_END_PLUS_45D_PROXY,False,2,4,5.9,2019-01,5.221807142857143,-0.7903542171454947,4.098758779937062,False,,,,,,,3,2019-03-21,0.0,0.0,1.0,0.0,0.0,0.6666666666666666,0.0,0.0,0.0,0.0,0.0,0.0,0.0,0.3333333333333333,0.0,0.0,0.0,0.3333333333333333,0.0,0.6666666666666666,0.0,0.0,0.0,0.0,0.0,0.0,0.0,0.0,,,,,,,,,,,,,,,,,,,,,,,,,,,,,,,2019-03,0.33373572721536054,1.8333333333333333,0.0,0.8333333333333334,0.3333333333333333,1.0,0.0,0.0,0.0,0.42857142857142855,0.0,0.0,-0.33373572721536054,-1.8333333333333333,0.0,-0.8333333333333334,-0.3333333333333333,-1.0,0.0,0.0,0.0,-0.42857142857142855,0.0,0.0,0.0,0.0,0.0,0.0,0.0,0.0,0.0,0.0,0.0,0.0,0.0,0.0,0.0,0.0,0.0,0.0,0.0,0.0,0.0,0.0,0.0,0.0,0.0,0.0,0.0,1,0.0,0,1,1,0,0,0,1,0.42857142857142855,0.5177965544102593,0.6097973503053566,0,0,0,0.5177965544102593,1.0355931088205186
2019-03,2019-03,S4_MonthEnd,4,2019-03-31 23:59:59,training,training,6.5,6.5,True,True,5.9,2019-01,2019-03-17 00:00:00,,CONSERVATIVE_MONTH_END_PLUS_45D_PROXY,False,2,14,5.9,2019-01,5.1797450000000005,-2.246067458943879,3.260233582957617,False,,,,,,,5,2019-03-30,0.25405958095491493,1.2,0.6,0.4,0.0,0.4,0.0,0.0,0.0,0.0,0.0,0.0,0.0,0.6,1.2,0.0,0.0,0.2,0.0,0.4,0.0,0.0,0.0,0.0,0.0,0.14285714285714285,0.0,0.14285714285714285,,,,,,,,,,,,,,,,,,,,,,,,,,,,,,,2019-03,0.33373572721536054,1.8333333333333333,0.0,0.8333333333333334,0.3333333333333333,1.0,0.0,0.0,0.0,0.42857142857142855,0.0,0.0,-0.07967614626044561,-0.6333333333333333,0.0,0.3666666666666666,-0.3333333333333333,-1.0,0.0,0.0,0.0,-0.2857142857142857,0.0,0.0,0.0,0.25405958095491493,0.0,1.2,0.0,0.0,0.0,1.2,0.0,0.0,0.0,0.0,0.0,0.0,0.0,0.0,0.0,0.0,0.0,0.14285714285714285,0.0,0.0,0.0,0.0,1.2,0,0.2756676406418747,0,0,1,0,0,0,1,0.2857142857142857,0.23068600840964656,0.6097973503053566,0,0,0,0.23068600840964656,0.46137201681929313
2019-04,2019-04,S1_Day7,1,2019-04-07 23:59:59,training,training,6.5,6.5,True,True,5.9,2019-01,2019-03-17 00:00:00,,CONSERVATIVE_MONTH_END_PLUS_45D_PROXY,False,3,21,5.9,2019-01,5.08558,-0.013763542342537516,-1.817946636369172,False,,,,,,,6,2019-04-04,0.5197224592633525,4.833333333333333,0.3333333333333333,0.6666666666666666,0.0,0.16666666666666666,0.0,0.0,0.0,0.0,0.0,0.0,0.0,0.8333333333333334,4.833333333333333,0.0,0.0,0.0,0.0,0.0,0.0,0.0,0.0,0.0,0.0,0.14285714285714285,0.0,0.14285714285714285,,,,,,,,,,,,,,,,,,,,,,,,,,,,,,,2019-04,0.25405958095491493,1.2,0.0,1.2,0.0,0.0,0.0,0.0,0.0,0.14285714285714285,0.0,0.0,0.26566287830843754,3.633333333333333,0.0,3.633333333333333,0.0,0.0,0.0,0.0,0.0,0.0,0.0,0.0,0.25405958095491493,0.26566287830843754,1.2,3.633333333333333,0.0,0.0,1.2,3.633333333333333,0.0,0.0,0.0,0.0,0.0,0.0,0.0,0.0,0.0,0.0,0.14285714285714285,0.0,0.0,0.0,0.0,0.0,3.633333333333333,0,0.4992457736354382,0,0,0,0,0,0,0,0.0,0.47425250898175714,0.6097973503053566,0,0,0,0.47425250898175714,1.4227575269452715
2019-04,2019-04,S2_Day14,2,2019-04-14 23:59:59,training,training,6.5,6.5,True,True,6.1,2019-02,2019-04-14 00:00:00,,CONSERVATIVE_MONTH_END_PLUS_45D_PROXY,False,2,0,6.1,2019-02,5.08555,0.005898661003955752,-1.818525815460048,False,,,,,,,8,2019-04-13,0.27664831274190604,2.875,0.5,0.5,0.125,0.25,0.0,0.0,0.0,0.0,0.0,0.0,0.0,0.625,3.625,0.0,0.0,0.125,-0.75,0.0,0.0,0.0,0.0,0.0,0.0,0.14285714285714285,0.14285714285714285,0.0,,,,,,,,,,,,,,,,,,,,,,,,,,,,,,,2019-04,0.25405958095491493,1.2,0.0,1.2,0.0,0.0,0.0,0.0,0.0,0.14285714285714285,0.0,0.0,0.022588731786991112,1.675,0.0,2.425,0.0,-0.75,0.0,0.0,0.0,-0.14285714285714285,0.0,0.0,0.5197224592633525,-0.24307414652144643,4.833333333333333,-1.958333333333333,0.0,0.0,4.833333333333333,-1.208333333333333,0.0,0.0,0.0,-0.75,0.0,0.0,0.0,0.0,0.0,0.0,0.14285714285714285,-0.14285714285714285,0.0,0.0,0.0,0.0,-5.591666666666666,0,0.4548304619807839,0,0,0,0,0,0,1,0.14285714285714285,0.40988300382132453,0.6097973503053566,0,0,0,0.40988300382132453,0.8197660076426491
2019-04,2019-04,S3_Day21,3,2019-04-21 23:59:59,training,training,6.5,6.5,True,True,6.1,2019-02,2019-04-14 00:00:00,,CONSERVATIVE_MONTH_END_PLUS_45D_PROXY,False,2,7,6.1,2019-02,5.085792857142857,0.037358186358371626,-1.8138372228197253,False,,,,,,,8,2019-04-13,0.27664831274190604,2.875,0.5,0.5,0.125,0.25,0.0,0.0,0.0,0.0,0.0,0.0,0.0,0.625,3.625,0.0,0.0,0.125,-0.75,0.0,0.0,0.0,0.0,0.0,0.0,0.14285714285714285,0.14285714285714285,0.0,,,,,,,,,,,,,,,,,,,,,,,,,,,,,,,2019-04,0.25405958095491493,1.2,0.0,1.2,0.0,0.0,0.0,0.0,0.0,0.14285714285714285,0.0,0.0,0.022588731786991112,1.675,0.0,2.425,0.0,-0.75,0.0,0.0,0.0,-0.14285714285714285,0.0,0.0,0.27664831274190604,0.0,2.875,0.0,0.0,0.0,3.625,0.0,0.0,0.0,-0.75,0.0,0.0,0.0,0.0,0.0,0.0,0.0,0.0,0.0,0.0,0.0,0.0,0.0,1.958333333333333,0,0.4548304619807839,0,0,0,0,0,0,1,0.14285714285714285,0.37390323081115956,0.6097973503053566,0,0,0,0.37390323081115956,0.7478064616223191
2019-04,2019-04,S4_MonthEnd,4,2019-04-30 23:59:59,training,training,6.5,6.5,True,True,6.1,2019-02,2019-04-14 00:00:00,,CONSERVATIVE_MONTH_END_PLUS_45D_PROXY,False,2,16,6.1,2019-02,5.08643,0.04325684736232738,-1.80153656212807,False,,,,,,,9,2019-04-29,0.3530237868901184,3.4444444444444446,0.5555555555555556,0.5555555555555556,0.1111111111111111,0.3333333333333333,0.0,0.0,0.0,0.0,0.0,0.0,0.0,0.5555555555555556,3.2222222222222223,0.1111111111111111,0.8888888888888888,0.1111111111111111,-0.6666666666666666,0.0,0.0,0.0,0.0,0.0,0.0,0.2857142857142857,0.14285714285714285,0.14285714285714285,,,,,,,,,,,,,,,,,,,,,,,,,,,,,,,2019-04,0.25405958095491493,1.2,0.0,1.2,0.0,0.0,0.0,0.0,0.0,0.14285714285714285,0.0,0.0,0.09896420593520344,2.2444444444444445,0.0,2.022222222222222,0.8888888888888888,-0.6666666666666666,0.0,0.0,0.0,0.0,0.0,0.0,0.27664831274190604,0.07637547414821233,2.875,0.5694444444444446,0.0,0.0,3.625,-0.4027777777777777,0.0,0.8888888888888888,-0.75,0.08333333333333337,0.0,0.0,0.0,0.0,0.0,0.0,0.0,0.14285714285714285,0.0,0.0,0.0,0.0,0.5694444444444446,0,0.5157191511667689,0,0,1,0,0,0,1,0.2857142857142857,0.3530810927593169,0.6097973503053566,0,0,0,0.3530810927593169,0.7061621855186337
2019-05,2019-05,S1_Day7,1,2019-05-07 23:59:59,training,training,7.0,7.0,True,True,6.1,2019-02,2019-04-14 00:00:00,,CONSERVATIVE_MONTH_END_PLUS_45D_PROXY,False,3,23,6.1,2019-02,5.08955,0.021614823839177788,0.06133968225259245,False,,,,,,,0,,0.0,0.0,0.0,0.0,0.0,0.0,0.0,0.0,0.0,0.0,0.0,0.0,0.0,0.0,0.0,0.0,0.0,0.0,0.0,0.0,0.0,0.0,0.0,0.0,0.0,0.0,0.0,0.0,,,,,,,,,,,,,,,,,,,,,,,,,,,,,,,2019-05,0.3530237868901184,3.4444444444444446,0.0,3.2222222222222223,0.8888888888888888,-0.6666666666666666,0.0,0.0,0.0,0.14285714285714285,0.0,0.0,-0.3530237868901184,-3.4444444444444446,0.0,-3.2222222222222223,-0.8888888888888888,0.6666666666666666,0.0,0.0,0.0,-0.14285714285714285,0.0,0.0,0.3530237868901184,-0.3530237868901184,3.4444444444444446,-3.4444444444444446,0.0,0.0,3.2222222222222223,-3.2222222222222223,0.8888888888888888,-0.8888888888888888,-0.6666666666666666,0.6666666666666666,0.0,0.0,0.0,0.0,0.0,0.0,0.14285714285714285,-0.14285714285714285,0.0,0.0,0.0,0.0,-3.4444444444444446,1,0.0,0,1,1,0,0,0,1,0.42857142857142855,0.7190650295080463,0.6097973503053566,1,0,0,0.7190650295080463,2.157195088524139
2019-05,2019-05,S2_Day14,2,2019-05-14 23:59:59,training,training,7.0,7.0,True,True,6.1,2019-02,2019-04-14 00:00:00,,CONSERVATIVE_MONTH_END_PLUS_45D_PROXY,False,3,30,6.1,2019-02,5.091222222222223,0.0962842152836485,0.09421582961375297,False,,,,,,,0,,0.0,0.0,0.0,0.0,0.0,0.0,0.0,0.0,0.0,0.0,0.0,0.0,0.0,0.0,0.0,0.0,0.0,0.0,0.0,0.0,0.0,0.0,0.0,0.0,0.0,0.0,0.0,0.0,,,,,,,,,,,,,,,,,,,,,,,,,,,,,,,2019-05,0.3530237868901184,3.4444444444444446,0.0,3.2222222222222223,0.8888888888888888,-0.6666666666666666,0.0,0.0,0.0,0.14285714285714285,0.0,0.0,-0.3530237868901184,-3.4444444444444446,0.0,-3.2222222222222223,-0.8888888888888888,0.6666666666666666,0.0,0.0,0.0,-0.14285714285714285,0.0,0.0,0.0,0.0,0.0,0.0,0.0,0.0,0.0,0.0,0.0,0.0,0.0,0.0,0.0,0.0,0.0,0.0,0.0,0.0,0.0,0.0,0.0,0.0,0.0,0.0,3.4444444444444446,1,0.0,0,1,1,0,0,0,1,0.42857142857142855,0.7190650295080463,0.6097973503053566,1,0,0,0.7190650295080463,2.157195088524139
2019-05,2019-05,S3_Day21,3,2019-05-21 23:59:59,training,training,7.0,7.0,True,True,6.5,2019-03,2019-05-15 00:00:00,,CONSERVATIVE_MONTH_END_PLUS_45D_PROXY,False,2,6,6.5,2019-03,5.094214285714286,0.27313277396787683,0.15304026034539397,False,,,,,,,2,2019-05-16,0.0,0.0,0.5,0.0,0.0,0.0,0.0,0.0,0.0,0.0,0.0,0.0,0.0,0.0,0.0,0.5,0.0,0.0,0.0,0.0,0.0,0.0,0.0,0.0,0.0,0.0,0.0,0.0,,,,,,,,,,,,,,,,,,,,,,,,,,,,,,,2019-05,0.3530237868901184,3.4444444444444446,0.0,3.2222222222222223,0.8888888888888888,-0.6666666666666666,0.0,0.0,0.0,0.14285714285714285,0.0,0.0,-0.3530237868901184,-3.4444444444444446,0.0,-3.2222222222222223,-0.8888888888888888,0.6666666666666666,0.0,0.0,0.0,-0.14285714285714285,0.0,0.0,0.0,0.0,0.0,0.0,0.0,0.0,0.0,0.0,0.0,0.0,0.0,0.0,0.0,0.0,0.0,0.0,0.0,0.0,0.0,0.0,0.0,0.0,0.0,0.0,0.0,1,0.0,0,1,1,0,0,0,1,0.42857142857142855,0.5783455206556324,0.6097973503053566,0,0,0,0.5783455206556324,1.1566910413112648
2019-05,2019-05,S4_MonthEnd,4,2019-05-31 23:59:59,training,training,7.0,7.0,True,True,6.5,2019-03,2019-05-15 00:00:00,,CONSERVATIVE_MONTH_END_PLUS_45D_PROXY,False,2,16,6.5,2019-03,5.108263636363636,2.2007820636261943,0.4292526656935358,False,,,,,,,4,2019-05-25,0.0,0.0,0.5,0.0,0.0,0.0,0.0,0.0,0.0,0.0,0.0,0.0,0.0,0.0,0.0,0.25,0.0,0.25,0.0,0.0,0.0,0.0,0.0,0.0,0.0,0.0,0.0,0.0,,,,,,,,,,,,,,,,,,,,,,,,,,,,,,,2019-05,0.3530237868901184,3.4444444444444446,0.0,3.2222222222222223,0.8888888888888888,-0.6666666666666666,0.0,0.0,0.0,0.14285714285714285,0.0,0.0,-0.3530237868901184,-3.4444444444444446,0.0,-3.2222222222222223,-0.8888888888888888,0.6666666666666666,0.0,0.0,0.0,-0.14285714285714285,0.0,0.0,0.0,0.0,0.0,0.0,0.0,0.0,0.0,0.0,0.0,0.0,0.0,0.0,0.0,0.0,0.0,0.0,0.0,0.0,0.0,0.0,0.0,0.0,0.0,0.0,0.0,1,0.0,0,1,1,0,0,0,1,0.42857142857142855,0.5783455206556324,0.6097973503053566,0,0,0,0.5783455206556324,1.1566910413112648
2019-06,2019-06,S1_Day7,1,2019-06-07 23:59:59,training,training,7.5,7.5,True,True,6.5,2019-03,2019-05-15 00:00:00,,CONSERVATIVE_MONTH_END_PLUS_45D_PROXY,False,3,23,6.5,2019-03,5.2158999999999995,0.4806860351093123,2.107102751513157,False,,,,,,,0,,0.0,0.0,0.0,0.0,0.0,0.0,0.0,0.0,0.0,0.0,0.0,0.0,0.0,0.0,0.0,0.0,0.0,0.0,0.0,0.0,0.0,0.0,0.0,0.0,0.0,0.0,0.0,0.0,,,,,,,,,,,,,,,,,,,,,,,,,,,,,,,2019-06,0.0,0.0,0.0,0.0,0.0,0.0,0.0,0.0,0.0,0.0,0.0,0.0,0.0,0.0,0.0,0.0,0.0,0.0,0.0,0.0,0.0,0.0,0.0,0.0,0.0,0.0,0.0,0.0,0.0,0.0,0.0,0.0,0.0,0.0,0.0,0.0,0.0,0.0,0.0,0.0,0.0,0.0,0.0,0.0,0.0,0.0,0.0,0.0,0.0,0,0.0,0,0,0,0,0,0,0,0.0,0.0,0.6097973503053566,0,0,0,0.0,0.0
2019-06,2019-06,S2_Day14,2,2019-06-14 23:59:59,training,training,7.5,7.5,True,True,6.5,2019-04,2019-06-14 00:00:00,,CONSERVATIVE_MONTH_END_PLUS_45D_PROXY,False,2,0,6.5,2019-04,5.225033333333333,0.7537157030514052,2.285898013142118,False,,,,,,,1,2019-06-13,0.0,0.0,1.0,0.0,0.0,0.0,0.0,0.0,0.0,0.0,0.0,0.0,0.0,0.0,0.0,0.0,0.0,0.0,0.0,0.0,0.0,0.0,0.0,0.0,0.0,0.0,0.0,0.0,,,,,,,,,,,,,,,,,,,,,,,,,,,,,,,2019-06,0.0,0.0,0.0,0.0,0.0,0.0,0.0,0.0,0.0,0.0,0.0,0.0,0.0,0.0,0.0,0.0,0.0,0.0,0.0,0.0,0.0,0.0,0.0,0.0,0.0,0.0,0.0,0.0,0.0,0.0,0.0,0.0,0.0,0.0,0.0,0.0,0.0,0.0,0.0,0.0,0.0,0.0,0.0,0.0,0.0,0.0,0.0,0.0,0.0,0,0.0,0,0,0,0,0,0,0,0.0,0.0,0.6097973503053566,0,0,0,0.0,0.0
2019-06,2019-06,S3_Day21,3,2019-06-21 23:59:59,training,training,7.5,7.5,True,True,6.5,2019-04,2019-06-14 00:00:00,,CONSERVATIVE_MONTH_END_PLUS_45D_PROXY,False,2,7,6.5,2019-04,5.234071428571428,0.986367744044303,2.4628288820533584,False,,,,,,,1,2019-06-13,0.0,0.0,1.0,0.0,0.0,0.0,0.0,0.0,0.0,0.0,0.0,0.0,0.0,0.0,0.0,0.0,0.0,0.0,0.0,0.0,0.0,0.0,0.0,0.0,0.0,0.0,0.0,0.0,,,,,,,,,,,,,,,,,,,,,,,,,,,,,,,2019-06,0.0,0.0,0.0,0.0,0.0,0.0,0.0,0.0,0.0,0.0,0.0,0.0,0.0,0.0,0.0,0.0,0.0,0.0,0.0,0.0,0.0,0.0,0.0,0.0,0.0,0.0,0.0,0.0,0.0,0.0,0.0,0.0,0.0,0.0,0.0,0.0,0.0,0.0,0.0,0.0,0.0,0.0,0.0,0.0,0.0,0.0,0.0,0.0,0.0,0,0.0,0,0,0,0,0,0,0,0.0,0.0,0.6097973503053566,0,0,0,0.0,0.0
2019-06,2019-06,S4_MonthEnd,4,2019-06-30 23:59:59,training,training,7.5,7.5,True,True,6.5,2019-04,2019-06-14 00:00:00,,CONSERVATIVE_MONTH_END_PLUS_45D_PROXY,False,2,16,6.5,2019-04,5.240221052631579,1.1171143455940502,2.5832146823549396,False,,,,,,,1,2019-06-13,0.0,0.0,1.0,0.0,0.0,0.0,0.0,0.0,0.0,0.0,0.0,0.0,0.0,0.0,0.0,0.0,0.0,0.0,0.0,0.0,0.0,0.0,0.0,0.0,0.0,0.0,0.0,0.0,,,,,,,,,,,,,,,,,,,,,,,,,,,,,,,2019-06,0.0,0.0,0.0,0.0,0.0,0.0,0.0,0.0,0.0,0.0,0.0,0.0,0.0,0.0,0.0,0.0,0.0,0.0,0.0,0.0,0.0,0.0,0.0,0.0,0.0,0.0,0.0,0.0,0.0,0.0,0.0,0.0,0.0,0.0,0.0,0.0,0.0,0.0,0.0,0.0,0.0,0.0,0.0,0.0,0.0,0.0,0.0,0.0,0.0,0,0.0,0,0,0,0,0,0,0,0.0,0.0,0.6097973503053566,0,0,0,0.0,0.0
2019-07,2019-07,S1_Day7,1,2019-07-07 23:59:59,training,training,7.5,7.5,True,True,6.5,2019-04,2019-06-14 00:00:00,,CONSERVATIVE_MONTH_END_PLUS_45D_PROXY,False,3,23,6.5,2019-04,5.258,0.02852795739824998,0.33927857603435196,False,,,,,,,3,2019-07-04,0.15403905242000324,0.6666666666666666,0.3333333333333333,0.3333333333333333,0.0,0.6666666666666666,0.0,0.0,0.0,0.0,0.0,0.0,0.0,0.0,0.0,0.3333333333333333,0.6666666666666666,0.6666666666666666,0.0,0.0,0.0,0.0,0.0,0.0,0.0,0.14285714285714285,0.0,0.14285714285714285,,,,,,,,,,,,,,,,,,,,,,,,,,,,,,,2019-07,0.0,0.0,0.0,0.0,0.0,0.0,0.0,0.0,0.0,0.0,0.0,0.0,0.15403905242000324,0.6666666666666666,0.0,0.0,0.6666666666666666,0.0,0.0,0.0,0.0,0.14285714285714285,0.0,0.0,0.0,0.15403905242000324,0.0,0.6666666666666666,0.0,0.0,0.0,0.0,0.0,0.6666666666666666,0.0,0.0,0.0,0.0,0.0,0.0,0.0,0.0,0.0,0.14285714285714285,0.0,0.0,0.0,0.0,0.6666666666666666,1,0.1518235890320926,0,0,1,0,0,0,0,0.14285714285714285,0.3821849401943886,0.6097973503053566,0,0,0,0.3821849401943886,1.1465548205831657
2019-07,2019-07,S2_Day14,2,2019-07-14 23:59:59,training,training,7.5,7.5,True,True,6.5,2019-04,2019-06-14 00:00:00,,CONSERVATIVE_MONTH_END_PLUS_45D_PROXY,False,3,30,6.5,2019-04,5.257689999999999,-0.06656523392924996,0.3333627950608653,False,,,,,,,6,2019-07-11,0.18287768494121617,0.8333333333333334,0.3333333333333333,0.3333333333333333,0.0,0.5,0.0,0.0,0.0,0.0,0.0,0.0,0.0,0.3333333333333333,0.5,0.16666666666666666,0.3333333333333333,0.3333333333333333,0.0,0.0,0.0,0.0,0.0,0.0,0.0,0.2857142857142857,0.0,0.2857142857142857,,,,,,,,,,,,,,,,,,,,,,,,,,,,,,,2019-07,0.0,0.0,0.0,0.0,0.0,0.0,0.0,0.0,0.0,0.0,0.0,0.0,0.18287768494121617,0.8333333333333334,0.0,0.5,0.3333333333333333,0.0,0.0,0.0,0.0,0.2857142857142857,0.0,0.0,0.15403905242000324,0.028838632521212937,0.6666666666666666,0.16666666666666674,0.0,0.0,0.0,0.5,0.6666666666666666,-0.3333333333333333,0.0,0.0,0.0,0.0,0.0,0.0,0.0,0.0,0.14285714285714285,0.14285714285714285,0.0,0.0,0.0,0.0,-0.4999999999999999,1,0.2054790537145187,0,1,1,0,0,0,0,0.2857142857142857,0.41753644099348436,0.6097973503053566,0,0,0,0.41753644099348436,1.2526093229804531
2019-07,2019-07,S3_Day21,3,2019-07-21 23:59:59,training,training,7.5,7.5,True,True,7.0,2019-05,2019-07-15 00:00:00,,CONSERVATIVE_MONTH_END_PLUS_45D_PROXY,False,2,6,7.0,2019-05,5.25606,-0.05705591479649996,0.3022572370390053,False,,,,,,,8,2019-07-20,0.13715826370591214,0.625,0.375,0.25,0.0,0.5,0.0,0.0,0.0,0.0,0.0,0.0,0.0,0.25,0.375,0.125,0.25,0.375,0.0,0.125,0.0,0.0,0.0,0.0,0.0,0.2857142857142857,0.0,0.2857142857142857,,,,,,,,,,,,,,,,,,,,,,,,,,,,,,,2019-07,0.0,0.0,0.0,0.0,0.0,0.0,0.0,0.0,0.0,0.0,0.0,0.0,0.13715826370591214,0.625,0.0,0.375,0.25,0.0,0.0,0.0,0.0,0.2857142857142857,0.0,0.0,0.18287768494121617,-0.045719421235304036,0.8333333333333334,-0.20833333333333337,0.0,0.0,0.5,-0.125,0.3333333333333333,-0.08333333333333331,0.0,0.0,0.0,0.0,0.0,0.0,0.0,0.0,0.2857142857142857,0.0,0.0,0.0,0.0,0.0,-0.3750000000000001,1,0.16046939971533283,0,1,1,0,0,0,0,0.2857142857142857,0.3766055281096018,0.6097973503053566,0,0,0,0.3766055281096018,0.7532110562192036
2019-07,2019-07,S4_MonthEnd,4,2019-07-31 23:59:59,training,training,7.5,7.5,True,True,7.0,2019-05,2019-07-15 00:00:00,,CONSERVATIVE_MONTH_END_PLUS_45D_PROXY,False,2,16,7.0,2019-05,5.256047826086957,-0.01901863826551109,0.3020249202546399,False,,,,,,,10,2019-07-23,0.10972661096472971,0.5,0.4,0.2,0.0,0.5,0.0,0.0,0.0,0.0,0.0,0.0,0.0,0.2,0.3,0.1,0.2,0.5,0.0,0.2,0.0,0.0,0.0,0.0,0.0,0.2857142857142857,0.0,0.2857142857142857,,,,,,,,,,,,,,,,,,,,,,,,,,,,,,,2019-07,0.0,0.0,0.0,0.0,0.0,0.0,0.0,0.0,0.0,0.0,0.0,0.0,0.10972661096472971,0.5,0.0,0.3,0.2,0.0,0.0,0.0,0.0,0.2857142857142857,0.0,0.0,0.13715826370591214,-0.027431652741182422,0.625,-0.125,0.0,0.0,0.375,-0.07500000000000001,0.25,-0.04999999999999999,0.0,0.0,0.0,0.0,0.0,0.0,0.0,0.0,0.2857142857142857,0.0,0.0,0.0,0.0,0.0,0.08333333333333337,1,0.13230680063300573,0,1,1,0,0,0,0,0.2857142857142857,0.334825060310264,0.6097973503053566,0,0,0,0.334825060310264,0.669650120620528
2019-08,2019-08,S1_Day7,1,2019-08-07 23:59:59,training,training,7.7,7.7,True,True,7.0,2019-05,2019-07-15 00:00:00,,CONSERVATIVE_MONTH_END_PLUS_45D_PROXY,False,3,23,7.0,2019-05,5.258025,0.06277225086073202,0.03761712180831989,False,,,,,,,2,2019-08-06,0.0,0.0,1.0,0.0,0.0,0.5,0.0,0.0,0.0,0.0,0.0,0.0,0.0,0.0,0.0,0.0,0.0,0.5,0.0,0.0,0.0,0.0,0.0,0.0,0.0,0.0,0.0,0.0,,,,,,,,,,,,,,,,,,,,,,,,,,,,,,,2019-08,0.10972661096472971,0.5,0.0,0.3,0.2,0.0,0.0,0.0,0.0,0.2857142857142857,0.0,0.0,-0.10972661096472971,-0.5,0.0,-0.3,-0.2,0.0,0.0,0.0,0.0,-0.2857142857142857,0.0,0.0,0.10972661096472971,-0.10972661096472971,0.5,-0.5,0.0,0.0,0.3,-0.3,0.2,-0.2,0.0,0.0,0.0,0.0,0.0,0.0,0.0,0.0,0.2857142857142857,-0.2857142857142857,0.0,0.0,0.0,0.0,-0.5,1,0.0,0,1,1,0,0,0,0,0.2857142857142857,0.3653164740589975,0.6097973503053566,0,0,0,0.3653164740589975,1.0959494221769925
2019-08,2019-08,S2_Day14,2,2019-08-14 23:59:59,training,training,7.7,7.7,True,True,7.5,2019-06,2019-08-14 00:00:00,,CONSERVATIVE_MONTH_END_PLUS_45D_PROXY,False,2,0,7.5,2019-06,5.2631875,0.13125106998155278,0.13583730873998334,False,,,,,,,3,2019-08-14,0.0,0.0,0.6666666666666666,0.0,0.0,0.3333333333333333,0.0,0.0,0.0,0.0,0.0,0.0,0.0,0.3333333333333333,0.0,0.3333333333333333,0.0,0.3333333333333333,0.0,0.0,0.0,0.0,0.0,0.0,0.0,0.0,0.0,0.0,,,,,,,,,,,,,,,,,,,,,,,,,,,,,,,2019-08,0.10972661096472971,0.5,0.0,0.3,0.2,0.0,0.0,0.0,0.0,0.2857142857142857,0.0,0.0,-0.10972661096472971,-0.5,0.0,-0.3,-0.2,0.0,0.0,0.0,0.0,-0.2857142857142857,0.0,0.0,0.0,0.0,0.0,0.0,0.0,0.0,0.0,0.0,0.0,0.0,0.0,0.0,0.0,0.0,0.0,0.0,0.0,0.0,0.0,0.0,0.0,0.0,0.0,0.0,0.5,1,0.0,0,1,1,0,0,0,0,0.2857142857142857,0.3653164740589975,0.6097973503053566,0,0,0,0.3653164740589975,0.730632948117995
2019-08,2019-08,S3_Day21,3,2019-08-21 23:59:59,training,training,7.7,7.7,True,True,7.5,2019-06,2019-08-14 00:00:00,,CONSERVATIVE_MONTH_END_PLUS_45D_PROXY,False,2,7,7.5,2019-06,5.2667,0.34049190618401504,0.20266508725765853,False,,,,,,,4,2019-08-21,0.0,0.0,0.75,0.0,0.0,0.25,0.0,0.0,0.0,0.0,0.0,0.0,0.0,0.25,0.0,0.25,0.0,0.25,0.0,0.0,0.0,0.0,0.0,0.0,0.0,0.0,0.0,0.0,,,,,,,,,,,,,,,,,,,,,,,,,,,,,,,2019-08,0.10972661096472971,0.5,0.0,0.3,0.2,0.0,0.0,0.0,0.0,0.2857142857142857,0.0,0.0,-0.10972661096472971,-0.5,0.0,-0.3,-0.2,0.0,0.0,0.0,0.0,-0.2857142857142857,0.0,0.0,0.0,0.0,0.0,0.0,0.0,0.0,0.0,0.0,0.0,0.0,0.0,0.0,0.0,0.0,0.0,0.0,0.0,0.0,0.0,0.0,0.0,0.0,0.0,0.0,0.0,1,0.0,0,1,1,0,0,0,0,0.2857142857142857,0.3285786746984411,0.6097973503053566,0,0,0,0.3285786746984411,0.6571573493968822
2019-08,2019-08,S4_MonthEnd,4,2019-08-31 23:59:59,training,training,7.7,7.7,True,True,7.5,2019-06,2019-08-14 00:00:00,,CONSERVATIVE_MONTH_END_PLUS_45D_PROXY,False,2,17,7.5,2019-06,5.271170000000001,0.4622320290654347,0.28770997550648936,False,,,,,,,6,2019-08-29,0.0,0.0,0.6666666666666666,0.0,0.0,0.16666666666666666,0.0,0.0,0.0,0.0,0.0,0.0,0.0,0.3333333333333333,0.0,0.16666666666666666,0.0,0.16666666666666666,0.0,0.3333333333333333,0.0,0.0,0.0,0.0,0.0,0.0,0.0,0.0,,,,,,,,,,,,,,,,,,,,,,,,,,,,,,,2019-08,0.10972661096472971,0.5,0.0,0.3,0.2,0.0,0.0,0.0,0.0,0.2857142857142857,0.0,0.0,-0.10972661096472971,-0.5,0.0,-0.3,-0.2,0.0,0.0,0.0,0.0,-0.2857142857142857,0.0,0.0,0.0,0.0,0.0,0.0,0.0,0.0,0.0,0.0,0.0,0.0,0.0,0.0,0.0,0.0,0.0,0.0,0.0,0.0,0.0,0.0,0.0,0.0,0.0,0.0,0.0,1,0.0,0,1,1,0,0,0,0,0.2857142857142857,0.3285786746984411,0.6097973503053566,0,0,0,0.3285786746984411,0.6571573493968822
2019-09,2019-09,S1_Day7,1,2019-09-07 23:59:59,training,training,7.5,7.5,True,True,7.5,2019-06,2019-08-14 00:00:00,,CONSERVATIVE_MONTH_END_PLUS_45D_PROXY,False,3,24,7.5,2019-06,5.29436,0.40898246677016914,0.4399402789134088,False,,,,,,,3,2019-09-06,-0.018954871229117876,-0.3333333333333333,0.3333333333333333,0.3333333333333333,0.3333333333333333,0.6666666666666666,1.0,0.0,1.0,1.0,0.3333333333333333,0.0,0.0,0.0,0.0,0.6666666666666666,1.6666666666666667,0.3333333333333333,-2.0,0.3333333333333333,1.6666666666666667,0.0,0.0,0.0,0.0,0.2857142857142857,0.14285714285714285,0.14285714285714285,,,,,,,,,,,,,,,,,,,,,,,,,,,,,,,2019-09,0.0,0.0,0.0,0.0,0.0,0.0,0.0,0.0,0.0,0.0,0.0,0.0,-0.018954871229117876,-0.3333333333333333,0.0,0.0,1.6666666666666667,-2.0,1.6666666666666667,0.0,0.0,0.14285714285714285,1.0,0.3333333333333333,0.0,-0.018954871229117876,0.0,-0.3333333333333333,0.0,0.0,0.0,0.0,0.0,1.6666666666666667,0.0,-2.0,0.0,1.6666666666666667,0.0,0.0,0.0,0.0,0.0,0.14285714285714285,0.0,1.0,0.0,0.3333333333333333,-0.3333333333333333,1,0.06756989164305385,0,0,1,0,0,1,1,0.42857142857142855,0.43257020646231464,0.6097973503053566,0,0,0,0.43257020646231464,1.2977106193869439
2019-09,2019-09,S2_Day14,2,2019-09-14 23:59:59,training,training,7.5,7.5,True,True,7.5,2019-07,2019-09-14 00:00:00,,CONSERVATIVE_MONTH_END_PLUS_45D_PROXY,False,2,0,7.5,2019-07,5.29968,0.4847199606165198,0.5408666387158867,False,,,,,,,4,2019-09-13,-0.12974544273684085,-0.75,0.25,0.25,0.5,0.5,1.0,0.0,1.0,1.0,0.25,0.25,-0.5,0.0,0.0,0.5,1.25,0.25,-1.5,0.25,1.25,0.0,0.0,0.0,0.0,0.2857142857142857,0.2857142857142857,0.0,,,,,,,,,,,,,,,,,,,,,,,,,,,,,,,2019-09,0.0,0.0,0.0,0.0,0.0,0.0,0.0,0.0,0.0,0.0,0.0,0.0,-0.12974544273684085,-0.75,-0.5,0.0,1.25,-1.5,1.25,0.0,0.0,0.0,1.0,0.25,-0.018954871229117876,-0.11079057150772298,-0.3333333333333333,-0.4166666666666667,0.0,-0.5,0.0,0.0,1.6666666666666667,-0.41666666666666674,-2.0,0.5,1.6666666666666667,-0.41666666666666674,0.0,0.0,0.0,0.0,0.14285714285714285,-0.14285714285714285,1.0,0.0,0.3333333333333333,-0.08333333333333331,-0.08333333333333337,1,-0.056702916548393226,1,0,1,0,0,1,1,0.5714285714285714,0.4888143321774552,0.6097973503053566,0,0,0,0.4888143321774552,0.9776286643549104
2019-09,2019-09,S3_Day21,3,2019-09-21 23:59:59,training,training,7.5,7.5,True,True,7.5,2019-07,2019-09-14 00:00:00,,CONSERVATIVE_MONTH_END_PLUS_45D_PROXY,False,2,7,7.5,2019-07,5.303446666666667,0.6721702578861732,0.6123245250421849,False,,,,,,,6,2019-09-20,-0.08649696182456057,-0.5,0.5,0.16666666666666666,0.3333333333333333,0.3333333333333333,1.0,0.0,1.0,1.0,0.16666666666666666,0.16666666666666666,-0.3333333333333333,0.0,0.0,0.3333333333333333,0.8333333333333334,0.16666666666666666,-1.0,0.16666666666666666,0.8333333333333334,0.0,0.0,0.0,0.0,0.2857142857142857,0.2857142857142857,0.0,,,,,,,,,,,,,,,,,,,,,,,,,,,,,,,2019-09,0.0,0.0,0.0,0.0,0.0,0.0,0.0,0.0,0.0,0.0,0.0,0.0,-0.08649696182456057,-0.5,-0.3333333333333333,0.0,0.8333333333333334,-1.0,0.8333333333333334,0.0,0.0,0.0,1.0,0.16666666666666666,-0.12974544273684085,0.043248480912280285,-0.75,0.25,-0.5,0.16666666666666669,0.0,0.0,1.25,-0.41666666666666663,-1.5,0.5,1.25,-0.41666666666666663,0.0,0.0,0.0,0.0,0.0,0.0,1.0,0.0,0.25,-0.08333333333333334,0.6666666666666667,1,-0.021080736986911125,1,0,1,0,0,1,1,0.5714285714285714,0.47442463294723386,0.6097973503053566,0,0,0,0.47442463294723386,0.9488492658944677
2019-09,2019-09,S4_MonthEnd,4,2019-09-30 23:59:59,training,training,7.5,7.5,True,True,7.5,2019-07,2019-09-14 00:00:00,,CONSERVATIVE_MONTH_END_PLUS_45D_PROXY,False,2,16,7.5,2019-07,5.306685,0.6570227591168987,0.6737593361625382,False,,,,,,,6,2019-09-20,-0.08649696182456057,-0.5,0.5,0.16666666666666666,0.3333333333333333,0.3333333333333333,1.0,0.0,1.0,1.0,0.16666666666666666,0.16666666666666666,-0.3333333333333333,0.0,0.0,0.3333333333333333,0.8333333333333334,0.16666666666666666,-1.0,0.16666666666666666,0.8333333333333334,0.0,0.0,0.0,0.0,0.2857142857142857,0.2857142857142857,0.0,,,,,,,,,,,,,,,,,,,,,,,,,,,,,,,2019-09,0.0,0.0,0.0,0.0,0.0,0.0,0.0,0.0,0.0,0.0,0.0,0.0,-0.08649696182456057,-0.5,-0.3333333333333333,0.0,0.8333333333333334,-1.0,0.8333333333333334,0.0,0.0,0.0,1.0,0.16666666666666666,-0.08649696182456057,0.0,-0.5,0.0,-0.3333333333333333,0.0,0.0,0.0,0.8333333333333334,0.0,-1.0,0.0,0.8333333333333334,0.0,0.0,0.0,0.0,0.0,0.0,0.0,1.0,0.0,0.16666666666666666,0.0,-0.25,1,-0.021080736986911125,1,0,1,0,0,1,1,0.5714285714285714,0.44485067258322813,0.6097973503053566,0,0,0,0.44485067258322813,0.8897013451664563
2019-10,2019-10,S1_Day7,1,2019-10-07 23:59:59,training,training,7.6,7.6,True,True,7.5,2019-07,2019-09-14 00:00:00,,CONSERVATIVE_MONTH_END_PLUS_45D_PROXY,False,3,23,7.5,2019-07,5.3163800000000005,0.08465648280533422,0.18269409245132984,False,,,,,,,1,2019-10-01,0.0,0.0,0.0,0.0,0.0,1.0,0.0,0.0,0.0,0.0,0.0,0.0,0.0,0.0,0.0,1.0,0.0,0.0,0.0,1.0,0.0,0.0,0.0,1.0,0.0,0.0,0.0,0.0,,,,,,,,,,,,,,,,,,,,,,,,,,,,,,,2019-10,-0.08649696182456057,-0.5,-0.3333333333333333,0.0,0.8333333333333334,-1.0,0.8333333333333334,0.0,0.0,0.0,1.0,0.16666666666666666,0.08649696182456057,0.5,0.3333333333333333,0.0,-0.8333333333333334,1.0,-0.8333333333333334,0.0,0.0,0.0,-1.0,-0.16666666666666666,-0.08649696182456057,0.08649696182456057,-0.5,0.5,-0.3333333333333333,0.3333333333333333,0.0,0.0,0.8333333333333334,-0.8333333333333334,-1.0,1.0,0.8333333333333334,-0.8333333333333334,0.0,0.0,0.0,0.0,0.0,0.0,1.0,-1.0,0.16666666666666666,-0.16666666666666666,0.5,1,0.0,1,0,1,0,0,1,1,0.5714285714285714,0.37960218834471177,0.6097973503053566,0,0,0,0.37960218834471177,1.1388065650341352
2019-10,2019-10,S2_Day14,2,2019-10-14 23:59:59,training,training,7.6,7.6,True,True,7.5,2019-07,2019-09-14 00:00:00,,CONSERVATIVE_MONTH_END_PLUS_45D_PROXY,False,3,30,7.5,2019-07,5.318569999999999,0.12040033110092274,0.22396279409837572,False,,,,,,,4,2019-10-12,-0.11552928931500243,-0.5,0.5,0.0,0.25,0.75,0.0,0.0,0.0,0.0,0.0,0.0,0.0,0.0,0.0,0.5,-0.5,0.0,0.0,0.5,0.0,0.0,0.0,0.25,0.0,0.0,0.14285714285714285,-0.14285714285714285,,,,,,,,,,,,,,,,,,,,,,,,,,,,,,,2019-10,-0.08649696182456057,-0.5,-0.3333333333333333,0.0,0.8333333333333334,-1.0,0.8333333333333334,0.0,0.0,0.0,1.0,0.16666666666666666,-0.029032327490441864,0.0,0.3333333333333333,0.0,-1.3333333333333335,1.0,-0.8333333333333334,0.0,0.0,-0.14285714285714285,-1.0,-0.16666666666666666,0.0,-0.11552928931500243,0.0,-0.5,0.0,0.0,0.0,0.0,0.0,-0.5,0.0,0.0,0.0,0.0,0.0,0.0,0.0,0.0,0.0,-0.14285714285714285,0.0,0.0,0.0,0.0,-1.0,0,-0.11735625522452625,1,0,1,0,0,1,1,0.5714285714285714,0.13360328787471573,0.6097973503053566,0,0,0,0.13360328787471573,0.40080986362414717
2019-10,2019-10,S3_Day21,3,2019-10-21 23:59:59,training,training,7.6,7.6,True,True,7.7,2019-08,2019-10-15 00:00:00,,CONSERVATIVE_MONTH_END_PLUS_45D_PROXY,False,2,6,7.7,2019-08,5.3194799999999995,0.11099405523367079,0.2411109760613206,False,,,,,,,7,2019-10-21,-0.13203347350285993,-0.5714285714285714,0.5714285714285714,0.0,0.2857142857142857,0.5714285714285714,0.0,0.0,0.0,0.0,0.0,0.14285714285714285,-0.2857142857142857,0.14285714285714285,0.0,0.2857142857142857,-0.2857142857142857,0.0,0.0,0.42857142857142855,-0.2857142857142857,0.0,0.0,0.14285714285714285,0.0,0.0,0.42857142857142855,-0.42857142857142855,,,,,,,,,,,,,,,,,,,,,,,,,,,,,,,2019-10,-0.08649696182456057,-0.5,-0.3333333333333333,0.0,0.8333333333333334,-1.0,0.8333333333333334,0.0,0.0,0.0,1.0,0.16666666666666666,-0.04553651167829936,-0.0714285714285714,0.047619047619047616,0.0,-1.119047619047619,1.0,-1.119047619047619,0.0,0.0,-0.42857142857142855,-1.0,-0.16666666666666666,-0.11552928931500243,-0.0165041841878575,-0.5,-0.0714285714285714,0.0,-0.2857142857142857,0.0,0.0,-0.5,0.2142857142857143,0.0,0.0,0.0,-0.2857142857142857,0.0,0.0,0.0,0.0,-0.14285714285714285,-0.2857142857142857,0.0,0.0,0.0,0.0,0.4285714285714286,0,-0.15426679148430042,0,0,1,0,0,1,1,0.42857142857142855,0.10844014853618426,0.6097973503053566,0,0,0,0.10844014853618426,0.21688029707236853
2019-10,2019-10,S4_MonthEnd,4,2019-10-31 23:59:59,training,training,7.6,7.6,True,True,7.7,2019-08,2019-10-15 00:00:00,,CONSERVATIVE_MONTH_END_PLUS_45D_PROXY,False,2,16,7.7,2019-08,5.323504347826087,0.4063511174655865,0.316946414307373,False,,,,,,,10,2019-10-31,-0.06247573158242643,-0.2,0.5,0.1,0.3,0.5,0.0,0.0,0.0,0.0,0.0,0.3,0.0,0.1,0.0,0.2,-0.2,0.1,0.0,0.3,-0.2,0.0,0.0,0.1,0.0,0.0,0.2857142857142857,-0.2857142857142857,,,,,,,,,,,,,,,,,,,,,,,,,,,,,,,2019-10,-0.08649696182456057,-0.5,-0.3333333333333333,0.0,0.8333333333333334,-1.0,0.8333333333333334,0.0,0.0,0.0,1.0,0.16666666666666666,0.024021230242134137,0.3,0.3333333333333333,0.0,-1.0333333333333334,1.0,-1.0333333333333334,0.0,0.0,-0.2857142857142857,-1.0,-0.16666666666666666,-0.13203347350285993,0.0695577419204335,-0.5714285714285714,0.3714285714285714,-0.2857142857142857,0.2857142857142857,0.0,0.0,-0.2857142857142857,0.08571428571428569,0.0,0.0,-0.2857142857142857,0.08571428571428569,0.0,0.0,0.0,0.0,-0.42857142857142855,0.14285714285714285,0.0,0.0,0.0,0.0,0.4428571428571428,0,-0.0591363118669444,1,0,1,0,0,1,1,0.5714285714285714,0.15622021911238507,0.6097973503053566,0,0,0,0.15622021911238507,0.31244043822477013
2019-11,2019-11,S1_Day7,1,2019-11-07 23:59:59,training,training,8.0,8.0,True,True,7.7,2019-08,2019-10-15 00:00:00,,CONSERVATIVE_MONTH_END_PLUS_45D_PROXY,False,3,23,7.7,2019-08,5.3498,0.42344300382222144,0.4939538029052448,False,,,,,,,0,,0.0,0.0,0.0,0.0,0.0,0.0,0.0,0.0,0.0,0.0,0.0,0.0,0.0,0.0,0.0,0.0,0.0,0.0,0.0,0.0,0.0,0.0,0.0,0.0,0.0,0.0,0.0,0.0,,,,,,,,,,,,,,,,,,,,,,,,,,,,,,,2019-11,-0.06247573158242643,-0.2,0.0,0.0,-0.2,0.0,-0.2,0.0,0.0,-0.2857142857142857,0.0,0.0,0.06247573158242643,0.2,0.0,0.0,0.2,0.0,0.2,0.0,0.0,0.2857142857142857,0.0,0.0,-0.06247573158242643,0.06247573158242643,-0.2,0.2,0.0,0.0,0.0,0.0,-0.2,0.2,0.0,0.0,-0.2,0.2,0.0,0.0,0.0,0.0,-0.2857142857142857,0.2857142857142857,0.0,0.0,0.0,0.0,0.2,1,0.0,0,0,1,0,0,1,0,0.2857142857142857,0.2926911401696208,0.6097973503053566,0,0,0,0.2926911401696208,0.8780734205088623
2019-11,2019-11,S2_Day14,2,2019-11-14 23:59:59,training,training,8.0,8.0,True,True,7.5,2019-09,2019-11-14 00:00:00,,CONSERVATIVE_MONTH_END_PLUS_45D_PROXY,False,2,0,7.5,2019-09,5.35483,0.442179419920552,0.5884404356071515,False,,,,,,,1,2019-11-13,0.0,0.0,0.0,0.0,0.0,0.0,0.0,0.0,0.0,0.0,0.0,0.0,0.0,0.0,0.0,0.0,0.0,0.0,0.0,1.0,0.0,0.0,0.0,0.0,0.0,0.0,0.0,0.0,,,,,,,,,,,,,,,,,,,,,,,,,,,,,,,2019-11,-0.06247573158242643,-0.2,0.0,0.0,-0.2,0.0,-0.2,0.0,0.0,-0.2857142857142857,0.0,0.0,0.06247573158242643,0.2,0.0,0.0,0.2,0.0,0.2,0.0,0.0,0.2857142857142857,0.0,0.0,0.0,0.0,0.0,0.0,0.0,0.0,0.0,0.0,0.0,0.0,0.0,0.0,0.0,0.0,0.0,0.0,0.0,0.0,0.0,0.0,0.0,0.0,0.0,0.0,-0.2,1,0.0,0,0,1,0,0,1,0,0.2857142857142857,0.2926911401696208,0.6097973503053566,0,0,0,0.2926911401696208,0.5853822803392416
2019-11,2019-11,S3_Day21,3,2019-11-21 23:59:59,training,training,8.0,8.0,True,True,7.5,2019-09,2019-11-14 00:00:00,,CONSERVATIVE_MONTH_END_PLUS_45D_PROXY,False,2,7,7.5,2019-09,5.358806666666666,0.7569512103724696,0.6631406031441633,False,,,,,,,2,2019-11-18,0.0,0.0,0.5,0.0,0.0,0.0,0.0,0.0,0.0,0.0,0.0,0.0,0.0,0.0,0.0,0.0,0.0,0.0,0.0,1.0,0.0,0.0,0.0,0.0,0.0,0.0,0.0,0.0,,,,,,,,,,,,,,,,,,,,,,,,,,,,,,,2019-11,-0.06247573158242643,-0.2,0.0,0.0,-0.2,0.0,-0.2,0.0,0.0,-0.2857142857142857,0.0,0.0,0.06247573158242643,0.2,0.0,0.0,0.2,0.0,0.2,0.0,0.0,0.2857142857142857,0.0,0.0,0.0,0.0,0.0,0.0,0.0,0.0,0.0,0.0,0.0,0.0,0.0,0.0,0.0,0.0,0.0,0.0,0.0,0.0,0.0,0.0,0.0,0.0,0.0,0.0,0.0,1,0.0,0,0,1,0,0,1,0,0.2857142857142857,0.2777409409758774,0.6097973503053566,0,0,0,0.2777409409758774,0.5554818819517549
2019-11,2019-11,S4_MonthEnd,4,2019-11-30 23:59:59,training,training,8.0,8.0,True,True,7.5,2019-09,2019-11-14 00:00:00,,CONSERVATIVE_MONTH_END_PLUS_45D_PROXY,False,2,16,7.5,2019-09,5.388847619047618,3.5261935097054664,1.227448442832868,False,,,,,,,9,2019-11-30,-0.025002238021740605,-0.6666666666666666,0.7777777777777778,0.1111111111111111,0.1111111111111111,0.4444444444444444,0.0,0.0,0.0,0.0,0.0,0.1111111111111111,0.0,0.0,0.0,0.1111111111111111,0.0,0.3333333333333333,-1.1111111111111112,0.3333333333333333,0.0,0.0,0.0,0.1111111111111111,0.0,0.0,0.14285714285714285,-0.14285714285714285,,,,,,,,,,,,,,,,,,,,,,,,,,,,,,,2019-11,-0.06247573158242643,-0.2,0.0,0.0,-0.2,0.0,-0.2,0.0,0.0,-0.2857142857142857,0.0,0.0,0.03747349356068583,-0.4666666666666666,0.0,0.0,0.2,-1.1111111111111112,0.2,0.0,0.0,0.14285714285714285,0.0,0.0,0.0,-0.025002238021740605,0.0,-0.6666666666666666,0.0,0.0,0.0,0.0,0.0,0.0,0.0,-1.1111111111111112,0.0,0.0,0.0,0.0,0.0,0.0,0.0,-0.14285714285714285,0.0,0.0,0.0,0.0,-0.6666666666666666,0,-0.11967231527892916,0,0,1,0,0,1,1,0.42857142857142855,0.17844305941702981,0.6097973503053566,0,0,0,0.17844305941702981,0.35688611883405963
2019-12,2019-12,S1_Day7,1,2019-12-07 23:59:59,training,training,7.8,7.8,True,True,7.5,2019-09,2019-11-14 00:00:00,,CONSERVATIVE_MONTH_END_PLUS_45D_PROXY,False,3,23,7.5,2019-09,5.534025,0.2081297281644634,2.69403388656293,False,,,,,,,1,2019-12-06,0.9051482536448665,6.0,1.0,1.0,0.0,1.0,0.0,0.0,0.0,0.0,0.0,0.0,0.0,0.0,0.0,0.0,0.0,1.0,6.0,1.0,6.0,0.0,0.0,0.0,0.0,0.2857142857142857,0.0,0.2857142857142857,,,,,,,,,,,,,,,,,,,,,,,,,,,,,,,2019-12,-0.025002238021740605,-0.6666666666666666,0.0,0.0,0.0,-1.1111111111111112,0.0,0.0,0.0,-0.14285714285714285,0.0,0.0,0.9301504916666071,6.666666666666667,0.0,0.0,0.0,7.111111111111111,6.0,0.0,0.0,0.42857142857142855,0.0,0.0,-0.025002238021740605,0.9301504916666071,-0.6666666666666666,6.666666666666667,0.0,0.0,0.0,0.0,0.0,0.0,-1.1111111111111112,7.111111111111111,0.0,6.0,0.0,0.0,0.0,0.0,-0.14285714285714285,0.42857142857142855,0.0,0.0,0.0,0.0,6.666666666666667,1,0.36255487807606995,0,0,0,0,0,1,1,0.2857142857142857,0.7487289837369187,0.6097973503053566,1,1,0,0.7487289837369187,2.246186951210756
2019-12,2019-12,S2_Day14,2,2019-12-14 23:59:59,training,training,7.8,7.8,True,True,7.5,2019-09,2019-11-14 00:00:00,,CONSERVATIVE_MONTH_END_PLUS_45D_PROXY,False,3,30,7.5,2019-09,5.536177777777777,0.23708690773518448,2.733982646111577,False,,,,,,,5,2019-12-12,0.5916114291886003,3.8,0.2,0.8,0.2,0.4,0.0,0.0,0.0,0.0,0.0,0.2,-0.4,0.2,1.0,0.6,3.0,0.6,3.4,0.2,1.2,0.0,0.0,0.0,0.0,0.5714285714285714,0.14285714285714285,0.42857142857142855,,,,,,,,,,,,,,,,,,,,,,,,,,,,,,,2019-12,-0.025002238021740605,-0.6666666666666666,0.0,0.0,0.0,-1.1111111111111112,0.0,0.0,0.0,-0.14285714285714285,0.0,0.0,0.6166136672103409,4.466666666666667,-0.4,1.0,3.0,4.511111111111111,1.2,0.0,0.0,0.5714285714285714,0.0,0.0,0.9051482536448665,-0.3135368244562662,6.0,-2.2,0.0,-0.4,0.0,1.0,0.0,3.0,6.0,-2.6,6.0,-4.8,0.0,0.0,0.0,0.0,0.2857142857142857,0.14285714285714285,0.0,0.0,0.0,0.0,-8.866666666666667,1,0.48633778269303257,1,1,1,0,0,1,1,0.7142857142857143,0.7920091200835271,0.6097973503053566,1,1,0,0.7920091200835271,2.376027360250581
2019-12,2019-12,S3_Day21,3,2019-12-21 23:59:59,training,training,7.8,7.8,True,True,7.6,2019-10,2019-12-15 00:00:00,,CONSERVATIVE_MONTH_END_PLUS_45D_PROXY,False,2,6,7.6,2019-10,5.537599999999999,0.2569949686900497,2.7603746008069807,False,,,,,,,6,2019-12-16,0.49300952432383355,3.1666666666666665,0.16666666666666666,0.6666666666666666,0.16666666666666666,0.5,0.0,0.0,0.0,0.0,0.0,0.16666666666666666,-0.3333333333333333,0.16666666666666666,0.8333333333333334,0.6666666666666666,2.5,0.5,2.8333333333333335,0.16666666666666666,1.0,0.0,0.0,0.0,0.0,0.5714285714285714,0.14285714285714285,0.42857142857142855,,,,,,,,,,,,,,,,,,,,,,,,,,,,,,,2019-12,-0.025002238021740605,-0.6666666666666666,0.0,0.0,0.0,-1.1111111111111112,0.0,0.0,0.0,-0.14285714285714285,0.0,0.0,0.5180117623455741,3.833333333333333,-0.3333333333333333,0.8333333333333334,2.5,3.9444444444444446,1.0,0.0,0.0,0.5714285714285714,0.0,0.0,0.5916114291886003,-0.09860190486476678,3.8,-0.6333333333333333,-0.4,0.06666666666666671,1.0,-0.16666666666666663,3.0,-0.5,3.4,-0.5666666666666664,1.2,-0.19999999999999996,0.0,0.0,0.0,0.0,0.42857142857142855,0.0,0.0,0.0,0.0,0.0,1.5666666666666669,1,0.4622959633026482,1,1,1,0,0,1,1,0.7142857142857143,0.7333669914565693,0.6097973503053566,1,1,0,0.7333669914565693,1.4667339829131385
2019-12,2019-12,S4_MonthEnd,4,2019-12-31 23:59:59,training,training,7.8,7.8,True,True,7.6,2019-10,2019-12-15 00:00:00,,CONSERVATIVE_MONTH_END_PLUS_45D_PROXY,False,2,16,7.6,2019-10,5.537663157894737,0.15021536902304344,2.761546611952981,False,,,,,,,6,2019-12-16,0.49300952432383355,3.1666666666666665,0.16666666666666666,0.6666666666666666,0.16666666666666666,0.5,0.0,0.0,0.0,0.0,0.0,0.16666666666666666,-0.3333333333333333,0.16666666666666666,0.8333333333333334,0.6666666666666666,2.5,0.5,2.8333333333333335,0.16666666666666666,1.0,0.0,0.0,0.0,0.0,0.5714285714285714,0.14285714285714285,0.42857142857142855,,,,,,,,,,,,,,,,,,,,,,,,,,,,,,,2019-12,-0.025002238021740605,-0.6666666666666666,0.0,0.0,0.0,-1.1111111111111112,0.0,0.0,0.0,-0.14285714285714285,0.0,0.0,0.5180117623455741,3.833333333333333,-0.3333333333333333,0.8333333333333334,2.5,3.9444444444444446,1.0,0.0,0.0,0.5714285714285714,0.0,0.0,0.49300952432383355,0.0,3.1666666666666665,0.0,-0.3333333333333333,0.0,0.8333333333333334,0.0,2.5,0.0,2.8333333333333335,0.0,1.0,0.0,0.0,0.0,0.0,0.0,0.42857142857142855,0.0,0.0,0.0,0.0,0.0,0.6333333333333333,1,0.4622959633026482,1,1,1,0,0,1,1,0.7142857142857143,0.6811480928969377,0.6097973503053566,1,1,0,0.6811480928969377,1.3622961857938753
2020-01,2020-01,S1_Day7,1,2020-01-07 23:59:59,training,training,7.7,7.7,True,True,7.6,2019-10,2019-12-15 00:00:00,,CONSERVATIVE_MONTH_END_PLUS_45D_PROXY,False,3,23,7.6,2019-10,5.534133333333333,-0.00361389180009164,-0.06374213202858803,False,,,,,,,1,2020-01-02,0.0,0.0,1.0,0.0,0.0,1.0,0.0,0.0,0.0,0.0,0.0,0.0,0.0,0.0,0.0,0.0,0.0,1.0,0.0,0.0,0.0,0.0,0.0,0.0,0.0,0.0,0.0,0.0,,,,,,,,,,,,,,,,,,,,,,,,,,,,,,,2020-01,0.49300952432383355,3.1666666666666665,-0.3333333333333333,0.8333333333333334,2.5,2.8333333333333335,1.0,0.0,0.0,0.42857142857142855,0.0,0.0,-0.49300952432383355,-3.1666666666666665,0.3333333333333333,-0.8333333333333334,-2.5,-2.8333333333333335,-1.0,0.0,0.0,-0.42857142857142855,0.0,0.0,0.49300952432383355,-0.49300952432383355,3.1666666666666665,-3.1666666666666665,-0.3333333333333333,0.3333333333333333,0.8333333333333334,-0.8333333333333334,2.5,-2.5,2.8333333333333335,-2.8333333333333335,1.0,-1.0,0.0,0.0,0.0,0.0,0.42857142857142855,-0.42857142857142855,0.0,0.0,0.0,0.0,-3.1666666666666665,1,0.0,1,1,1,0,0,1,1,0.7142857142857143,0.7524175780391397,0.6097973503053566,1,0,0,0.7524175780391397,2.257252734117419
2020-01,2020-01,S2_Day14,2,2020-01-14 23:59:59,training,training,7.7,7.7,True,True,8.0,2019-11,2020-01-14 00:00:00,,CONSERVATIVE_MONTH_END_PLUS_45D_PROXY,False,2,0,8.0,2019-11,5.5356125,0.043366701600944246,-0.03703110565352885,False,,,,,,,4,2020-01-08,0.22628706341121663,1.5,0.75,0.25,0.0,0.5,0.0,0.0,0.0,0.0,0.0,0.0,0.0,0.0,0.0,0.25,1.5,0.25,0.0,0.0,0.0,0.0,0.0,0.0,0.0,0.14285714285714285,0.0,0.14285714285714285,,,,,,,,,,,,,,,,,,,,,,,,,,,,,,,2020-01,0.49300952432383355,3.1666666666666665,-0.3333333333333333,0.8333333333333334,2.5,2.8333333333333335,1.0,0.0,0.0,0.42857142857142855,0.0,0.0,-0.2667224609126169,-1.6666666666666665,0.3333333333333333,-0.8333333333333334,-1.0,-2.8333333333333335,-1.0,0.0,0.0,-0.2857142857142857,0.0,0.0,0.0,0.22628706341121663,0.0,1.5,0.0,0.0,0.0,0.0,0.0,1.5,0.0,0.0,0.0,0.0,0.0,0.0,0.0,0.0,0.0,0.14285714285714285,0.0,0.0,0.0,0.0,4.666666666666666,0,0.2929598857171364,1,1,0,0,0,1,1,0.5714285714285714,0.4574254102084108,0.6097973503053566,0,0,0,0.4574254102084108,0.9148508204168216
2020-01,2020-01,S3_Day21,3,2020-01-21 23:59:59,training,training,7.7,7.7,True,True,8.0,2019-11,2020-01-14 00:00:00,,CONSERVATIVE_MONTH_END_PLUS_45D_PROXY,False,2,7,8.0,2019-11,5.535469230769231,0.009034729500201344,-0.039618284156150985,False,,,,,,,6,2020-01-18,0.15085804227414443,1.0,0.6666666666666666,0.16666666666666666,0.0,0.6666666666666666,0.0,0.0,0.0,0.0,0.0,0.0,0.0,0.0,0.0,0.3333333333333333,1.0,0.3333333333333333,0.0,0.0,0.0,0.0,0.0,0.0,0.0,0.14285714285714285,0.0,0.14285714285714285,,,,,,,,,,,,,,,,,,,,,,,,,,,,,,,2020-01,0.49300952432383355,3.1666666666666665,-0.3333333333333333,0.8333333333333334,2.5,2.8333333333333335,1.0,0.0,0.0,0.42857142857142855,0.0,0.0,-0.34215148204968915,-2.1666666666666665,0.3333333333333333,-0.8333333333333334,-1.5,-2.8333333333333335,-1.0,0.0,0.0,-0.2857142857142857,0.0,0.0,0.22628706341121663,-0.0754290211370722,1.5,-0.5,0.0,0.0,0.0,0.0,1.5,-0.5,0.0,0.0,0.0,0.0,0.0,0.0,0.0,0.0,0.14285714285714285,0.0,0.0,0.0,0.0,0.0,-2.0,0,0.2150955779098615,1,1,0,0,0,1,1,0.5714285714285714,0.46371887737985995,0.6097973503053566,0,0,0,0.46371887737985995,0.9274377547597199
2020-01,2020-01,S4_MonthEnd,4,2020-01-31 23:59:59,training,training,7.7,7.7,True,True,8.0,2019-11,2020-01-14 00:00:00,,CONSERVATIVE_MONTH_END_PLUS_45D_PROXY,False,2,17,8.0,2019-11,5.527533333333333,-1.210653753026636,-0.18292597929077115,False,,,,,,,7,2020-01-31,0.2670251191029548,2.0,0.7142857142857143,0.2857142857142857,0.0,0.7142857142857143,0.0,0.0,0.0,0.0,0.0,0.0,0.0,0.0,0.0,0.2857142857142857,0.8571428571428571,0.42857142857142855,1.1428571428571428,0.0,0.0,0.0,0.0,0.0,0.0,0.2857142857142857,0.0,0.2857142857142857,,,,,,,,,,,,,,,,,,,,,,,,,,,,,,,2020-01,0.49300952432383355,3.1666666666666665,-0.3333333333333333,0.8333333333333334,2.5,2.8333333333333335,1.0,0.0,0.0,0.42857142857142855,0.0,0.0,-0.22598440522087876,-1.1666666666666665,0.3333333333333333,-0.8333333333333334,-1.6428571428571428,-1.6904761904761907,-1.0,0.0,0.0,-0.14285714285714285,0.0,0.0,0.15085804227414443,0.11616707682881036,1.0,1.0,0.0,0.0,0.0,0.0,1.0,-0.1428571428571429,0.0,1.1428571428571428,0.0,0.0,0.0,0.0,0.0,0.0,0.14285714285714285,0.14285714285714285,0.0,0.0,0.0,0.0,1.5,0,0.3212563428460179,1,1,0,0,0,1,0,0.42857142857142855,0.3290517230173613,0.6097973503053566,0,0,0,0.3290517230173613,0.6581034460347226
2020-02,2020-02,S1_Day7,1,2020-02-07 23:59:59,training,training,7.7,7.7,True,True,8.0,2019-11,2020-01-14 00:00:00,,CONSERVATIVE_MONTH_END_PLUS_45D_PROXY,False,3,24,8.0,2019-11,5.3721000000000005,-0.9405547240238676,-2.8119836455079317,False,,,,,,,0,,0.0,0.0,0.0,0.0,0.0,0.0,0.0,0.0,0.0,0.0,0.0,0.0,0.0,0.0,0.0,0.0,0.0,0.0,0.0,0.0,0.0,0.0,0.0,0.0,0.0,0.0,0.0,0.0,,,,,,,,,,,,,,,,,,,,,,,,,,,,,,,2020-02,0.2670251191029548,2.0,0.0,0.0,0.8571428571428571,1.1428571428571428,0.0,0.0,0.0,0.2857142857142857,0.0,0.0,-0.2670251191029548,-2.0,0.0,0.0,-0.8571428571428571,-1.1428571428571428,0.0,0.0,0.0,-0.2857142857142857,0.0,0.0,0.2670251191029548,-0.2670251191029548,2.0,-2.0,0.0,0.0,0.0,0.0,0.8571428571428571,-0.8571428571428571,1.1428571428571428,-1.1428571428571428,0.0,0.0,0.0,0.0,0.0,0.0,0.2857142857142857,-0.2857142857142857,0.0,0.0,0.0,0.0,-2.0,1,0.0,0,0,1,0,0,0,1,0.2857142857142857,0.6236542208350252,0.6097973503053566,1,0,0,0.6236542208350252,1.8709626625050757
2020-02,2020-02,S2_Day14,2,2020-02-14 23:59:59,training,training,7.7,7.7,True,True,7.8,2019-12,2020-02-14 00:00:00,,CONSERVATIVE_MONTH_END_PLUS_45D_PROXY,False,2,0,7.8,2019-12,5.3507,-2.108394774285338,-3.1991364442246706,False,,,,,,,2,2020-02-13,0.0,0.0,0.5,0.0,0.0,0.0,0.0,0.0,0.0,0.0,0.0,0.0,0.0,0.0,0.0,0.5,0.0,0.0,0.0,0.0,0.0,0.0,0.0,0.0,0.0,0.0,0.0,0.0,,,,,,,,,,,,,,,,,,,,,,,,,,,,,,,2020-02,0.2670251191029548,2.0,0.0,0.0,0.8571428571428571,1.1428571428571428,0.0,0.0,0.0,0.2857142857142857,0.0,0.0,-0.2670251191029548,-2.0,0.0,0.0,-0.8571428571428571,-1.1428571428571428,0.0,0.0,0.0,-0.2857142857142857,0.0,0.0,0.0,0.0,0.0,0.0,0.0,0.0,0.0,0.0,0.0,0.0,0.0,0.0,0.0,0.0,0.0,0.0,0.0,0.0,0.0,0.0,0.0,0.0,0.0,0.0,2.0,1,0.0,0,0,1,0,0,0,1,0.2857142857142857,0.6236542208350252,0.6097973503053566,1,0,0,0.6236542208350252,1.2473084416700504
2020-02,2020-02,S3_Day21,3,2020-02-21 23:59:59,training,training,7.7,7.7,True,True,7.8,2019-12,2020-02-14 00:00:00,,CONSERVATIVE_MONTH_END_PLUS_45D_PROXY,False,2,7,7.8,2019-12,5.329059999999999,-2.3800284568619823,-3.590631143487766,False,,,,,,,3,2020-02-19,0.0,0.0,0.6666666666666666,0.0,0.0,0.0,0.0,0.0,0.0,0.0,0.0,0.0,0.0,0.0,0.0,0.3333333333333333,0.0,0.0,0.0,0.0,0.0,0.0,0.0,0.0,0.0,0.0,0.0,0.0,,,,,,,,,,,,,,,,,,,,,,,,,,,,,,,2020-02,0.2670251191029548,2.0,0.0,0.0,0.8571428571428571,1.1428571428571428,0.0,0.0,0.0,0.2857142857142857,0.0,0.0,-0.2670251191029548,-2.0,0.0,0.0,-0.8571428571428571,-1.1428571428571428,0.0,0.0,0.0,-0.2857142857142857,0.0,0.0,0.0,0.0,0.0,0.0,0.0,0.0,0.0,0.0,0.0,0.0,0.0,0.0,0.0,0.0,0.0,0.0,0.0,0.0,0.0,0.0,0.0,0.0,0.0,0.0,0.0,1,0.0,0,0,1,0,0,0,1,0.2857142857142857,0.5094150974416606,0.6097973503053566,0,0,0,0.5094150974416606,1.0188301948833212
2020-02,2020-02,S4_MonthEnd,4,2020-02-29 23:59:59,training,training,7.7,7.7,True,True,7.8,2019-12,2020-02-14 00:00:00,,CONSERVATIVE_MONTH_END_PLUS_45D_PROXY,False,2,15,7.8,2019-12,5.319419999999999,-2.158286675166765,-3.765030815433057,False,,,,,,,5,2020-02-23,0.3946457192605721,4.0,0.4,0.4,0.0,0.0,1.0,1.0,2.0,0.0,0.4,0.0,0.0,0.0,0.0,0.6,4.0,0.0,0.0,0.0,0.0,0.0,0.0,0.0,0.0,0.14285714285714285,0.0,0.14285714285714285,,,,,,,,,,,,,,,,,,,,,,,,,,,,,,,2020-02,0.2670251191029548,2.0,0.0,0.0,0.8571428571428571,1.1428571428571428,0.0,0.0,0.0,0.2857142857142857,0.0,0.0,0.12762060015761734,2.0,0.0,0.0,3.142857142857143,-1.1428571428571428,0.0,0.0,0.0,-0.14285714285714285,0.0,0.4,0.0,0.3946457192605721,0.0,4.0,0.0,0.0,0.0,0.0,0.0,4.0,0.0,0.0,0.0,0.0,0.0,0.0,0.0,0.0,0.0,0.14285714285714285,0.0,0.0,0.0,0.4,4.0,0,0.4409552681769747,0,0,0,0,0,0,1,0.14285714285714285,0.5325906630244616,0.6097973503053566,0,0,0,0.5325906630244616,1.0651813260489231
2020-03,2020-03,S1_Day7,1,2020-03-07 23:59:59,training,training,7.7,7.7,True,True,7.8,2019-12,2020-02-14 00:00:00,,CONSERVATIVE_MONTH_END_PLUS_45D_PROXY,False,3,22,7.8,2019-12,5.29845,0.06797069707724646,-0.39421591075717854,False,,,,,,,0,,0.0,0.0,0.0,0.0,0.0,0.0,0.0,0.0,0.0,0.0,0.0,0.0,0.0,0.0,0.0,0.0,0.0,0.0,0.0,0.0,0.0,0.0,0.0,0.0,0.0,0.0,0.0,0.0,,,,,,,,,,,,,,,,,,,,,,,,,,,,,,,2020-03,0.3946457192605721,4.0,0.0,0.0,4.0,0.0,0.0,0.0,0.0,0.14285714285714285,0.0,0.4,-0.3946457192605721,-4.0,0.0,0.0,-4.0,0.0,0.0,0.0,0.0,-0.14285714285714285,0.0,-0.4,0.3946457192605721,-0.3946457192605721,4.0,-4.0,0.0,0.0,0.0,0.0,4.0,-4.0,0.0,0.0,0.0,0.0,0.0,0.0,0.0,0.0,0.14285714285714285,-0.14285714285714285,0.0,0.0,0.4,-0.4,-4.0,1,0.0,0,0,1,0,0,0,0,0.14285714285714285,0.7034423614664799,0.6097973503053566,1,0,0,0.7034423614664799,2.1103270843994397
2020-03,2020-03,S2_Day14,2,2020-03-14 23:59:59,training,training,7.7,7.7,True,True,7.8,2019-12,2020-02-14 00:00:00,,CONSERVATIVE_MONTH_END_PLUS_45D_PROXY,False,3,29,7.8,2019-12,5.3092444444444435,0.5928555245072076,-0.19129069627056294,False,,,,,,,7,2020-03-12,-0.1748159018879678,-0.8571428571428571,0.2857142857142857,0.0,0.2857142857142857,0.2857142857142857,0.0,0.0,0.0,0.0,0.0,0.0,0.0,0.14285714285714285,0.0,0.7142857142857143,-0.8571428571428571,0.0,0.0,0.2857142857142857,-0.2857142857142857,0.0,0.0,0.0,0.0,0.0,0.2857142857142857,-0.2857142857142857,,,,,,,,,,,,,,,,,,,,,,,,,,,,,,,2020-03,0.3946457192605721,4.0,0.0,0.0,4.0,0.0,0.0,0.0,0.0,0.14285714285714285,0.0,0.4,-0.5694616211485399,-4.857142857142857,0.0,0.0,-4.857142857142857,0.0,-0.2857142857142857,0.0,0.0,-0.42857142857142855,0.0,-0.4,0.0,-0.1748159018879678,0.0,-0.8571428571428571,0.0,0.0,0.0,0.0,0.0,-0.8571428571428571,0.0,0.0,0.0,-0.2857142857142857,0.0,0.0,0.0,0.0,0.0,-0.2857142857142857,0.0,0.0,0.0,0.0,3.142857142857143,1,-0.19614274717675087,0,0,1,0,0,1,0,0.2857142857142857,0.7321890066229391,0.6097973503053566,1,0,1,0.7321890066229391,2.196567019868817
2020-03,2020-03,S3_Day21,3,2020-03-21 23:59:59,training,training,7.7,7.7,True,True,7.7,2020-01,2020-03-16 00:00:00,,CONSERVATIVE_MONTH_END_PLUS_45D_PROXY,False,2,5,7.7,2020-01,5.323371428571428,1.2064798731213466,0.07428307167753889,False,,,,,,,12,2020-03-19,-0.10197594276798122,-0.5,0.16666666666666666,0.0,0.16666666666666666,0.25,0.0,1.0,1.0,-1.0,0.08333333333333333,0.0,0.0,0.3333333333333333,0.0,0.6666666666666666,-0.5,0.16666666666666666,0.0,0.25,-0.16666666666666666,0.0,0.0,0.0,0.0,0.0,0.2857142857142857,-0.2857142857142857,,,,,,,,,,,,,,,,,,,,,,,,,,,,,,,2020-03,0.3946457192605721,4.0,0.0,0.0,4.0,0.0,0.0,0.0,0.0,0.14285714285714285,0.0,0.4,-0.49662166202855335,-4.5,0.0,0.0,-4.5,0.0,-0.16666666666666666,0.0,0.0,-0.42857142857142855,-1.0,-0.3166666666666667,-0.1748159018879678,0.07283995911998659,-0.8571428571428571,0.3571428571428571,0.0,0.0,0.0,0.0,-0.8571428571428571,0.3571428571428571,0.0,0.0,-0.2857142857142857,0.11904761904761904,0.0,0.0,0.0,0.0,-0.2857142857142857,0.0,0.0,-1.0,0.0,0.08333333333333333,1.2142857142857142,1,-0.1744991123673834,0,0,1,0,0,1,0,0.2857142857142857,0.7152927202932182,0.6097973503053566,1,0,1,0.7152927202932182,1.4305854405864364
2020-03,2020-03,S4_MonthEnd,4,2020-03-31 23:59:59,training,training,7.7,7.7,True,True,7.7,2020-01,2020-03-16 00:00:00,,CONSERVATIVE_MONTH_END_PLUS_45D_PROXY,False,2,15,7.7,2020-01,5.356485714285714,2.7547013065478465,0.6967999196475505,False,,,,,,,13,2020-03-30,-0.035547473635385365,-0.15384615384615385,0.23076923076923078,0.07692307692307693,0.15384615384615385,0.3076923076923077,0.0,1.0,1.0,-1.0,0.07692307692307693,0.07692307692307693,0.3076923076923077,0.3076923076923077,0.0,0.6153846153846154,-0.46153846153846156,0.15384615384615385,0.0,0.23076923076923078,-0.15384615384615385,0.0,0.0,0.0,0.0,0.14285714285714285,0.2857142857142857,-0.14285714285714285,,,,,,,,,,,,,,,,,,,,,,,,,,,,,,,2020-03,0.3946457192605721,4.0,0.0,0.0,4.0,0.0,0.0,0.0,0.0,0.14285714285714285,0.0,0.4,-0.4301931928959575,-4.153846153846154,0.3076923076923077,0.0,-4.461538461538462,0.0,-0.15384615384615385,0.0,0.0,-0.2857142857142857,-1.0,-0.3230769230769231,-0.10197594276798122,0.06642846913259585,-0.5,0.34615384615384615,0.0,0.3076923076923077,0.0,0.0,-0.5,0.038461538461538436,0.0,0.0,-0.16666666666666666,0.012820512820512803,0.0,0.0,0.0,0.0,-0.2857142857142857,0.14285714285714285,-1.0,0.0,0.08333333333333333,-0.006410256410256401,-0.01098901098901095,1,-0.08379220845697508,1,0,1,0,0,1,0,0.42857142857142855,0.6356057924538514,0.6097973503053566,1,0,1,0.6356057924538514,1.2712115849077028
2020-04,2020-04,S1_Day7,1,2020-04-07 23:59:59,training,training,10.5,10.5,True,True,7.7,2020-01,2020-03-16 00:00:00,,CONSERVATIVE_MONTH_END_PLUS_45D_PROXY,False,3,22,7.7,2020-01,5.470899999999999,1.069400804806775,2.1359953487627648,False,,,,,,,1,2020-04-06,0.9051482536448665,6.0,1.0,1.0,0.0,1.0,0.0,0.0,0.0,0.0,0.0,1.0,6.0,0.0,0.0,0.0,0.0,0.0,0.0,0.0,0.0,0.0,0.0,0.0,0.0,0.14285714285714285,0.0,0.14285714285714285,,,,,,,,,,,,,,,,,,,,,,,,,,,,,,,2020-04,-0.035547473635385365,-0.15384615384615385,0.3076923076923077,0.0,-0.46153846153846156,0.0,-0.15384615384615385,0.0,0.0,-0.14285714285714285,-1.0,0.07692307692307693,0.9406957272802519,6.153846153846154,5.6923076923076925,0.0,0.46153846153846156,0.0,0.15384615384615385,0.0,0.0,0.2857142857142857,1.0,-0.07692307692307693,-0.035547473635385365,0.9406957272802519,-0.15384615384615385,6.153846153846154,0.3076923076923077,5.6923076923076925,0.0,0.0,-0.46153846153846156,0.46153846153846156,0.0,0.0,-0.15384615384615385,0.15384615384615385,0.0,0.0,0.0,0.0,-0.14285714285714285,0.2857142857142857,-1.0,1.0,0.07692307692307693,-0.07692307692307693,6.153846153846154,1,0.5046702339862223,0,0,1,0,0,1,0,0.2857142857142857,0.7407363583123099,0.6097973503053566,1,1,0,0.7407363583123099,2.22220907493693
2020-04,2020-04,S2_Day14,2,2020-04-14 23:59:59,training,training,10.5,10.5,True,True,7.7,2020-02,2020-04-14 00:00:00,,CONSERVATIVE_MONTH_END_PLUS_45D_PROXY,False,2,0,7.7,2020-02,5.484125,1.2531466475570907,2.3828923014556302,False,,,,,,,3,2020-04-13,0.4557551369682921,2.6666666666666665,0.3333333333333333,0.6666666666666666,0.0,0.6666666666666666,0.0,0.0,0.0,0.0,0.0,0.3333333333333333,2.0,0.0,0.0,0.3333333333333333,0.6666666666666666,0.3333333333333333,0.0,0.0,0.0,0.0,0.0,0.0,0.0,0.2857142857142857,0.0,0.2857142857142857,,,,,,,,,,,,,,,,,,,,,,,,,,,,,,,2020-04,-0.035547473635385365,-0.15384615384615385,0.3076923076923077,0.0,-0.46153846153846156,0.0,-0.15384615384615385,0.0,0.0,-0.14285714285714285,-1.0,0.07692307692307693,0.49130261060367747,2.8205128205128203,1.6923076923076923,0.0,1.1282051282051282,0.0,0.15384615384615385,0.0,0.0,0.42857142857142855,1.0,-0.07692307692307693,0.9051482536448665,-0.4493931166765744,6.0,-3.3333333333333335,6.0,-4.0,0.0,0.0,0.0,0.6666666666666666,0.0,0.0,0.0,0.0,0.0,0.0,0.0,0.0,0.14285714285714285,0.14285714285714285,0.0,0.0,0.0,0.0,-9.487179487179487,1,0.4651976930421776,0,0,1,0,0,1,0,0.2857142857142857,0.7106192560179557,0.6097973503053566,1,1,0,0.7106192560179557,1.4212385120359114
2020-04,2020-04,S3_Day21,3,2020-04-21 23:59:59,training,training,10.5,10.5,True,True,7.7,2020-02,2020-04-14 00:00:00,,CONSERVATIVE_MONTH_END_PLUS_45D_PROXY,False,2,7,7.7,2020-02,5.4948384615384605,1.332157359939723,2.5829014512959603,False,,,,,,,5,2020-04-17,0.36587651363297724,2.0,0.4,0.6,0.0,0.6,0.0,0.0,0.0,0.0,0.0,0.4,1.6,0.0,0.0,0.2,0.4,0.2,0.0,0.0,0.0,0.0,0.0,0.0,0.0,0.2857142857142857,0.0,0.2857142857142857,,,,,,,,,,,,,,,,,,,,,,,,,,,,,,,2020-04,-0.035547473635385365,-0.15384615384615385,0.3076923076923077,0.0,-0.46153846153846156,0.0,-0.15384615384615385,0.0,0.0,-0.14285714285714285,-1.0,0.07692307692307693,0.4014239872683626,2.1538461538461537,1.2923076923076924,0.0,0.8615384615384616,0.0,0.15384615384615385,0.0,0.0,0.42857142857142855,1.0,-0.07692307692307693,0.4557551369682921,-0.08987862333531488,2.6666666666666665,-0.6666666666666665,2.0,-0.3999999999999999,0.0,0.0,0.6666666666666666,-0.2666666666666666,0.0,0.0,0.0,0.0,0.0,0.0,0.0,0.0,0.2857142857142857,0.0,0.0,0.0,0.0,0.0,2.666666666666667,1,0.40018671643289977,0,0,1,0,0,1,0,0.2857142857142857,0.6577285964606079,0.6097973503053566,1,1,0,0.6577285964606079,1.3154571929212158
2020-04,2020-04,S4_MonthEnd,4,2020-04-30 23:59:59,training,training,10.5,10.5,True,True,7.7,2020-02,2020-04-14 00:00:00,,CONSERVATIVE_MONTH_END_PLUS_45D_PROXY,False,2,16,7.7,2020-02,5.515135,2.916046524447369,2.961816649509008,False,,,,,,,8,2020-04-28,0.0553788870481071,0.5,0.25,0.375,0.375,0.375,0.0,0.0,0.0,0.0,0.0,0.5,0.5,0.0,0.0,0.25,0.0,0.125,0.0,0.0,0.0,0.0,0.0,0.0,0.0,0.14285714285714285,0.0,0.14285714285714285,,,,,,,,,,,,,,,,,,,,,,,,,,,,,,,2020-04,-0.035547473635385365,-0.15384615384615385,0.3076923076923077,0.0,-0.46153846153846156,0.0,-0.15384615384615385,0.0,0.0,-0.14285714285714285,-1.0,0.07692307692307693,0.09092636068349247,0.6538461538461539,0.1923076923076923,0.0,0.46153846153846156,0.0,0.15384615384615385,0.0,0.0,0.2857142857142857,1.0,-0.07692307692307693,0.36587651363297724,-0.3104976265848701,2.0,-1.5,1.6,-1.1,0.0,0.0,0.4,-0.4,0.0,0.0,0.0,0.0,0.0,0.0,0.0,0.0,0.2857142857142857,-0.14285714285714285,0.0,0.0,0.0,0.0,-0.8333333333333335,1,0.1296021883447117,0,0,1,0,0,1,0,0.2857142857142857,0.41248859039668917,0.6097973503053566,0,0,0,0.41248859039668917,0.8249771807933783
2020-05,2020-05,S1_Day7,1,2020-05-07 23:59:59,training,training,11.2,11.2,True,True,7.7,2020-02,2020-04-14 00:00:00,,CONSERVATIVE_MONTH_END_PLUS_45D_PROXY,False,3,23,7.7,2020-02,5.6005,0.0,1.5478315580670365,False,,,,,,,1,2020-05-05,0.6351489523872873,3.0,0.0,1.0,0.0,1.0,0.0,0.0,0.0,0.0,0.0,0.0,0.0,1.0,3.0,1.0,3.0,0.0,0.0,0.0,0.0,0.0,0.0,0.0,0.0,0.2857142857142857,0.0,0.2857142857142857,,,,,,,,,,,,,,,,,,,,,,,,,,,,,,,2020-05,0.0553788870481071,0.5,0.5,0.0,0.0,0.0,0.0,0.0,0.0,0.14285714285714285,0.0,0.0,0.5797700653391802,2.5,-0.5,3.0,3.0,0.0,0.0,0.0,0.0,0.14285714285714285,0.0,0.0,0.0553788870481071,0.5797700653391802,0.5,2.5,0.5,-0.5,0.0,3.0,0.0,3.0,0.0,0.0,0.0,0.0,0.0,0.0,0.0,0.0,0.14285714285714285,0.14285714285714285,0.0,0.0,0.0,0.0,2.5,0,0.5573746664726341,1,1,1,0,0,0,0,0.42857142857142855,0.47414181997875643,0.6097973503053566,0,0,0,0.47414181997875643,1.4224254599362693
2020-05,2020-05,S2_Day14,2,2020-05-14 23:59:59,training,training,11.2,11.2,True,True,7.7,2020-02,2020-04-14 00:00:00,,CONSERVATIVE_MONTH_END_PLUS_45D_PROXY,False,3,30,7.7,2020-02,5.604833333333334,0.2124620603463523,1.626403221921735,False,,,,,,,1,2020-05-05,0.6351489523872873,3.0,0.0,1.0,0.0,1.0,0.0,0.0,0.0,0.0,0.0,0.0,0.0,1.0,3.0,1.0,3.0,0.0,0.0,0.0,0.0,0.0,0.0,0.0,0.0,0.2857142857142857,0.0,0.2857142857142857,,,,,,,,,,,,,,,,,,,,,,,,,,,,,,,2020-05,0.0553788870481071,0.5,0.5,0.0,0.0,0.0,0.0,0.0,0.0,0.14285714285714285,0.0,0.0,0.5797700653391802,2.5,-0.5,3.0,3.0,0.0,0.0,0.0,0.0,0.14285714285714285,0.0,0.0,0.6351489523872873,0.0,3.0,0.0,0.0,0.0,3.0,0.0,3.0,0.0,0.0,0.0,0.0,0.0,0.0,0.0,0.0,0.0,0.2857142857142857,0.0,0.0,0.0,0.0,0.0,-2.5,0,0.5573746664726341,1,1,1,0,0,0,0,0.42857142857142855,0.47414181997875643,0.6097973503053566,0,0,0,0.47414181997875643,1.4224254599362693
2020-05,2020-05,S3_Day21,3,2020-05-21 23:59:59,training,training,11.2,11.2,True,True,7.7,2020-03,2020-05-15 00:00:00,,CONSERVATIVE_MONTH_END_PLUS_45D_PROXY,False,2,6,7.7,2020-03,5.608442857142857,0.25531155150866347,1.691850827638075,False,,,,,,,3,2020-05-20,0.36575536988243235,1.6666666666666667,0.3333333333333333,0.6666666666666666,0.0,0.6666666666666666,0.0,0.0,0.0,0.0,0.0,0.3333333333333333,0.6666666666666666,0.3333333333333333,1.0,0.3333333333333333,1.0,0.0,0.0,0.0,0.0,0.0,0.0,0.0,0.0,0.42857142857142855,0.0,0.42857142857142855,,,,,,,,,,,,,,,,,,,,,,,,,,,,,,,2020-05,0.0553788870481071,0.5,0.5,0.0,0.0,0.0,0.0,0.0,0.0,0.14285714285714285,0.0,0.0,0.31037648283432523,1.1666666666666667,0.16666666666666663,1.0,1.0,0.0,0.0,0.0,0.0,0.2857142857142857,0.0,0.0,0.6351489523872873,-0.26939358250485496,3.0,-1.3333333333333333,0.0,0.6666666666666666,3.0,-2.0,3.0,-2.0,0.0,0.0,0.0,0.0,0.0,0.0,0.0,0.0,0.2857142857142857,0.14285714285714285,0.0,0.0,0.0,0.0,-1.3333333333333333,0,0.4239763979566783,0,1,1,0,0,0,0,0.2857142857142857,0.3140539648185976,0.6097973503053566,0,0,0,0.3140539648185976,0.6281079296371952
2020-05,2020-05,S4_MonthEnd,4,2020-05-31 23:59:59,training,training,11.2,11.2,True,True,7.7,2020-03,2020-05-15 00:00:00,,CONSERVATIVE_MONTH_END_PLUS_45D_PROXY,False,2,16,7.7,2020-03,5.6108789473684215,0.3445813247634488,1.7360218266356364,False,,,,,,,5,2020-05-28,0.34648301240691687,1.6,0.2,0.6,0.0,0.6,0.0,0.0,0.0,0.0,0.0,0.2,0.4,0.4,1.2,0.4,0.6,0.0,0.0,0.2,0.0,0.0,0.0,0.0,0.0,0.42857142857142855,0.0,0.42857142857142855,,,,,,,,,,,,,,,,,,,,,,,,,,,,,,,2020-05,0.0553788870481071,0.5,0.5,0.0,0.0,0.0,0.0,0.0,0.0,0.14285714285714285,0.0,0.0,0.29110412535880975,1.1,-0.09999999999999998,1.2,0.6,0.0,0.0,0.0,0.0,0.2857142857142857,0.0,0.0,0.36575536988243235,-0.019272357475515478,1.6666666666666667,-0.06666666666666665,0.6666666666666666,-0.2666666666666666,1.0,0.19999999999999996,1.0,-0.4,0.0,0.0,0.0,0.0,0.0,0.0,0.0,0.0,0.42857142857142855,0.0,0.0,0.0,0.0,0.0,1.2666666666666666,0,0.3931364353509185,0,1,1,0,0,0,0,0.2857142857142857,0.30209069745152045,0.6097973503053566,0,0,0,0.30209069745152045,0.6041813949030409
2020-06,2020-06,S1_Day7,1,2020-06-07 23:59:59,training,training,11.1,11.1,True,True,7.7,2020-03,2020-05-15 00:00:00,,CONSERVATIVE_MONTH_END_PLUS_45D_PROXY,False,3,23,7.7,2020-03,5.6211199999999995,0.049820291092861346,0.18252136122773877,False,,,,,,,0,,0.0,0.0,0.0,0.0,0.0,0.0,0.0,0.0,0.0,0.0,0.0,0.0,0.0,0.0,0.0,0.0,0.0,0.0,0.0,0.0,0.0,0.0,0.0,0.0,0.0,0.0,0.0,0.0,,,,,,,,,,,,,,,,,,,,,,,,,,,,,,,2020-06,0.34648301240691687,1.6,0.4,1.2,0.6,0.0,0.0,0.0,0.0,0.42857142857142855,0.0,0.0,-0.34648301240691687,-1.6,-0.4,-1.2,-0.6,0.0,0.0,0.0,0.0,-0.42857142857142855,0.0,0.0,0.34648301240691687,-0.34648301240691687,1.6,-1.6,0.4,-0.4,1.2,-1.2,0.6,-0.6,0.0,0.0,0.0,0.0,0.0,0.0,0.0,0.0,0.42857142857142855,-0.42857142857142855,0.0,0.0,0.0,0.0,-1.6,1,0.0,1,1,1,0,0,0,0,0.42857142857142855,0.5963040994196388,0.6097973503053566,0,0,0,0.5963040994196388,1.7889122982589165
2020-06,2020-06,S2_Day14,2,2020-06-14 23:59:59,training,training,11.1,11.1,True,True,10.5,2020-04,2020-06-14 00:00:00,,CONSERVATIVE_MONTH_END_PLUS_45D_PROXY,False,2,0,10.5,2020-04,5.626479999999999,0.5302302409166959,0.2780500662715957,False,,,,,,,0,,0.0,0.0,0.0,0.0,0.0,0.0,0.0,0.0,0.0,0.0,0.0,0.0,0.0,0.0,0.0,0.0,0.0,0.0,0.0,0.0,0.0,0.0,0.0,0.0,0.0,0.0,0.0,0.0,,,,,,,,,,,,,,,,,,,,,,,,,,,,,,,2020-06,0.34648301240691687,1.6,0.4,1.2,0.6,0.0,0.0,0.0,0.0,0.42857142857142855,0.0,0.0,-0.34648301240691687,-1.6,-0.4,-1.2,-0.6,0.0,0.0,0.0,0.0,-0.42857142857142855,0.0,0.0,0.0,0.0,0.0,0.0,0.0,0.0,0.0,0.0,0.0,0.0,0.0,0.0,0.0,0.0,0.0,0.0,0.0,0.0,0.0,0.0,0.0,0.0,0.0,0.0,1.6,1,0.0,1,1,1,0,0,0,0,0.42857142857142855,0.5963040994196388,0.6097973503053566,0,0,0,0.5963040994196388,1.1926081988392776
2020-06,2020-06,S3_Day21,3,2020-06-21 23:59:59,training,training,11.1,11.1,True,True,10.5,2020-04,2020-06-14 00:00:00,,CONSERVATIVE_MONTH_END_PLUS_45D_PROXY,False,2,7,10.5,2020-04,5.63476,0.5675954592363253,0.42562052854087096,False,,,,,,,0,,0.0,0.0,0.0,0.0,0.0,0.0,0.0,0.0,0.0,0.0,0.0,0.0,0.0,0.0,0.0,0.0,0.0,0.0,0.0,0.0,0.0,0.0,0.0,0.0,0.0,0.0,0.0,0.0,,,,,,,,,,,,,,,,,,,,,,,,,,,,,,,2020-06,0.34648301240691687,1.6,0.4,1.2,0.6,0.0,0.0,0.0,0.0,0.42857142857142855,0.0,0.0,-0.34648301240691687,-1.6,-0.4,-1.2,-0.6,0.0,0.0,0.0,0.0,-0.42857142857142855,0.0,0.0,0.0,0.0,0.0,0.0,0.0,0.0,0.0,0.0,0.0,0.0,0.0,0.0,0.0,0.0,0.0,0.0,0.0,0.0,0.0,0.0,0.0,0.0,0.0,0.0,0.0,1,0.0,1,1,1,0,0,0,0,0.42857142857142855,0.4966985838794614,0.6097973503053566,0,0,0,0.4966985838794614,0.9933971677589228
2020-06,2020-06,S4_MonthEnd,4,2020-06-30 23:59:59,training,training,11.1,11.1,True,True,10.5,2020-04,2020-06-14 00:00:00,,CONSERVATIVE_MONTH_END_PLUS_45D_PROXY,False,2,16,10.5,2020-04,5.642704545454546,0.8398277641365137,0.5672123455996214,False,,,,,,,3,2020-06-30,-0.2117163174624291,-1.0,0.0,0.0,0.3333333333333333,0.6666666666666666,0.0,0.0,0.0,0.0,0.0,0.0,0.0,0.3333333333333333,-1.0,0.3333333333333333,0.0,0.0,0.0,0.3333333333333333,0.0,0.0,0.0,0.0,0.0,0.0,0.14285714285714285,-0.14285714285714285,,,,,,,,,,,,,,,,,,,,,,,,,,,,,,,2020-06,0.34648301240691687,1.6,0.4,1.2,0.6,0.0,0.0,0.0,0.0,0.42857142857142855,0.0,0.0,-0.558199329869346,-2.6,-0.4,-2.2,-0.6,0.0,0.0,0.0,0.0,-0.5714285714285714,0.0,0.0,0.0,-0.2117163174624291,0.0,-1.0,0.0,0.0,0.0,-1.0,0.0,0.0,0.0,0.0,0.0,0.0,0.0,0.0,0.0,0.0,0.0,-0.14285714285714285,0.0,0.0,0.0,0.0,-1.0,1,-0.23820143577286199,1,1,1,0,0,0,0,0.42857142857142855,0.6423492507772302,0.6097973503053566,1,0,1,0.6423492507772302,1.2846985015544603
2020-07,2020-07,S1_Day7,1,2020-07-07 23:59:59,training,training,11.3,11.3,True,True,10.5,2020-04,2020-06-14 00:00:00,,CONSERVATIVE_MONTH_END_PLUS_45D_PROXY,False,3,23,10.5,2020-04,5.6678999999999995,0.012351778656127799,0.4465138010061098,False,,,,,,,0,,0.0,0.0,0.0,0.0,0.0,0.0,0.0,0.0,0.0,0.0,0.0,0.0,0.0,0.0,0.0,0.0,0.0,0.0,0.0,0.0,0.0,0.0,0.0,0.0,0.0,0.0,0.0,0.0,,,,,,,,,,,,,,,,,,,,,,,,,,,,,,,2020-07,-0.2117163174624291,-1.0,0.0,-1.0,0.0,0.0,0.0,0.0,0.0,-0.14285714285714285,0.0,0.0,0.2117163174624291,1.0,0.0,1.0,0.0,0.0,0.0,0.0,0.0,0.14285714285714285,0.0,0.0,-0.2117163174624291,0.2117163174624291,-1.0,1.0,0.0,0.0,-1.0,1.0,0.0,0.0,0.0,0.0,0.0,0.0,0.0,0.0,0.0,0.0,-0.14285714285714285,0.14285714285714285,0.0,0.0,0.0,0.0,1.0,1,0.0,0,1,0,0,0,0,0,0.14285714285714285,0.45248715005857626,0.6097973503053566,0,0,0,0.45248715005857626,1.3574614501757287
2020-07,2020-07,S2_Day14,2,2020-07-14 23:59:59,training,training,11.3,11.3,True,True,10.5,2020-04,2020-06-14 00:00:00,,CONSERVATIVE_MONTH_END_PLUS_45D_PROXY,False,3,30,10.5,2020-04,5.66948,0.07587521174476919,0.47451455821878596,False,,,,,,,2,2020-07-13,0.0,0.0,0.0,0.0,0.0,0.0,0.0,0.0,0.0,0.0,0.0,0.0,0.0,0.5,0.0,0.5,0.0,0.0,0.0,0.5,0.0,0.5,0.0,0.0,0.0,0.0,0.0,0.0,,,,,,,,,,,,,,,,,,,,,,,,,,,,,,,2020-07,-0.2117163174624291,-1.0,0.0,-1.0,0.0,0.0,0.0,0.0,0.0,-0.14285714285714285,0.0,0.0,0.2117163174624291,1.0,0.0,1.0,0.0,0.0,0.0,0.0,0.0,0.14285714285714285,0.0,0.0,0.0,0.0,0.0,0.0,0.0,0.0,0.0,0.0,0.0,0.0,0.0,0.0,0.0,0.0,0.0,0.0,0.0,0.0,0.0,0.0,0.0,0.0,0.0,0.0,-1.0,1,0.0,0,1,0,0,0,0,0,0.14285714285714285,0.45248715005857626,0.6097973503053566,0,0,0,0.45248715005857626,1.3574614501757287
2020-07,2020-07,S3_Day21,3,2020-07-21 23:59:59,training,training,11.3,11.3,True,True,11.2,2020-05,2020-07-15 00:00:00,,CONSERVATIVE_MONTH_END_PLUS_45D_PROXY,False,2,6,11.2,2020-05,5.670166666666668,0.10940146809712559,0.4866836636740812,False,,,,,,,4,2020-07-15,-0.22628706341121663,-1.5,0.25,0.0,0.25,0.0,0.0,0.0,0.0,0.0,0.0,0.0,0.0,0.25,0.0,0.25,0.0,0.0,0.0,0.5,0.0,0.25,0.0,0.0,0.0,0.0,0.0,0.0,,,,,,,,,,,,,,,,,,,,,,,,,,,,,,,2020-07,-0.2117163174624291,-1.0,0.0,-1.0,0.0,0.0,0.0,0.0,0.0,-0.14285714285714285,0.0,0.0,-0.014570745948787517,-0.5,0.0,1.0,0.0,0.0,0.0,0.0,0.0,0.14285714285714285,0.0,0.0,0.0,-0.22628706341121663,0.0,-1.5,0.0,0.0,0.0,0.0,0.0,0.0,0.0,0.0,0.0,0.0,0.0,0.0,0.0,0.0,0.0,0.0,0.0,0.0,0.0,0.0,-1.5,0,-0.22230213333555054,0,1,0,0,0,0,0,0.14285714285714285,0.2024224461279627,0.6097973503053566,0,0,0,0.2024224461279627,0.4048448922559254
2020-07,2020-07,S4_MonthEnd,4,2020-07-31 23:59:59,training,training,11.3,11.3,True,True,11.2,2020-05,2020-07-15 00:00:00,,CONSERVATIVE_MONTH_END_PLUS_45D_PROXY,False,2,16,11.2,2020-05,5.672427272727273,0.19409937888199558,0.5267461202920876,False,,,,,,,10,2020-07-29,-0.15402972060321538,-0.9,0.3,0.0,0.2,0.2,0.0,1.0,1.0,-1.0,0.1,0.0,0.0,0.1,0.0,0.2,0.0,0.0,0.0,0.7,0.0,0.2,-0.3,0.0,0.0,0.0,0.14285714285714285,-0.14285714285714285,,,,,,,,,,,,,,,,,,,,,,,,,,,,,,,2020-07,-0.2117163174624291,-1.0,0.0,-1.0,0.0,0.0,0.0,0.0,0.0,-0.14285714285714285,0.0,0.0,0.057686596859213735,0.09999999999999998,0.0,1.0,0.0,0.0,0.0,-0.3,0.0,0.0,-1.0,0.1,-0.22628706341121663,0.07225734280800125,-1.5,0.6,0.0,0.0,0.0,0.0,0.0,0.0,0.0,0.0,0.0,0.0,0.0,-0.3,0.0,0.0,0.0,-0.14285714285714285,0.0,-1.0,0.0,0.1,2.1,0,-0.2196960123426917,0,1,0,1,0,0,0,0.2857142857142857,0.21332781344800267,0.6097973503053566,0,0,0,0.21332781344800267,0.42665562689600534
2020-08,2020-08,S1_Day7,1,2020-08-07 23:59:59,training,training,10.4,10.4,True,True,11.2,2020-05,2020-07-15 00:00:00,,CONSERVATIVE_MONTH_END_PLUS_45D_PROXY,False,3,23,11.2,2020-05,5.67895,0.017609664183715346,0.11499005556383501,False,,,,,,,1,2020-08-05,-0.46211715726000974,-2.0,0.0,0.0,1.0,0.0,0.0,0.0,0.0,0.0,0.0,1.0,-2.0,0.0,0.0,0.0,0.0,0.0,0.0,0.0,0.0,0.0,0.0,0.0,0.0,0.0,0.14285714285714285,-0.14285714285714285,,,,,,,,,,,,,,,,,,,,,,,,,,,,,,,2020-08,-0.15402972060321538,-0.9,0.0,0.0,0.0,0.0,0.0,-0.3,0.0,-0.14285714285714285,-1.0,0.1,-0.3080874366567944,-1.1,-2.0,0.0,0.0,0.0,0.0,0.3,0.0,0.0,1.0,-0.1,-0.15402972060321538,-0.3080874366567944,-0.9,-1.1,0.0,-2.0,0.0,0.0,0.0,0.0,0.0,0.0,0.0,0.0,-0.3,0.3,0.0,0.0,-0.14285714285714285,0.0,-1.0,1.0,0.1,-0.1,-1.1,0,-0.38793993512073954,1,0,0,1,0,0,0,0.2857142857142857,0.2788315341665462,0.6097973503053566,0,0,0,0.2788315341665462,0.8364946024996387
2020-08,2020-08,S2_Day14,2,2020-08-14 23:59:59,training,training,10.4,10.4,True,True,11.1,2020-06,2020-08-14 00:00:00,,CONSERVATIVE_MONTH_END_PLUS_45D_PROXY,False,2,0,11.1,2020-06,5.6796444444444445,0.03345836194903473,0.12723251211825826,False,,,,,,,5,2020-08-14,-0.09242343145200195,-0.4,0.4,0.0,0.2,0.2,0.0,0.0,0.0,0.0,0.0,0.2,-0.4,0.0,0.0,0.0,0.0,0.6,0.0,0.4,0.0,0.0,0.0,0.0,0.0,0.0,0.14285714285714285,-0.14285714285714285,,,,,,,,,,,,,,,,,,,,,,,,,,,,,,,2020-08,-0.15402972060321538,-0.9,0.0,0.0,0.0,0.0,0.0,-0.3,0.0,-0.14285714285714285,-1.0,0.1,0.061606289151213425,0.5,-0.4,0.0,0.0,0.0,0.0,0.3,0.0,0.0,1.0,-0.1,-0.46211715726000974,0.3696937258080078,-2.0,1.6,-2.0,1.6,0.0,0.0,0.0,0.0,0.0,0.0,0.0,0.0,0.0,0.0,0.0,0.0,-0.14285714285714285,0.0,0.0,0.0,0.0,0.0,2.7,0,-0.10583051725530915,1,0,0,1,0,0,0,0.2857142857142857,0.2454009535956278,0.6097973503053566,0,0,0,0.2454009535956278,0.4908019071912556
2020-08,2020-08,S3_Day21,3,2020-08-21 23:59:59,training,training,10.4,10.4,True,True,11.1,2020-06,2020-08-14 00:00:00,,CONSERVATIVE_MONTH_END_PLUS_45D_PROXY,False,2,7,11.1,2020-06,5.680578571428571,0.07748252240828979,0.1437003651062918,False,,,,,,,6,2020-08-15,-0.07701952621000162,-0.3333333333333333,0.3333333333333333,0.0,0.16666666666666666,0.3333333333333333,0.0,0.0,0.0,0.0,0.0,0.16666666666666666,-0.3333333333333333,0.0,0.0,0.0,0.0,0.5,0.0,0.5,0.0,0.0,0.0,0.0,0.0,0.0,0.14285714285714285,-0.14285714285714285,,,,,,,,,,,,,,,,,,,,,,,,,,,,,,,2020-08,-0.15402972060321538,-0.9,0.0,0.0,0.0,0.0,0.0,-0.3,0.0,-0.14285714285714285,-1.0,0.1,0.07701019439321376,0.5666666666666667,-0.3333333333333333,0.0,0.0,0.0,0.0,0.3,0.0,0.0,1.0,-0.1,-0.09242343145200195,0.015403905242000332,-0.4,0.06666666666666671,-0.4,0.06666666666666671,0.0,0.0,0.0,0.0,0.0,0.0,0.0,0.0,0.0,0.0,0.0,0.0,-0.14285714285714285,0.0,0.0,0.0,0.0,0.0,-1.5333333333333334,0,-0.08971306360517181,1,0,0,1,0,0,0,0.2857142857142857,0.2219150472204951,0.6097973503053566,0,0,0,0.2219150472204951,0.4438300944409902
2020-08,2020-08,S4_MonthEnd,4,2020-08-31 23:59:59,training,training,10.4,10.4,True,True,11.1,2020-06,2020-08-14 00:00:00,,CONSERVATIVE_MONTH_END_PLUS_45D_PROXY,False,2,17,11.1,2020-06,5.681515,0.10741895152059922,0.16020879309321945,False,,,,,,,9,2020-08-27,-0.051346350806667745,-0.2222222222222222,0.4444444444444444,0.0,0.1111111111111111,0.5555555555555556,0.0,0.0,0.0,0.0,0.0,0.3333333333333333,-0.2222222222222222,0.0,0.0,0.0,0.0,0.4444444444444444,0.0,0.3333333333333333,0.0,0.0,0.0,0.0,0.0,0.0,0.14285714285714285,-0.14285714285714285,,,,,,,,,,,,,,,,,,,,,,,,,,,,,,,2020-08,-0.15402972060321538,-0.9,0.0,0.0,0.0,0.0,0.0,-0.3,0.0,-0.14285714285714285,-1.0,0.1,0.10268336979654763,0.6777777777777778,-0.2222222222222222,0.0,0.0,0.0,0.0,0.3,0.0,0.0,1.0,-0.1,-0.07701952621000162,0.025673175403333873,-0.3333333333333333,0.1111111111111111,-0.3333333333333333,0.1111111111111111,0.0,0.0,0.0,0.0,0.0,0.0,0.0,0.0,0.0,0.0,0.0,0.0,-0.14285714285714285,0.0,0.0,0.0,0.0,0.0,0.0444444444444444,0,-0.062470912405226134,1,0,0,1,0,0,0,0.2857142857142857,0.14617399138583884,0.6097973503053566,0,0,0,0.14617399138583884,0.2923479827716777
2020-09,2020-09,S1_Day7,1,2020-09-07 23:59:59,training,training,10.3,10.3,True,True,11.1,2020-06,2020-08-14 00:00:00,,CONSERVATIVE_MONTH_END_PLUS_45D_PROXY,False,3,24,11.1,2020-06,5.68952,0.14597769882864764,0.14089551818485813,False,,,,,,,1,2020-09-01,0.6351489523872873,3.0,0.0,1.0,0.0,0.0,0.0,0.0,0.0,0.0,0.0,0.0,0.0,0.0,0.0,1.0,3.0,0.0,0.0,0.0,0.0,0.0,0.0,0.0,0.0,0.14285714285714285,0.0,0.14285714285714285,,,,,,,,,,,,,,,,,,,,,,,,,,,,,,,2020-09,-0.051346350806667745,-0.2222222222222222,-0.2222222222222222,0.0,0.0,0.0,0.0,0.0,0.0,-0.14285714285714285,0.0,0.0,0.686495303193955,3.2222222222222223,0.2222222222222222,0.0,3.0,0.0,0.0,0.0,0.0,0.2857142857142857,0.0,0.0,-0.051346350806667745,0.686495303193955,-0.2222222222222222,3.2222222222222223,-0.2222222222222222,0.2222222222222222,0.0,0.0,0.0,3.0,0.0,0.0,0.0,0.0,0.0,0.0,0.0,0.0,-0.14285714285714285,0.2857142857142857,0.0,0.0,0.0,0.0,3.2222222222222223,1,0.414459571283047,1,0,1,0,0,0,0,0.2857142857142857,0.7045191707317833,0.6097973503053566,1,1,0,0.7045191707317833,2.11355751219535
2020-09,2020-09,S2_Day14,2,2020-09-14 23:59:59,training,training,10.3,10.3,True,True,11.3,2020-07,2020-09-14 00:00:00,,CONSERVATIVE_MONTH_END_PLUS_45D_PROXY,False,2,0,11.3,2020-07,5.692900000000001,0.2497449787189021,0.20038669263393594,False,,,,,,,3,2020-09-13,-0.11715511525471434,-2.3333333333333335,0.3333333333333333,0.3333333333333333,0.3333333333333333,0.0,0.0,0.0,0.0,0.0,0.0,0.3333333333333333,-3.3333333333333335,0.0,0.0,0.3333333333333333,1.0,0.0,0.0,0.0,0.0,0.0,0.0,0.0,0.0,0.14285714285714285,0.14285714285714285,0.0,,,,,,,,,,,,,,,,,,,,,,,,,,,,,,,2020-09,-0.051346350806667745,-0.2222222222222222,-0.2222222222222222,0.0,0.0,0.0,0.0,0.0,0.0,-0.14285714285714285,0.0,0.0,-0.06580876444804659,-2.111111111111111,-3.111111111111111,0.0,1.0,0.0,0.0,0.0,0.0,0.14285714285714285,0.0,0.0,0.6351489523872873,-0.7523040676420016,3.0,-5.333333333333334,0.0,-3.3333333333333335,0.0,0.0,3.0,-2.0,0.0,0.0,0.0,0.0,0.0,0.0,0.0,0.0,0.14285714285714285,-0.14285714285714285,0.0,0.0,0.0,0.0,-8.555555555555557,0,-0.3815749515291948,0,0,1,0,0,0,0,0.14285714285714285,0.44575574775068977,0.6097973503053566,0,0,0,0.44575574775068977,0.8915114955013795
2020-09,2020-09,S3_Day21,3,2020-09-21 23:59:59,training,training,10.3,10.3,True,True,11.3,2020-07,2020-09-14 00:00:00,,CONSERVATIVE_MONTH_END_PLUS_45D_PROXY,False,2,7,11.3,2020-07,5.694857142857144,0.2497449787189021,0.234834245041049,False,,,,,,,4,2020-09-16,0.02766295287396668,-1.25,0.25,0.5,0.25,0.0,0.0,0.0,0.0,0.0,0.0,0.5,-2.0,0.0,0.0,0.25,0.75,0.0,0.0,0.0,0.0,0.0,0.0,0.0,0.0,0.14285714285714285,0.14285714285714285,0.0,,,,,,,,,,,,,,,,,,,,,,,,,,,,,,,2020-09,-0.051346350806667745,-0.2222222222222222,-0.2222222222222222,0.0,0.0,0.0,0.0,0.0,0.0,-0.14285714285714285,0.0,0.0,0.07900930368063443,-1.0277777777777777,-1.7777777777777777,0.0,0.75,0.0,0.0,0.0,0.0,0.14285714285714285,0.0,0.0,-0.11715511525471434,0.14481806812868103,-2.3333333333333335,1.0833333333333335,-3.3333333333333335,1.3333333333333335,0.0,0.0,1.0,-0.25,0.0,0.0,0.0,0.0,0.0,0.0,0.0,0.0,0.0,0.0,0.0,0.0,0.0,0.0,6.416666666666668,0,-0.27251328638056993,0,0,1,0,0,0,0,0.14285714285714285,0.3364785344158283,0.6097973503053566,0,0,0,0.3364785344158283,0.6729570688316566
2020-09,2020-09,S4_MonthEnd,4,2020-09-30 23:59:59,training,training,10.3,10.3,True,True,11.3,2020-07,2020-09-14 00:00:00,,CONSERVATIVE_MONTH_END_PLUS_45D_PROXY,False,2,16,11.3,2020-07,5.697119047619047,0.29723170002462496,0.27464589320009836,False,,,,,,,8,2020-09-28,0.013831476436983348,-0.625,0.625,0.25,0.125,0.375,0.0,0.0,0.0,0.0,0.0,0.25,-1.0,0.0,0.0,0.125,0.375,0.5,0.0,0.0,0.0,0.0,0.0,0.0,0.0,0.14285714285714285,0.14285714285714285,0.0,,,,,,,,,,,,,,,,,,,,,,,,,,,,,,,2020-09,-0.051346350806667745,-0.2222222222222222,-0.2222222222222222,0.0,0.0,0.0,0.0,0.0,0.0,-0.14285714285714285,0.0,0.0,0.06517782724365109,-0.4027777777777778,-0.7777777777777778,0.0,0.375,0.0,0.0,0.0,0.0,0.14285714285714285,0.0,0.0,0.02766295287396668,-0.013831476436983334,-1.25,0.625,-2.0,1.0,0.0,0.0,0.75,-0.375,0.0,0.0,0.0,0.0,0.0,0.0,0.0,0.0,0.0,0.0,0.0,0.0,0.0,0.0,-0.4583333333333335,0,-0.15673265886442547,0,0,1,0,0,0,0,0.14285714285714285,0.124762595472306,0.6097973503053566,0,0,0,0.124762595472306,0.249525190944612
2020-10,2020-10,S1_Day7,1,2020-10-07 23:59:59,training,training,10.1,10.1,True,True,11.3,2020-07,2020-09-14 00:00:00,,CONSERVATIVE_MONTH_END_PLUS_45D_PROXY,False,3,23,11.3,2020-07,5.70278,0.0,0.09936517621689234,False,,,,,,,1,2020-10-01,0.0,0.0,0.0,0.0,0.0,1.0,0.0,0.0,0.0,0.0,0.0,0.0,0.0,1.0,0.0,0.0,0.0,0.0,0.0,0.0,0.0,0.0,0.0,0.0,0.0,0.0,0.0,0.0,,,,,,,,,,,,,,,,,,,,,,,,,,,,,,,2020-10,0.013831476436983348,-0.625,-1.0,0.0,0.375,0.0,0.0,0.0,0.0,0.0,0.0,0.0,-0.013831476436983348,0.625,1.0,0.0,-0.375,0.0,0.0,0.0,0.0,0.0,0.0,0.0,0.013831476436983348,-0.013831476436983348,-0.625,0.625,-1.0,1.0,0.0,0.0,0.375,-0.375,0.0,0.0,0.0,0.0,0.0,0.0,0.0,0.0,0.0,0.0,0.0,0.0,0.0,0.0,0.625,1,0.0,1,0,1,0,0,0,0,0.2857142857142857,0.37992629323748284,0.6097973503053566,0,0,0,0.37992629323748284,1.1397788797124484
2020-10,2020-10,S2_Day14,2,2020-10-14 23:59:59,training,training,10.1,10.1,True,True,11.3,2020-07,2020-09-14 00:00:00,,CONSERVATIVE_MONTH_END_PLUS_45D_PROXY,False,3,30,11.3,2020-07,5.70308,0.015781998000941044,0.1046309956159952,False,,,,,,,5,2020-10-14,0.09242343145200195,0.4,0.6,0.2,0.0,0.6,0.0,0.0,0.0,0.0,0.0,0.2,0.4,0.2,0.0,0.0,0.0,0.4,0.0,0.0,0.0,0.0,0.0,0.0,0.0,0.14285714285714285,0.0,0.14285714285714285,,,,,,,,,,,,,,,,,,,,,,,,,,,,,,,2020-10,0.013831476436983348,-0.625,-1.0,0.0,0.375,0.0,0.0,0.0,0.0,0.0,0.0,0.0,0.0785919550150186,1.025,1.4,0.0,-0.375,0.0,0.0,0.0,0.0,0.14285714285714285,0.0,0.0,0.0,0.09242343145200195,0.0,0.4,0.0,0.4,0.0,0.0,0.0,0.0,0.0,0.0,0.0,0.0,0.0,0.0,0.0,0.0,0.0,0.14285714285714285,0.0,0.0,0.0,0.0,-0.22499999999999998,1,0.10583051725530915,1,0,1,0,0,0,0,0.2857142857142857,0.41768022862667553,0.6097973503053566,0,0,0,0.41768022862667553,1.2530406858800265
2020-10,2020-10,S3_Day21,3,2020-10-21 23:59:59,training,training,10.1,10.1,True,True,10.4,2020-08,2020-10-15 00:00:00,,CONSERVATIVE_MONTH_END_PLUS_45D_PROXY,False,2,6,10.4,2020-08,5.703919999999999,0.06838865800409266,0.11937528993350988,False,,,,,,,8,2020-10-21,0.05776464465750122,0.25,0.625,0.125,0.0,0.625,0.0,0.0,0.0,0.0,0.0,0.125,0.25,0.125,0.0,0.125,0.0,0.375,0.0,0.125,0.0,0.0,0.0,0.0,0.0,0.14285714285714285,0.0,0.14285714285714285,,,,,,,,,,,,,,,,,,,,,,,,,,,,,,,2020-10,0.013831476436983348,-0.625,-1.0,0.0,0.375,0.0,0.0,0.0,0.0,0.0,0.0,0.0,0.04393316822051787,0.875,1.25,0.0,-0.375,0.0,0.0,0.0,0.0,0.14285714285714285,0.0,0.0,0.09242343145200195,-0.03465878679450073,0.4,-0.15000000000000002,0.4,-0.15000000000000002,0.0,0.0,0.0,0.0,0.0,0.0,0.0,0.0,0.0,0.0,0.0,0.0,0.14285714285714285,0.0,0.0,0.0,0.0,0.0,-0.55,1,0.06931935802865524,1,0,1,0,0,0,0,0.2857142857142857,0.4200044825034338,0.6097973503053566,0,0,0,0.4200044825034338,0.8400089650068676
2020-10,2020-10,S4_MonthEnd,4,2020-10-31 23:59:59,training,training,10.1,10.1,True,True,10.4,2020-08,2020-10-15 00:00:00,,CONSERVATIVE_MONTH_END_PLUS_45D_PROXY,False,2,16,10.4,2020-08,5.705431818181818,0.1280095393410008,0.1459118282993499,False,,,,,,,11,2020-10-29,-0.042010650660000884,-0.18181818181818182,0.45454545454545453,0.09090909090909091,0.18181818181818182,0.5454545454545454,0.0,0.0,0.0,0.0,0.0,0.18181818181818182,0.0,0.18181818181818182,0.0,0.18181818181818182,-0.18181818181818182,0.2727272727272727,0.0,0.2727272727272727,-0.18181818181818182,0.0,0.0,0.0,0.0,0.0,0.2857142857142857,-0.2857142857142857,,,,,,,,,,,,,,,,,,,,,,,,,,,,,,,2020-10,0.013831476436983348,-0.625,-1.0,0.0,0.375,0.0,0.0,0.0,0.0,0.0,0.0,0.0,-0.05584212709698423,0.4431818181818182,1.0,0.0,-0.5568181818181819,0.0,-0.18181818181818182,0.0,0.0,-0.2857142857142857,0.0,0.0,0.05776464465750122,-0.0997752953175021,0.25,-0.4318181818181818,0.25,-0.25,0.0,0.0,0.0,-0.18181818181818182,0.0,0.0,0.0,-0.18181818181818182,0.0,0.0,0.0,0.0,0.14285714285714285,-0.42857142857142855,0.0,0.0,0.0,0.0,-0.2818181818181818,0,-0.05508247928538237,1,0,1,0,0,1,0,0.42857142857142855,0.1544522856632346,0.6097973503053566,0,0,0,0.1544522856632346,0.3089045713264692
2020-11,2020-11,S1_Day7,1,2020-11-07 23:59:59,training,training,9.8,9.8,True,True,10.4,2020-08,2020-10-15 00:00:00,,CONSERVATIVE_MONTH_END_PLUS_45D_PROXY,False,3,23,10.4,2020-08,5.7109,-0.005253020486783999,0.09584168196972165,False,,,,,,,1,2020-11-06,-0.46211715726000974,-2.0,0.0,0.0,1.0,1.0,0.0,0.0,0.0,0.0,0.0,1.0,-2.0,0.0,0.0,0.0,0.0,0.0,0.0,0.0,0.0,0.0,0.0,0.0,0.0,0.0,0.14285714285714285,-0.14285714285714285,,,,,,,,,,,,,,,,,,,,,,,,,,,,,,,2020-11,-0.042010650660000884,-0.18181818181818182,0.0,0.0,-0.18181818181818182,0.0,-0.18181818181818182,0.0,0.0,-0.2857142857142857,0.0,0.0,-0.42010650660000887,-1.8181818181818181,-2.0,0.0,0.18181818181818182,0.0,0.18181818181818182,0.0,0.0,0.14285714285714285,0.0,0.0,-0.042010650660000884,-0.42010650660000887,-0.18181818181818182,-1.8181818181818181,0.0,-2.0,0.0,0.0,-0.18181818181818182,0.18181818181818182,0.0,0.0,-0.18181818181818182,0.18181818181818182,0.0,0.0,0.0,0.0,-0.2857142857142857,0.14285714285714285,0.0,0.0,0.0,0.0,-1.8181818181818181,0,-0.38793993512073954,1,0,1,0,0,1,0,0.42857142857142855,0.4103478165832399,0.6097973503053566,0,0,0,0.4103478165832399,1.2310434497497196
2020-11,2020-11,S2_Day14,2,2020-11-14 23:59:59,training,training,9.8,9.8,True,True,10.3,2020-09,2020-11-14 00:00:00,,CONSERVATIVE_MONTH_END_PLUS_45D_PROXY,False,2,0,10.3,2020-09,5.71113,0.012257047802499699,0.09987292811077797,False,,,,,,,2,2020-11-11,0.14973849934787756,1.0,0.5,0.5,0.5,0.5,0.0,0.0,0.0,0.0,0.0,0.5,-1.0,0.0,0.0,0.0,0.0,0.0,0.0,0.0,0.0,0.0,0.0,0.0,0.0,0.0,0.14285714285714285,-0.14285714285714285,,,,,,,,,,,,,,,,,,,,,,,,,,,,,,,2020-11,-0.042010650660000884,-0.18181818181818182,0.0,0.0,-0.18181818181818182,0.0,-0.18181818181818182,0.0,0.0,-0.2857142857142857,0.0,0.0,0.19174915000787845,1.1818181818181819,-1.0,0.0,0.18181818181818182,0.0,0.18181818181818182,0.0,0.0,0.14285714285714285,0.0,0.0,-0.46211715726000974,0.6118556566078873,-2.0,3.0,-2.0,1.0,0.0,0.0,0.0,0.0,0.0,0.0,0.0,0.0,0.0,0.0,0.0,0.0,-0.14285714285714285,0.0,0.0,0.0,0.0,0.0,4.818181818181818,1,0.08528057430914479,1,0,1,0,0,1,0,0.42857142857142855,0.5832871878914265,0.6097973503053566,0,0,0,0.5832871878914265,1.166574375782853
2020-11,2020-11,S3_Day21,3,2020-11-21 23:59:59,training,training,9.8,9.8,True,True,10.3,2020-09,2020-11-14 00:00:00,,CONSERVATIVE_MONTH_END_PLUS_45D_PROXY,False,2,7,10.3,2020-09,5.711546666666667,0.03502013657852299,0.10717591025033446,False,,,,,,,5,2020-11-21,0.05989539973915102,0.4,0.8,0.2,0.2,0.6,0.0,0.0,0.0,0.0,0.0,0.2,-0.4,0.0,0.0,0.0,0.0,0.6,0.0,0.0,0.0,0.0,0.0,0.0,0.0,0.0,0.14285714285714285,-0.14285714285714285,,,,,,,,,,,,,,,,,,,,,,,,,,,,,,,2020-11,-0.042010650660000884,-0.18181818181818182,0.0,0.0,-0.18181818181818182,0.0,-0.18181818181818182,0.0,0.0,-0.2857142857142857,0.0,0.0,0.1019060503991519,0.5818181818181818,-0.4,0.0,0.18181818181818182,0.0,0.18181818181818182,0.0,0.0,0.14285714285714285,0.0,0.0,0.14973849934787756,-0.08984309960872654,1.0,-0.6,-1.0,0.6,0.0,0.0,0.0,0.0,0.0,0.0,0.0,0.0,0.0,0.0,0.0,0.0,-0.14285714285714285,0.0,0.0,0.0,0.0,0.0,-3.6,1,0.032332206902123656,1,0,1,0,0,1,0,0.42857142857142855,0.49106086571553825,0.6097973503053566,0,0,0,0.49106086571553825,0.9821217314310765
2020-11,2020-11,S4_MonthEnd,4,2020-11-30 23:59:59,training,training,9.8,9.8,True,True,10.3,2020-09,2020-11-14 00:00:00,,CONSERVATIVE_MONTH_END_PLUS_45D_PROXY,False,2,16,10.3,2020-09,5.712009523809524,0.05077919803886388,0.11528848012423154,False,,,,,,,8,2020-11-26,0.03743462483696939,0.25,0.625,0.125,0.125,0.625,0.0,0.0,0.0,0.0,0.0,0.125,-0.25,0.0,0.0,0.125,0.0,0.625,0.0,0.125,0.0,0.0,0.0,0.125,0.0,0.0,0.14285714285714285,-0.14285714285714285,,,,,,,,,,,,,,,,,,,,,,,,,,,,,,,2020-11,-0.042010650660000884,-0.18181818181818182,0.0,0.0,-0.18181818181818182,0.0,-0.18181818181818182,0.0,0.0,-0.2857142857142857,0.0,0.0,0.07944527549697028,0.4318181818181818,-0.25,0.0,0.18181818181818182,0.0,0.18181818181818182,0.0,0.0,0.14285714285714285,0.0,0.0,0.05989539973915102,-0.02246077490218163,0.4,-0.15000000000000002,-0.4,0.15000000000000002,0.0,0.0,0.0,0.0,0.0,0.0,0.0,0.0,0.0,0.0,0.0,0.0,-0.14285714285714285,0.0,0.0,0.0,0.0,0.0,0.44999999999999996,1,0.0177277432114621,1,0,1,0,0,1,0,0.42857142857142855,0.3576071950323527,0.6097973503053566,0,0,0,0.3576071950323527,0.7152143900647054
2020-12,2020-12,S1_Day7,1,2020-12-07 23:59:59,training,training,10.5,10.5,True,True,10.3,2020-09,2020-11-14 00:00:00,,CONSERVATIVE_MONTH_END_PLUS_45D_PROXY,False,3,23,10.3,2020-09,5.7143,-0.003499930001404916,0.040099306223639886,False,,,,,,,0,,0.0,0.0,0.0,0.0,0.0,0.0,0.0,0.0,0.0,0.0,0.0,0.0,0.0,0.0,0.0,0.0,0.0,0.0,0.0,0.0,0.0,0.0,0.0,0.0,0.0,0.0,0.0,0.0,,,,,,,,,,,,,,,,,,,,,,,,,,,,,,,2020-12,0.03743462483696939,0.25,-0.25,0.0,0.0,0.0,0.0,0.0,0.0,-0.14285714285714285,0.0,0.0,-0.03743462483696939,-0.25,0.25,0.0,0.0,0.0,0.0,0.0,0.0,0.14285714285714285,0.0,0.0,0.03743462483696939,-0.03743462483696939,0.25,-0.25,-0.25,0.25,0.0,0.0,0.0,0.0,0.0,0.0,0.0,0.0,0.0,0.0,0.0,0.0,-0.14285714285714285,0.14285714285714285,0.0,0.0,0.0,0.0,-0.25,1,0.0,1,0,0,0,0,0,0,0.14285714285714285,0.28360507231436954,0.6097973503053566,0,0,0,0.28360507231436954,0.8508152169431087
2020-12,2020-12,S2_Day14,2,2020-12-14 23:59:59,training,training,10.5,10.5,True,True,10.3,2020-09,2020-11-14 00:00:00,,CONSERVATIVE_MONTH_END_PLUS_45D_PROXY,False,3,30,10.3,2020-09,5.714455555555555,0.01924961500767708,0.0428226132298315,False,,,,,,,3,2020-12-14,-0.3316849178955768,-4.0,1.0,0.0,0.3333333333333333,0.3333333333333333,0.0,0.0,0.0,0.0,0.0,0.0,0.0,0.0,0.0,0.0,0.0,0.3333333333333333,0.0,0.0,0.0,0.0,0.0,0.0,0.0,0.0,0.0,0.0,,,,,,,,,,,,,,,,,,,,,,,,,,,,,,,2020-12,0.03743462483696939,0.25,-0.25,0.0,0.0,0.0,0.0,0.0,0.0,-0.14285714285714285,0.0,0.0,-0.3691195427325462,-4.25,0.25,0.0,0.0,0.0,0.0,0.0,0.0,0.14285714285714285,0.0,0.0,0.0,-0.3316849178955768,0.0,-4.0,0.0,0.0,0.0,0.0,0.0,0.0,0.0,0.0,0.0,0.0,0.0,0.0,0.0,0.0,0.0,0.0,0.0,0.0,0.0,0.0,-3.75,1,-0.3374096530265359,1,0,0,0,0,0,0,0.14285714285714285,0.7046908215252918,0.6097973503053566,1,0,1,0.7046908215252918,2.1140724645758757
2020-12,2020-12,S3_Day21,3,2020-12-21 23:59:59,training,training,10.5,10.5,True,True,10.1,2020-10,2020-12-15 00:00:00,,CONSERVATIVE_MONTH_END_PLUS_45D_PROXY,False,2,6,10.1,2020-10,5.715521428571428,0.08399832003358476,0.061482823991543256,False,,,,,,,4,2020-12-16,-0.02247662501046599,-1.5,1.0,0.25,0.25,0.25,0.0,0.0,0.0,0.0,0.0,0.0,0.0,0.0,0.0,0.0,0.0,0.25,0.0,0.0,0.0,0.0,0.0,0.0,0.0,0.0,0.0,0.0,,,,,,,,,,,,,,,,,,,,,,,,,,,,,,,2020-12,0.03743462483696939,0.25,-0.25,0.0,0.0,0.0,0.0,0.0,0.0,-0.14285714285714285,0.0,0.0,-0.05991124984743538,-1.75,0.25,0.0,0.0,0.0,0.0,0.0,0.0,0.14285714285714285,0.0,0.0,-0.3316849178955768,0.3092082928851108,-4.0,2.5,0.0,0.0,0.0,0.0,0.0,0.0,0.0,0.0,0.0,0.0,0.0,0.0,0.0,0.0,0.0,0.0,0.0,0.0,0.0,0.0,6.5,1,-0.22230213333555054,1,0,0,0,0,0,0,0.14285714285714285,0.6173451781293676,0.6097973503053566,1,0,1,0.6173451781293676,1.2346903562587352
2020-12,2020-12,S4_MonthEnd,4,2020-12-31 23:59:59,training,training,10.5,10.5,True,True,10.1,2020-10,2020-12-15 00:00:00,,CONSERVATIVE_MONTH_END_PLUS_45D_PROXY,False,2,16,10.1,2020-10,5.720875,0.8014839703205823,0.15520765771699363,False,,,,,,,6,2020-12-22,-0.014984416673643993,-1.0,1.0,0.16666666666666666,0.16666666666666666,0.5,0.0,0.0,0.0,0.0,0.0,0.0,0.0,0.0,0.0,0.0,0.0,0.16666666666666666,0.0,0.0,0.0,0.0,0.0,0.0,0.0,0.0,0.0,0.0,,,,,,,,,,,,,,,,,,,,,,,,,,,,,,,2020-12,0.03743462483696939,0.25,-0.25,0.0,0.0,0.0,0.0,0.0,0.0,-0.14285714285714285,0.0,0.0,-0.052419041510613384,-1.25,0.25,0.0,0.0,0.0,0.0,0.0,0.0,0.14285714285714285,0.0,0.0,-0.02247662501046599,0.007492208336821996,-1.5,0.5,0.0,0.0,0.0,0.0,0.0,0.0,0.0,0.0,0.0,0.0,0.0,0.0,0.0,0.0,0.0,0.0,0.0,0.0,0.0,0.0,-2.0,1,-0.1617410050410034,1,0,0,0,0,0,0,0.14285714285714285,0.5297775976442198,0.6097973503053566,0,0,0,0.5297775976442198,1.0595551952884397
2021-01,2021-01,S1_Day7,1,2021-01-07 23:59:59,training,training,9.9,9.9,True,True,10.1,2020-10,2020-12-15 00:00:00,,CONSERVATIVE_MONTH_END_PLUS_45D_PROXY,False,3,23,10.1,2020-10,5.760533333333334,0.008680254157833467,0.6932214623345923,False,,,,,,,0,,0.0,0.0,0.0,0.0,0.0,0.0,0.0,0.0,0.0,0.0,0.0,0.0,0.0,0.0,0.0,0.0,0.0,0.0,0.0,0.0,0.0,0.0,0.0,0.0,0.0,0.0,0.0,0.0,,,,,,,,,,,,,,,,,,,,,,,,,,,,,,,2021-01,-0.014984416673643993,-1.0,0.0,0.0,0.0,0.0,0.0,0.0,0.0,0.0,0.0,0.0,0.014984416673643993,1.0,0.0,0.0,0.0,0.0,0.0,0.0,0.0,0.0,0.0,0.0,-0.014984416673643993,0.014984416673643993,-1.0,1.0,0.0,0.0,0.0,0.0,0.0,0.0,0.0,0.0,0.0,0.0,0.0,0.0,0.0,0.0,0.0,0.0,0.0,0.0,0.0,0.0,1.0,1,0.0,0,0,0,0,0,0,0,0.0,0.43105857863000485,0.6097973503053566,0,0,0,0.43105857863000485,1.2931757358900144
2021-01,2021-01,S2_Day14,2,2021-01-14 23:59:59,training,training,9.9,9.9,True,True,9.8,2020-11,2021-01-14 00:00:00,,CONSERVATIVE_MONTH_END_PLUS_45D_PROXY,False,2,0,9.8,2020-11,5.760462500000001,0.005208152494717844,0.6919833067494219,False,,,,,,,0,,0.0,0.0,0.0,0.0,0.0,0.0,0.0,0.0,0.0,0.0,0.0,0.0,0.0,0.0,0.0,0.0,0.0,0.0,0.0,0.0,0.0,0.0,0.0,0.0,0.0,0.0,0.0,0.0,,,,,,,,,,,,,,,,,,,,,,,,,,,,,,,2021-01,-0.014984416673643993,-1.0,0.0,0.0,0.0,0.0,0.0,0.0,0.0,0.0,0.0,0.0,0.014984416673643993,1.0,0.0,0.0,0.0,0.0,0.0,0.0,0.0,0.0,0.0,0.0,0.0,0.0,0.0,0.0,0.0,0.0,0.0,0.0,0.0,0.0,0.0,0.0,0.0,0.0,0.0,0.0,0.0,0.0,0.0,0.0,0.0,0.0,0.0,0.0,-1.0,1,0.0,0,0,0,0,0,0,0,0.0,0.43105857863000485,0.6097973503053566,0,0,0,0.43105857863000485,0.8621171572600097
2021-01,2021-01,S3_Day21,3,2021-01-21 23:59:59,training,training,9.9,9.9,True,True,9.8,2020-11,2021-01-14 00:00:00,,CONSERVATIVE_MONTH_END_PLUS_45D_PROXY,False,2,7,9.8,2020-11,5.760569230769231,0.027776813305080417,0.693848943898101,False,,,,,,,0,,0.0,0.0,0.0,0.0,0.0,0.0,0.0,0.0,0.0,0.0,0.0,0.0,0.0,0.0,0.0,0.0,0.0,0.0,0.0,0.0,0.0,0.0,0.0,0.0,0.0,0.0,0.0,0.0,,,,,,,,,,,,,,,,,,,,,,,,,,,,,,,2021-01,-0.014984416673643993,-1.0,0.0,0.0,0.0,0.0,0.0,0.0,0.0,0.0,0.0,0.0,0.014984416673643993,1.0,0.0,0.0,0.0,0.0,0.0,0.0,0.0,0.0,0.0,0.0,0.0,0.0,0.0,0.0,0.0,0.0,0.0,0.0,0.0,0.0,0.0,0.0,0.0,0.0,0.0,0.0,0.0,0.0,0.0,0.0,0.0,0.0,0.0,0.0,0.0,1,0.0,0,0,0,0,0,0,0,0.0,0.36174100504100337,0.6097973503053566,0,0,0,0.36174100504100337,0.7234820100820067
2021-01,2021-01,S4_MonthEnd,4,2021-01-31 23:59:59,training,training,9.9,9.9,True,True,9.8,2020-11,2021-01-14 00:00:00,,CONSERVATIVE_MONTH_END_PLUS_45D_PROXY,False,2,17,9.8,2020-11,5.760768421052632,0.0034721016631378276,0.6973307588897137,False,,,,,,,3,2021-01-30,0.0,0.0,0.6666666666666666,0.0,0.0,0.6666666666666666,0.0,0.0,0.0,0.0,0.0,0.0,0.0,0.0,0.0,0.3333333333333333,0.0,0.3333333333333333,0.0,0.3333333333333333,0.0,0.0,0.0,0.0,0.0,0.0,0.0,0.0,,,,,,,,,,,,,,,,,,,,,,,,,,,,,,,2021-01,-0.014984416673643993,-1.0,0.0,0.0,0.0,0.0,0.0,0.0,0.0,0.0,0.0,0.0,0.014984416673643993,1.0,0.0,0.0,0.0,0.0,0.0,0.0,0.0,0.0,0.0,0.0,0.0,0.0,0.0,0.0,0.0,0.0,0.0,0.0,0.0,0.0,0.0,0.0,0.0,0.0,0.0,0.0,0.0,0.0,0.0,0.0,0.0,0.0,0.0,0.0,0.0,1,0.0,0,0,0,0,0,0,0,0.0,0.36174100504100337,0.6097973503053566,0,0,0,0.36174100504100337,0.7234820100820067
2021-02,2021-02,S1_Day7,1,2021-02-07 23:59:59,training,training,10.3,10.3,True,True,9.8,2020-11,2021-01-14 00:00:00,,CONSERVATIVE_MONTH_END_PLUS_45D_PROXY,False,3,24,9.8,2020-11,5.7605200000000005,-0.0017359302850405989,-0.0043122902098291505,False,,,,,,,4,2021-02-04,0.23534388462432185,1.75,0.5,0.25,0.0,0.5,1.0,0.0,1.0,1.0,0.25,0.0,0.0,0.0,0.0,0.75,1.75,0.5,0.0,0.25,0.0,0.0,0.0,0.0,0.0,0.14285714285714285,0.0,0.14285714285714285,,,,,,,,,,,,,,,,,,,,,,,,,,,,,,,2021-02,0.0,0.0,0.0,0.0,0.0,0.0,0.0,0.0,0.0,0.0,0.0,0.0,0.23534388462432185,1.75,0.0,0.0,1.75,0.0,0.0,0.0,0.0,0.14285714285714285,1.0,0.25,0.0,0.23534388462432185,0.0,1.75,0.0,0.0,0.0,0.0,0.0,1.75,0.0,0.0,0.0,0.0,0.0,0.0,0.0,0.0,0.0,0.14285714285714285,0.0,1.0,0.0,0.25,1.75,1,0.3739003789143366,0,0,1,0,0,0,0,0.14285714285714285,0.6733813733968819,0.6097973503053566,1,1,0,0.6733813733968819,2.0201441201906456
2021-02,2021-02,S2_Day14,2,2021-02-14 23:59:59,training,training,10.3,10.3,True,True,10.5,2020-12,2021-02-14 00:00:00,,CONSERVATIVE_MONTH_END_PLUS_45D_PROXY,False,2,0,10.5,2020-12,5.760310000000001,-0.012151511995284192,-0.007957637230404657,False,,,,,,,6,2021-02-12,0.0798763968728796,0.8333333333333334,0.5,0.16666666666666666,0.16666666666666666,0.5,1.0,0.0,1.0,1.0,0.16666666666666666,0.16666666666666666,-0.3333333333333333,0.0,0.0,0.5,1.1666666666666667,0.3333333333333333,0.0,0.16666666666666666,0.0,0.0,0.0,0.0,0.0,0.14285714285714285,0.14285714285714285,0.0,,,,,,,,,,,,,,,,,,,,,,,,,,,,,,,2021-02,0.0,0.0,0.0,0.0,0.0,0.0,0.0,0.0,0.0,0.0,0.0,0.0,0.0798763968728796,0.8333333333333334,-0.3333333333333333,0.0,1.1666666666666667,0.0,0.0,0.0,0.0,0.0,1.0,0.16666666666666666,0.23534388462432185,-0.15546748775144226,1.75,-0.9166666666666666,0.0,-0.3333333333333333,0.0,0.0,1.75,-0.5833333333333333,0.0,0.0,0.0,0.0,0.0,0.0,0.0,0.0,0.14285714285714285,-0.14285714285714285,1.0,0.0,0.25,-0.08333333333333334,-2.6666666666666665,1,0.21567883116831021,1,0,1,0,0,0,0,0.2857142857142857,0.5803555099419478,0.6097973503053566,0,0,0,0.5803555099419478,1.1607110198838957
2021-02,2021-02,S3_Day21,3,2021-02-21 23:59:59,training,training,10.3,10.3,True,True,10.5,2020-12,2021-02-14 00:00:00,,CONSERVATIVE_MONTH_END_PLUS_45D_PROXY,False,2,7,10.5,2020-12,5.759986666666668,-0.03471860570078977,-0.013570314389088622,False,,,,,,,9,2021-02-17,0.12382303706939611,0.8888888888888888,0.5555555555555556,0.2222222222222222,0.1111111111111111,0.4444444444444444,1.0,0.0,1.0,1.0,0.1111111111111111,0.1111111111111111,-0.2222222222222222,0.1111111111111111,0.3333333333333333,0.3333333333333333,0.7777777777777778,0.3333333333333333,0.0,0.1111111111111111,0.0,0.0,0.0,0.0,0.0,0.2857142857142857,0.14285714285714285,0.14285714285714285,,,,,,,,,,,,,,,,,,,,,,,,,,,,,,,2021-02,0.0,0.0,0.0,0.0,0.0,0.0,0.0,0.0,0.0,0.0,0.0,0.0,0.12382303706939611,0.8888888888888888,-0.2222222222222222,0.3333333333333333,0.7777777777777778,0.0,0.0,0.0,0.0,0.14285714285714285,1.0,0.1111111111111111,0.0798763968728796,0.04394664019651651,0.8333333333333334,0.05555555555555547,-0.3333333333333333,0.1111111111111111,0.0,0.3333333333333333,1.1666666666666667,-0.38888888888888895,0.0,0.0,0.0,0.0,0.0,0.0,0.0,0.0,0.0,0.14285714285714285,1.0,0.0,0.16666666666666666,-0.05555555555555555,0.9722222222222221,1,0.2484182753565089,1,1,1,0,0,0,0,0.42857142857142855,0.5192867967238368,0.6097973503053566,0,0,0,0.5192867967238368,1.0385735934476736
2021-02,2021-02,S4_MonthEnd,4,2021-02-28 23:59:59,training,training,10.3,10.3,True,True,10.5,2020-12,2021-02-14 00:00:00,,CONSERVATIVE_MONTH_END_PLUS_45D_PROXY,False,2,14,10.5,2020-12,5.75751,-0.4027358261292191,-0.05656226417164456,False,,,,,,,11,2021-02-26,0.08825938508504212,0.5454545454545454,0.5454545454545454,0.2727272727272727,0.18181818181818182,0.5454545454545454,1.0,0.0,1.0,1.0,0.09090909090909091,0.09090909090909091,-0.18181818181818182,0.09090909090909091,0.2727272727272727,0.45454545454545453,0.45454545454545453,0.36363636363636365,-0.5454545454545454,0.09090909090909091,0.0,0.0,0.0,0.0,0.0,0.2857142857142857,0.2857142857142857,0.0,,,,,,,,,,,,,,,,,,,,,,,,,,,,,,,2021-02,0.0,0.0,0.0,0.0,0.0,0.0,0.0,0.0,0.0,0.0,0.0,0.0,0.08825938508504212,0.5454545454545454,-0.18181818181818182,0.2727272727272727,0.45454545454545453,-0.5454545454545454,0.0,0.0,0.0,0.0,1.0,0.09090909090909091,0.12382303706939611,-0.03556365198435399,0.8888888888888888,-0.3434343434343434,-0.2222222222222222,0.04040404040404039,0.3333333333333333,-0.06060606060606061,0.7777777777777778,-0.32323232323232326,0.0,-0.5454545454545454,0.0,0.0,0.0,0.0,0.0,0.0,0.14285714285714285,-0.14285714285714285,1.0,0.0,0.1111111111111111,-0.020202020202020193,-0.3989898989898989,1,0.17222991615476207,1,1,1,0,0,0,1,0.5714285714285714,0.4252871455707421,0.6097973503053566,0,0,0,0.4252871455707421,0.8505742911414842
2021-03,2021-03,S1_Day7,1,2021-03-07 23:59:59,training,training,10.3,10.3,True,True,10.5,2020-12,2021-02-14 00:00:00,,CONSERVATIVE_MONTH_END_PLUS_45D_PROXY,False,3,21,10.5,2020-12,5.72822,-0.1081571418602989,-0.5087268628278463,False,,,,,,,0,,0.0,0.0,0.0,0.0,0.0,0.0,0.0,0.0,0.0,0.0,0.0,0.0,0.0,0.0,0.0,0.0,0.0,0.0,0.0,0.0,0.0,0.0,0.0,0.0,0.0,0.0,0.0,0.0,,,,,,,,,,,,,,,,,,,,,,,,,,,,,,,2021-03,0.08825938508504212,0.5454545454545454,-0.18181818181818182,0.2727272727272727,0.45454545454545453,-0.5454545454545454,0.0,0.0,0.0,0.0,1.0,0.09090909090909091,-0.08825938508504212,-0.5454545454545454,0.18181818181818182,-0.2727272727272727,-0.45454545454545453,0.5454545454545454,0.0,0.0,0.0,0.0,-1.0,-0.09090909090909091,0.08825938508504212,-0.08825938508504212,0.5454545454545454,-0.5454545454545454,-0.18181818181818182,0.18181818181818182,0.2727272727272727,-0.2727272727272727,0.45454545454545453,-0.45454545454545453,-0.5454545454545454,0.5454545454545454,0.0,0.0,0.0,0.0,0.0,0.0,0.0,0.0,1.0,-1.0,0.09090909090909091,-0.09090909090909091,-0.5454545454545454,1,0.0,1,1,1,0,0,0,1,0.5714285714285714,0.3902232263976897,0.6097973503053566,0,0,0,0.3902232263976897,1.170669679193069
2021-03,2021-03,S2_Day14,2,2021-03-14 23:59:59,training,training,10.3,10.3,True,True,10.5,2020-12,2021-02-14 00:00:00,,CONSERVATIVE_MONTH_END_PLUS_45D_PROXY,False,3,28,10.5,2020-12,5.727477777777778,-0.10292373177029912,-0.5216182381311052,False,,,,,,,3,2021-03-14,-0.15403905242000324,-0.6666666666666666,0.6666666666666666,0.0,0.3333333333333333,0.0,0.0,0.0,0.0,0.0,0.0,0.3333333333333333,-0.6666666666666666,0.3333333333333333,0.0,0.0,0.0,0.0,0.0,0.0,0.0,0.0,0.0,0.0,0.0,0.0,0.14285714285714285,-0.14285714285714285,,,,,,,,,,,,,,,,,,,,,,,,,,,,,,,2021-03,0.08825938508504212,0.5454545454545454,-0.18181818181818182,0.2727272727272727,0.45454545454545453,-0.5454545454545454,0.0,0.0,0.0,0.0,1.0,0.09090909090909091,-0.24229843750504537,-1.212121212121212,-0.4848484848484848,-0.2727272727272727,-0.45454545454545453,0.5454545454545454,0.0,0.0,0.0,-0.14285714285714285,-1.0,-0.09090909090909091,0.0,-0.15403905242000324,0.0,-0.6666666666666666,0.0,-0.6666666666666666,0.0,0.0,0.0,0.0,0.0,0.0,0.0,0.0,0.0,0.0,0.0,0.0,0.0,-0.14285714285714285,0.0,0.0,0.0,0.0,-0.12121212121212122,1,-0.16789922590867432,0,1,1,0,0,0,1,0.42857142857142855,0.44855163534477266,0.6097973503053566,0,0,0,0.44855163534477266,1.345654906034318
2021-03,2021-03,S3_Day21,3,2021-03-21 23:59:59,training,training,10.3,10.3,True,True,9.9,2021-01,2021-03-17 00:00:00,,CONSERVATIVE_MONTH_END_PLUS_45D_PROXY,False,2,4,9.9,2021-01,5.727414285714287,-0.08547903147023694,-0.5227210076180988,False,,,,,,,7,2021-03-18,0.042782428385107873,0.2857142857142857,0.2857142857142857,0.14285714285714285,0.14285714285714285,0.0,0.0,0.0,0.0,0.0,0.0,0.14285714285714285,-0.2857142857142857,0.14285714285714285,0.0,0.2857142857142857,0.5714285714285714,0.0,0.0,0.5714285714285714,0.5714285714285714,0.14285714285714285,0.5714285714285714,0.0,0.0,0.42857142857142855,0.14285714285714285,0.2857142857142857,,,,,,,,,,,,,,,,,,,,,,,,,,,,,,,2021-03,0.08825938508504212,0.5454545454545454,-0.18181818181818182,0.2727272727272727,0.45454545454545453,-0.5454545454545454,0.0,0.0,0.0,0.0,1.0,0.09090909090909091,-0.04547695669993425,-0.2597402597402597,-0.10389610389610388,-0.2727272727272727,0.11688311688311687,0.5454545454545454,0.5714285714285714,0.5714285714285714,0.0,0.2857142857142857,-1.0,-0.09090909090909091,-0.15403905242000324,0.1968214808051111,-0.6666666666666666,0.9523809523809523,-0.6666666666666666,0.38095238095238093,0.0,0.0,0.0,0.5714285714285714,0.0,0.0,0.0,0.5714285714285714,0.0,0.5714285714285714,0.0,0.0,-0.14285714285714285,0.42857142857142855,0.0,0.0,0.0,0.0,1.619047619047619,0,0.0983014511042413,0,1,0,1,0,1,1,0.5714285714285714,0.21702840289039527,0.6097973503053566,0,0,0,0.21702840289039527,0.43405680578079053
2021-03,2021-03,S4_MonthEnd,4,2021-03-31 23:59:59,training,training,10.3,10.3,True,True,9.9,2021-01,2021-03-17 00:00:00,,CONSERVATIVE_MONTH_END_PLUS_45D_PROXY,False,2,14,9.9,2021-01,5.727531818181817,-0.06280092108018609,-0.5206796309200068,False,,,,,,,14,2021-03-30,0.08604466088147297,0.5714285714285714,0.42857142857142855,0.14285714285714285,0.07142857142857142,0.2857142857142857,0.0,0.0,0.0,0.0,0.0,0.07142857142857142,-0.14285714285714285,0.07142857142857142,0.0,0.5714285714285714,0.7142857142857143,0.2857142857142857,0.42857142857142855,0.7142857142857143,0.7142857142857143,0.07142857142857142,0.2857142857142857,0.07142857142857142,0.0,0.5714285714285714,0.14285714285714285,0.42857142857142855,,,,,,,,,,,,,,,,,,,,,,,,,,,,,,,2021-03,0.08825938508504212,0.5454545454545454,-0.18181818181818182,0.2727272727272727,0.45454545454545453,-0.5454545454545454,0.0,0.0,0.0,0.0,1.0,0.09090909090909091,-0.002214724203569149,0.025974025974025983,0.038961038961038974,-0.2727272727272727,0.25974025974025977,0.974025974025974,0.7142857142857143,0.2857142857142857,0.0,0.42857142857142855,-1.0,-0.09090909090909091,0.042782428385107873,0.0432622324963651,0.2857142857142857,0.2857142857142857,-0.2857142857142857,0.14285714285714285,0.0,0.0,0.5714285714285714,0.1428571428571429,0.0,0.42857142857142855,0.5714285714285714,0.1428571428571429,0.5714285714285714,-0.2857142857142857,0.0,0.0,0.2857142857142857,0.14285714285714285,0.0,0.0,0.0,0.0,-0.6666666666666666,0,0.15655620186561506,0,1,0,1,0,1,1,0.5714285714285714,0.1313435382146157,0.6097973503053566,0,0,0,0.1313435382146157,0.2626870764292314
2021-04,2021-04,S1_Day7,1,2021-04-07 23:59:59,training,training,8.5,8.5,True,True,9.9,2021-01,2021-03-17 00:00:00,,CONSERVATIVE_MONTH_END_PLUS_45D_PROXY,False,3,21,9.9,2021-01,5.7296000000000005,-0.006981046458864881,0.03610947758714289,False,,,,,,,1,2021-04-07,0.0,0.0,0.0,0.0,0.0,1.0,0.0,0.0,0.0,0.0,0.0,0.0,0.0,0.0,0.0,0.0,0.0,1.0,0.0,1.0,0.0,0.0,0.0,0.0,0.0,0.0,0.0,0.0,,,,,,,,,,,,,,,,,,,,,,,,,,,,,,,2021-04,0.08604466088147297,0.5714285714285714,-0.14285714285714285,0.0,0.7142857142857143,0.42857142857142855,0.7142857142857143,0.2857142857142857,0.0,0.42857142857142855,0.0,0.0,-0.08604466088147297,-0.5714285714285714,0.14285714285714285,0.0,-0.7142857142857143,-0.42857142857142855,-0.7142857142857143,-0.2857142857142857,0.0,-0.42857142857142855,0.0,0.0,0.08604466088147297,-0.08604466088147297,0.5714285714285714,-0.5714285714285714,-0.14285714285714285,0.14285714285714285,0.0,0.0,0.7142857142857143,-0.7142857142857143,0.42857142857142855,-0.42857142857142855,0.7142857142857143,-0.7142857142857143,0.2857142857142857,-0.2857142857142857,0.0,0.0,0.42857142857142855,-0.42857142857142855,0.0,0.0,0.0,0.0,-0.5714285714285714,1,0.0,1,0,1,1,0,1,1,0.7142857142857143,0.43194988801999407,0.6097973503053566,0,0,0,0.43194988801999407,1.2958496640599821
2021-04,2021-04,S2_Day14,2,2021-04-14 23:59:59,training,training,8.5,8.5,True,True,10.3,2021-02,2021-04-14 00:00:00,,CONSERVATIVE_MONTH_END_PLUS_45D_PROXY,False,2,0,10.3,2021-02,5.72985,0.027924185835459525,0.04047435949328104,False,,,,,,,4,2021-04-14,0.0,0.0,0.5,0.0,0.0,0.5,0.0,0.0,0.0,0.0,0.0,0.25,0.0,0.0,0.0,0.25,0.0,0.25,0.0,0.25,0.0,0.0,0.0,0.0,0.0,0.0,0.0,0.0,,,,,,,,,,,,,,,,,,,,,,,,,,,,,,,2021-04,0.08604466088147297,0.5714285714285714,-0.14285714285714285,0.0,0.7142857142857143,0.42857142857142855,0.7142857142857143,0.2857142857142857,0.0,0.42857142857142855,0.0,0.0,-0.08604466088147297,-0.5714285714285714,0.14285714285714285,0.0,-0.7142857142857143,-0.42857142857142855,-0.7142857142857143,-0.2857142857142857,0.0,-0.42857142857142855,0.0,0.0,0.0,0.0,0.0,0.0,0.0,0.0,0.0,0.0,0.0,0.0,0.0,0.0,0.0,0.0,0.0,0.0,0.0,0.0,0.0,0.0,0.0,0.0,0.0,0.0,0.5714285714285714,1,0.0,1,0,1,1,0,1,1,0.7142857142857143,0.43194988801999407,0.6097973503053566,0,0,0,0.43194988801999407,0.8638997760399881
2021-04,2021-04,S3_Day21,3,2021-04-21 23:59:59,training,training,8.5,8.5,True,True,10.3,2021-02,2021-04-14 00:00:00,,CONSERVATIVE_MONTH_END_PLUS_45D_PROXY,False,2,7,10.3,2021-02,5.730469230769231,0.024433662606027085,0.051285836214631786,False,,,,,,,5,2021-04-20,0.0,0.0,0.6,0.0,0.0,0.6,0.0,0.0,0.0,0.0,0.0,0.4,0.0,0.0,0.0,0.2,0.0,0.4,0.0,0.2,0.0,0.0,0.0,0.0,0.0,0.0,0.0,0.0,,,,,,,,,,,,,,,,,,,,,,,,,,,,,,,2021-04,0.08604466088147297,0.5714285714285714,-0.14285714285714285,0.0,0.7142857142857143,0.42857142857142855,0.7142857142857143,0.2857142857142857,0.0,0.42857142857142855,0.0,0.0,-0.08604466088147297,-0.5714285714285714,0.14285714285714285,0.0,-0.7142857142857143,-0.42857142857142855,-0.7142857142857143,-0.2857142857142857,0.0,-0.42857142857142855,0.0,0.0,0.0,0.0,0.0,0.0,0.0,0.0,0.0,0.0,0.0,0.0,0.0,0.0,0.0,0.0,0.0,0.0,0.0,0.0,0.0,0.0,0.0,0.0,0.0,0.0,0.0,1,0.0,1,0,1,1,0,1,1,0.7142857142857143,0.3902220644711387,0.6097973503053566,0,0,0,0.3902220644711387,0.7804441289422774
2021-04,2021-04,S4_MonthEnd,4,2021-04-30 23:59:59,training,training,8.5,8.5,True,True,10.3,2021-02,2021-04-14 00:00:00,,CONSERVATIVE_MONTH_END_PLUS_45D_PROXY,False,2,16,10.3,2021-02,5.7307700000000015,0.04188627875318929,0.05653712490787388,False,,,,,,,7,2021-04-28,0.06601673675142997,0.2857142857142857,0.42857142857142855,0.14285714285714285,0.0,0.5714285714285714,0.0,0.0,0.0,0.0,0.0,0.42857142857142855,0.2857142857142857,0.0,0.0,0.2857142857142857,0.2857142857142857,0.2857142857142857,0.0,0.2857142857142857,0.0,0.0,0.0,0.0,0.0,0.2857142857142857,0.0,0.2857142857142857,,,,,,,,,,,,,,,,,,,,,,,,,,,,,,,2021-04,0.08604466088147297,0.5714285714285714,-0.14285714285714285,0.0,0.7142857142857143,0.42857142857142855,0.7142857142857143,0.2857142857142857,0.0,0.42857142857142855,0.0,0.0,-0.020027924130043007,-0.2857142857142857,0.42857142857142855,0.0,-0.4285714285714286,-0.42857142857142855,-0.7142857142857143,-0.2857142857142857,0.0,-0.14285714285714285,0.0,0.0,0.0,0.06601673675142997,0.0,0.2857142857142857,0.0,0.2857142857142857,0.0,0.0,0.0,0.2857142857142857,0.0,0.0,0.0,0.0,0.0,0.0,0.0,0.0,0.0,0.2857142857142857,0.0,0.0,0.0,0.0,0.2857142857142857,0,0.09942163054587382,1,0,0,1,0,1,1,0.5714285714285714,0.13523231116918055,0.6097973503053566,0,0,0,0.13523231116918055,0.2704646223383611
2021-05,2021-05,S1_Day7,1,2021-05-07 23:59:59,training,training,7.5,7.5,True,True,10.3,2021-02,2021-04-14 00:00:00,,CONSERVATIVE_MONTH_END_PLUS_45D_PROXY,False,3,23,10.3,2021-02,5.7318,-0.006978367062104862,0.017973151949890465,False,,,,,,,6,2021-05-07,0.3908113723757641,2.6666666666666665,0.0,0.5,0.0,0.3333333333333333,2.0,0.0,2.0,1.0,0.3333333333333333,0.0,0.0,0.0,0.0,1.0,2.6666666666666665,0.0,0.0,0.3333333333333333,0.3333333333333333,0.8333333333333334,2.3333333333333335,0.0,0.0,0.42857142857142855,0.0,0.42857142857142855,,,,,,,,,,,,,,,,,,,,,,,,,,,,,,,2021-05,0.06601673675142997,0.2857142857142857,0.2857142857142857,0.0,0.2857142857142857,0.0,0.0,0.0,0.0,0.2857142857142857,0.0,0.0,0.3247946356243341,2.380952380952381,-0.2857142857142857,0.0,2.380952380952381,0.0,0.3333333333333333,2.3333333333333335,0.0,0.14285714285714285,1.0,0.3333333333333333,0.06601673675142997,0.3247946356243341,0.2857142857142857,2.380952380952381,0.2857142857142857,-0.2857142857142857,0.0,0.0,0.2857142857142857,2.380952380952381,0.0,0.0,0.0,0.3333333333333333,0.0,2.3333333333333335,0.0,0.0,0.2857142857142857,0.14285714285714285,0.0,1.0,0.0,0.3333333333333333,2.380952380952381,0,0.5452763837713621,1,0,0,1,0,1,0,0.42857142857142855,0.5653632476273768,0.6097973503053566,0,0,0,0.5653632476273768,1.6960897428821302
2021-05,2021-05,S2_Day14,2,2021-05-14 23:59:59,training,training,7.5,7.5,True,True,10.3,2021-02,2021-04-14 00:00:00,,CONSERVATIVE_MONTH_END_PLUS_45D_PROXY,False,3,30,10.3,2021-02,5.731325,-0.02267969295185468,0.009684562458422974,False,,,,,,,8,2021-05-12,0.4062520609874314,2.75,0.125,0.5,0.0,0.375,2.0,0.0,2.0,1.0,0.25,0.0,0.0,0.0,0.0,0.875,2.0,0.0,0.0,0.25,0.25,0.75,1.75,0.0,0.0,0.42857142857142855,0.0,0.42857142857142855,,,,,,,,,,,,,,,,,,,,,,,,,,,,,,,2021-05,0.06601673675142997,0.2857142857142857,0.2857142857142857,0.0,0.2857142857142857,0.0,0.0,0.0,0.0,0.2857142857142857,0.0,0.0,0.34023532423600145,2.4642857142857144,-0.2857142857142857,0.0,1.7142857142857144,0.0,0.25,1.75,0.0,0.14285714285714285,1.0,0.25,0.3908113723757641,0.015440688611667308,2.6666666666666665,0.08333333333333348,0.0,0.0,0.0,0.0,2.6666666666666665,-0.6666666666666665,0.0,0.0,0.3333333333333333,-0.08333333333333331,2.3333333333333335,-0.5833333333333335,0.0,0.0,0.42857142857142855,0.0,1.0,0.0,0.3333333333333333,-0.08333333333333331,-2.2976190476190474,0,0.5259178922960046,1,0,0,1,0,1,0,0.42857142857142855,0.5677238138769137,0.6097973503053566,0,0,0,0.5677238138769137,1.703171441630741
2021-05,2021-05,S3_Day21,3,2021-05-21 23:59:59,training,training,7.5,7.5,True,True,10.3,2021-03,2021-05-15 00:00:00,,CONSERVATIVE_MONTH_END_PLUS_45D_PROXY,False,2,6,10.3,2021-03,5.731161538461539,-0.008722958827644955,0.006832213848007029,False,,,,,,,11,2021-05-19,0.2551804901376904,1.6363636363636365,0.2727272727272727,0.45454545454545453,0.09090909090909091,0.36363636363636365,2.0,0.0,2.0,1.0,0.18181818181818182,0.0,0.0,0.0,0.0,0.7272727272727273,1.6363636363636365,0.09090909090909091,-0.5454545454545454,0.2727272727272727,-0.36363636363636365,0.5454545454545454,1.2727272727272727,0.0,0.0,0.2857142857142857,0.2857142857142857,0.0,,,,,,,,,,,,,,,,,,,,,,,,,,,,,,,2021-05,0.06601673675142997,0.2857142857142857,0.2857142857142857,0.0,0.2857142857142857,0.0,0.0,0.0,0.0,0.2857142857142857,0.0,0.0,0.18916375338626043,1.3506493506493507,-0.2857142857142857,0.0,1.3506493506493507,-0.5454545454545454,-0.36363636363636365,1.2727272727272727,0.0,-0.2857142857142857,1.0,0.18181818181818182,0.4062520609874314,-0.151071570849741,2.75,-1.1136363636363635,0.0,0.0,0.0,0.0,2.0,-0.36363636363636354,0.0,-0.5454545454545454,0.25,-0.6136363636363636,1.75,-0.4772727272727273,0.0,0.0,0.42857142857142855,-0.42857142857142855,1.0,0.0,0.25,-0.06818181818181818,-1.196969696969697,0,0.4095774272785802,1,0,0,1,0,1,1,0.5714285714285714,0.44869828175539667,0.6097973503053566,0,0,0,0.44869828175539667,0.8973965635107933
2021-05,2021-05,S4_MonthEnd,4,2021-05-31 23:59:59,training,training,7.5,7.5,True,True,10.3,2021-03,2021-05-15 00:00:00,,CONSERVATIVE_MONTH_END_PLUS_45D_PROXY,False,2,16,10.3,2021-03,5.733315789473685,0.26692254012561367,0.04442316606116936,False,,,,,,,18,2021-05-31,0.029698429275825087,0.2222222222222222,0.3888888888888889,0.3333333333333333,0.2777777777777778,0.5,3.0,0.0,3.0,1.0,0.16666666666666666,0.16666666666666666,-0.7777777777777778,0.0,0.0,0.6666666666666666,0.7777777777777778,0.2222222222222222,-1.1111111111111112,0.2222222222222222,-0.1111111111111111,0.4444444444444444,0.1111111111111111,0.05555555555555555,0.0,0.2857142857142857,0.42857142857142855,-0.14285714285714285,,,,,,,,,,,,,,,,,,,,,,,,,,,,,,,2021-05,0.06601673675142997,0.2857142857142857,0.2857142857142857,0.0,0.2857142857142857,0.0,0.0,0.0,0.0,0.2857142857142857,0.0,0.0,-0.03631830747560488,-0.06349206349206349,-1.0634920634920635,0.0,0.4920634920634921,-1.1111111111111112,-0.1111111111111111,0.1111111111111111,0.0,-0.42857142857142855,1.0,0.16666666666666666,0.2551804901376904,-0.2254820608618653,1.6363636363636365,-1.4141414141414144,0.0,-0.7777777777777778,0.0,0.0,1.6363636363636365,-0.8585858585858587,-0.5454545454545454,-0.5656565656565657,-0.36363636363636365,0.25252525252525254,1.2727272727272727,-1.1616161616161615,0.0,0.0,0.0,-0.14285714285714285,1.0,0.0,0.18181818181818182,-0.015151515151515166,-0.30050505050505083,0,0.06861653088517222,1,0,0,1,0,1,1,0.5714285714285714,0.19538193467670378,0.6097973503053566,0,0,0,0.19538193467670378,0.39076386935340757
2021-06,2021-06,S1_Day7,1,2021-06-07 23:59:59,training,training,7.8,7.8,True,True,10.3,2021-03,2021-05-15 00:00:00,,CONSERVATIVE_MONTH_END_PLUS_45D_PROXY,False,3,23,10.3,2021-03,5.747719999999999,0.05219933184854586,0.2512369988892038,False,,,,,,,1,2021-06-03,0.9866142981514303,10.0,0.0,1.0,0.0,0.0,1.0,0.0,1.0,1.0,1.0,0.0,0.0,0.0,0.0,1.0,10.0,0.0,0.0,0.0,0.0,0.0,0.0,0.0,0.0,0.14285714285714285,0.0,0.14285714285714285,,,,,,,,,,,,,,,,,,,,,,,,,,,,,,,2021-06,0.029698429275825087,0.2222222222222222,-0.7777777777777778,0.0,0.7777777777777778,-1.1111111111111112,-0.1111111111111111,0.1111111111111111,0.0,-0.14285714285714285,1.0,0.16666666666666666,0.9569158688756052,9.777777777777779,0.7777777777777778,0.0,9.222222222222221,1.1111111111111112,0.1111111111111111,-0.1111111111111111,0.0,0.2857142857142857,0.0,0.8333333333333334,0.029698429275825087,0.9569158688756052,0.2222222222222222,9.777777777777779,-0.7777777777777778,0.7777777777777778,0.0,0.0,0.7777777777777778,9.222222222222221,-1.1111111111111112,1.1111111111111112,-0.1111111111111111,0.1111111111111111,0.1111111111111111,-0.1111111111111111,0.0,0.0,-0.14285714285714285,0.2857142857142857,1.0,0.0,0.16666666666666666,0.8333333333333334,9.777777777777779,0,0.5071019990610249,1,0,0,1,0,1,1,0.5714285714285714,0.6713718769920761,0.6097973503053566,1,1,0,0.6713718769920761,2.0141156309762285
2021-06,2021-06,S2_Day14,2,2021-06-14 23:59:59,training,training,7.8,7.8,True,True,8.5,2021-04,2021-06-14 00:00:00,,CONSERVATIVE_MONTH_END_PLUS_45D_PROXY,False,2,0,8.5,2021-04,5.74956,0.07307906458797753,0.28333012034920113,False,,,,,,,4,2021-06-09,0.24665357453785758,2.5,0.5,0.25,0.0,0.0,1.0,0.0,1.0,1.0,0.25,0.0,0.0,0.0,0.0,0.5,2.5,0.0,0.0,0.0,0.0,0.25,0.0,0.0,0.0,0.14285714285714285,0.0,0.14285714285714285,,,,,,,,,,,,,,,,,,,,,,,,,,,,,,,2021-06,0.029698429275825087,0.2222222222222222,-0.7777777777777778,0.0,0.7777777777777778,-1.1111111111111112,-0.1111111111111111,0.1111111111111111,0.0,-0.14285714285714285,1.0,0.16666666666666666,0.2169551452620325,2.2777777777777777,0.7777777777777778,0.0,1.7222222222222223,1.1111111111111112,0.1111111111111111,-0.1111111111111111,0.0,0.2857142857142857,0.0,0.08333333333333334,0.9866142981514303,-0.7399607236135728,10.0,-7.5,0.0,0.0,0.0,0.0,10.0,-7.5,0.0,0.0,0.0,0.0,0.0,0.0,0.0,0.0,0.14285714285714285,0.0,1.0,0.0,1.0,-0.75,-17.27777777777778,0,0.4388704951237379,1,0,0,1,0,1,1,0.5714285714285714,0.6063424258553864,0.6097973503053566,0,0,0,0.6063424258553864,1.212684851710773
2021-06,2021-06,S3_Day21,3,2021-06-21 23:59:59,training,training,7.8,7.8,True,True,8.5,2021-04,2021-06-14 00:00:00,,CONSERVATIVE_MONTH_END_PLUS_45D_PROXY,False,2,7,8.5,2021-04,5.750153333333333,0.07829899777280769,0.2936789892257652,False,,,,,,,5,2021-06-16,0.19732285963028606,2.0,0.6,0.2,0.0,0.0,1.0,0.0,1.0,1.0,0.2,0.0,0.0,0.0,0.0,0.4,2.0,0.0,0.0,0.0,0.0,0.2,0.0,0.0,0.0,0.14285714285714285,0.0,0.14285714285714285,,,,,,,,,,,,,,,,,,,,,,,,,,,,,,,2021-06,0.029698429275825087,0.2222222222222222,-0.7777777777777778,0.0,0.7777777777777778,-1.1111111111111112,-0.1111111111111111,0.1111111111111111,0.0,-0.14285714285714285,1.0,0.16666666666666666,0.16762443035446098,1.7777777777777777,0.7777777777777778,0.0,1.2222222222222223,1.1111111111111112,0.1111111111111111,-0.1111111111111111,0.0,0.2857142857142857,0.0,0.033333333333333354,0.24665357453785758,-0.049330714907571516,2.5,-0.5,0.0,0.0,0.0,0.0,2.5,-0.5,0.0,0.0,0.0,0.0,0.0,0.0,0.0,0.0,0.14285714285714285,0.0,1.0,0.0,0.25,-0.04999999999999999,7.0,0,0.3998602273229513,1,0,0,1,0,1,1,0.5714285714285714,0.5699508307441371,0.6097973503053566,0,0,0,0.5699508307441371,1.1399016614882742
2021-06,2021-06,S4_MonthEnd,4,2021-06-30 23:59:59,training,training,7.8,7.8,True,True,8.5,2021-04,2021-06-14 00:00:00,,CONSERVATIVE_MONTH_END_PLUS_45D_PROXY,False,2,16,8.5,2021-04,5.752354545454545,0.2679565701559028,0.3320723413807958,False,,,,,,,7,2021-06-25,0.12118337713678755,0.7142857142857143,0.5714285714285714,0.2857142857142857,0.14285714285714285,0.0,2.0,0.0,2.0,1.0,0.2857142857142857,0.0,0.0,0.0,0.0,0.42857142857142855,2.142857142857143,0.14285714285714285,-1.4285714285714286,0.0,0.0,0.2857142857142857,0.7142857142857143,0.0,0.0,0.2857142857142857,0.14285714285714285,0.14285714285714285,,,,,,,,,,,,,,,,,,,,,,,,,,,,,,,2021-06,0.029698429275825087,0.2222222222222222,-0.7777777777777778,0.0,0.7777777777777778,-1.1111111111111112,-0.1111111111111111,0.1111111111111111,0.0,-0.14285714285714285,1.0,0.16666666666666666,0.09148494786096247,0.4920634920634921,0.7777777777777778,0.0,1.3650793650793651,-0.31746031746031744,0.1111111111111111,0.6031746031746033,0.0,0.2857142857142857,0.0,0.11904761904761904,0.19732285963028606,-0.07613948249349851,2.0,-1.2857142857142856,0.0,0.0,0.0,0.0,2.0,0.1428571428571428,0.0,-1.4285714285714286,0.0,0.0,0.0,0.7142857142857143,0.0,0.0,0.14285714285714285,0.0,1.0,0.0,0.2,0.08571428571428569,-0.7857142857142856,0,0.29035544827326115,1,0,0,0,0,1,0,0.2857142857142857,0.2833449446607132,0.6097973503053566,0,0,0,0.2833449446607132,0.5666898893214264
2021-07,2021-07,S1_Day7,1,2021-07-07 23:59:59,training,training,9.0,9.0,True,True,8.5,2021-04,2021-06-14 00:00:00,,CONSERVATIVE_MONTH_END_PLUS_45D_PROXY,False,3,23,8.5,2021-04,5.76406,0.03296836771875533,0.20348979627315966,False,,,,,,,0,,0.0,0.0,0.0,0.0,0.0,0.0,0.0,0.0,0.0,0.0,0.0,0.0,0.0,0.0,0.0,0.0,0.0,0.0,0.0,0.0,0.0,0.0,0.0,0.0,0.0,0.0,0.0,0.0,,,,,,,,,,,,,,,,,,,,,,,,,,,,,,,2021-07,0.12118337713678755,0.7142857142857143,0.0,0.0,2.142857142857143,-1.4285714285714286,0.0,0.7142857142857143,0.0,0.14285714285714285,1.0,0.2857142857142857,-0.12118337713678755,-0.7142857142857143,0.0,0.0,-2.142857142857143,1.4285714285714286,0.0,-0.7142857142857143,0.0,-0.14285714285714285,-1.0,-0.2857142857142857,0.12118337713678755,-0.12118337713678755,0.7142857142857143,-0.7142857142857143,0.0,0.0,0.0,0.0,2.142857142857143,-2.142857142857143,-1.4285714285714286,1.4285714285714286,0.0,0.0,0.7142857142857143,-0.7142857142857143,0.0,0.0,0.14285714285714285,-0.14285714285714285,1.0,-1.0,0.2857142857142857,-0.2857142857142857,-0.7142857142857143,1,0.0,0,0,1,1,0,0,1,0.42857142857142855,0.42134745348272995,0.6097973503053566,0,0,0,0.42134745348272995,1.2640423604481899
2021-07,2021-07,S2_Day14,2,2021-07-14 23:59:59,training,training,9.0,9.0,True,True,8.5,2021-04,2021-06-14 00:00:00,,CONSERVATIVE_MONTH_END_PLUS_45D_PROXY,False,3,30,8.5,2021-04,5.77105,0.3105967274557031,0.32500525476524267,False,,,,,,,2,2021-07-09,0.0,0.0,0.0,0.0,0.0,0.5,0.0,0.0,0.0,0.0,0.0,0.0,0.0,0.5,0.0,0.0,0.0,0.0,0.0,0.5,0.0,0.5,0.0,0.0,0.0,0.0,0.0,0.0,,,,,,,,,,,,,,,,,,,,,,,,,,,,,,,2021-07,0.12118337713678755,0.7142857142857143,0.0,0.0,2.142857142857143,-1.4285714285714286,0.0,0.7142857142857143,0.0,0.14285714285714285,1.0,0.2857142857142857,-0.12118337713678755,-0.7142857142857143,0.0,0.0,-2.142857142857143,1.4285714285714286,0.0,-0.7142857142857143,0.0,-0.14285714285714285,-1.0,-0.2857142857142857,0.0,0.0,0.0,0.0,0.0,0.0,0.0,0.0,0.0,0.0,0.0,0.0,0.0,0.0,0.0,0.0,0.0,0.0,0.0,0.0,0.0,0.0,0.0,0.0,0.7142857142857143,1,0.0,0,0,1,1,0,0,1,0.42857142857142855,0.42134745348272995,0.6097973503053566,0,0,0,0.42134745348272995,1.2640423604481899
2021-07,2021-07,S3_Day21,3,2021-07-21 23:59:59,training,training,9.0,9.0,True,True,7.5,2021-05,2021-07-15 00:00:00,,CONSERVATIVE_MONTH_END_PLUS_45D_PROXY,False,2,6,7.5,2021-05,5.777271428571427,0.5795492009508907,0.43315972476993814,False,,,,,,,6,2021-07-21,-0.0738385160641428,-0.6666666666666666,0.5,0.16666666666666666,0.16666666666666666,0.5,0.0,0.0,0.0,0.0,0.0,0.16666666666666666,-1.0,0.16666666666666666,0.0,0.16666666666666666,0.0,0.16666666666666666,-1.0,0.5,0.3333333333333333,0.16666666666666666,0.0,0.0,0.0,0.14285714285714285,0.2857142857142857,-0.14285714285714285,,,,,,,,,,,,,,,,,,,,,,,,,,,,,,,2021-07,0.12118337713678755,0.7142857142857143,0.0,0.0,2.142857142857143,-1.4285714285714286,0.0,0.7142857142857143,0.0,0.14285714285714285,1.0,0.2857142857142857,-0.19502189320093033,-1.380952380952381,-1.0,0.0,-2.142857142857143,0.4285714285714286,0.3333333333333333,-0.7142857142857143,0.0,-0.2857142857142857,-1.0,-0.2857142857142857,0.0,-0.0738385160641428,0.0,-0.6666666666666666,0.0,-1.0,0.0,0.0,0.0,0.0,0.0,-1.0,0.0,0.3333333333333333,0.0,0.0,0.0,0.0,0.0,-0.14285714285714285,0.0,0.0,0.0,0.0,-0.6666666666666666,1,-0.1889898888679306,1,0,1,1,0,1,0,0.5714285714285714,0.5290562213329614,0.6097973503053566,0,0,0,0.5290562213329614,1.0581124426659227
2021-07,2021-07,S4_MonthEnd,4,2021-07-31 23:59:59,training,training,9.0,9.0,True,True,7.5,2021-05,2021-07-15 00:00:00,,CONSERVATIVE_MONTH_END_PLUS_45D_PROXY,False,2,16,7.5,2021-05,5.784823809523809,0.6593673543752621,0.564451718208514,False,,,,,,,8,2021-07-30,-0.055378887048107096,-0.5,0.625,0.125,0.125,0.5,0.0,0.0,0.0,0.0,0.0,0.125,-0.75,0.125,0.0,0.125,0.0,0.25,-0.75,0.625,0.25,0.125,0.0,0.0,0.0,0.14285714285714285,0.2857142857142857,-0.14285714285714285,,,,,,,,,,,,,,,,,,,,,,,,,,,,,,,2021-07,0.12118337713678755,0.7142857142857143,0.0,0.0,2.142857142857143,-1.4285714285714286,0.0,0.7142857142857143,0.0,0.14285714285714285,1.0,0.2857142857142857,-0.17656226418489465,-1.2142857142857144,-0.75,0.0,-2.142857142857143,0.6785714285714286,0.25,-0.7142857142857143,0.0,-0.2857142857142857,-1.0,-0.2857142857142857,-0.0738385160641428,0.0184596290160357,-0.6666666666666666,0.16666666666666663,-1.0,0.25,0.0,0.0,0.0,0.0,-1.0,0.25,0.3333333333333333,-0.08333333333333331,0.0,0.0,0.0,0.0,-0.14285714285714285,0.0,0.0,0.0,0.0,0.0,0.8333333333333333,1,-0.14661799873677323,1,0,1,1,0,1,0,0.5714285714285714,0.5202858213767828,0.6097973503053566,0,0,0,0.5202858213767828,1.0405716427535656
2021-08,2021-08,S1_Day7,1,2021-08-07 23:59:59,training,training,9.7,9.7,True,True,7.5,2021-05,2021-07-15 00:00:00,,CONSERVATIVE_MONTH_END_PLUS_45D_PROXY,False,3,23,7.5,2021-05,5.80685,0.3136795298253947,0.3807581907668167,False,,,,,,,2,2021-08-05,-0.23105857863000487,-1.0,0.0,0.0,0.5,0.5,0.0,0.0,0.0,0.0,0.0,0.5,-1.0,0.0,0.0,0.5,0.0,0.0,0.0,0.0,0.0,0.0,0.0,0.5,0.0,0.0,0.14285714285714285,-0.14285714285714285,,,,,,,,,,,,,,,,,,,,,,,,,,,,,,,2021-08,-0.055378887048107096,-0.5,-0.75,0.0,0.0,-0.75,0.25,0.0,0.0,-0.14285714285714285,0.0,0.0,-0.17567969158189778,-0.5,-0.25,0.0,0.0,0.75,-0.25,0.0,0.0,0.0,0.0,0.0,-0.055378887048107096,-0.17567969158189778,-0.5,-0.5,-0.75,-0.25,0.0,0.0,0.0,0.0,-0.75,0.75,0.25,-0.25,0.0,0.0,0.0,0.0,-0.14285714285714285,0.0,0.0,0.0,0.0,0.0,-0.5,0,-0.23820143577286199,0,0,0,0,0,1,1,0.2857142857142857,0.15103075977328315,0.6097973503053566,0,0,0,0.15103075977328315,0.4530922793198494
2021-08,2021-08,S2_Day14,2,2021-08-14 23:59:59,training,training,9.7,9.7,True,True,7.8,2021-06,2021-08-14 00:00:00,,CONSERVATIVE_MONTH_END_PLUS_45D_PROXY,False,2,0,7.8,2021-06,5.814699999999999,0.34470278002791677,0.5164580886111603,False,,,,,,,4,2021-08-11,-0.3418163527262191,-2.0,0.5,0.0,0.5,0.25,0.0,0.0,0.0,0.0,0.0,0.25,-0.5,0.0,0.0,0.25,0.0,0.0,0.0,0.0,0.0,0.0,0.0,0.25,0.0,0.0,0.14285714285714285,-0.14285714285714285,,,,,,,,,,,,,,,,,,,,,,,,,,,,,,,2021-08,-0.055378887048107096,-0.5,-0.75,0.0,0.0,-0.75,0.25,0.0,0.0,-0.14285714285714285,0.0,0.0,-0.28643746567811196,-1.5,0.25,0.0,0.0,0.75,-0.25,0.0,0.0,0.0,0.0,0.0,-0.23105857863000487,-0.1107577740962142,-1.0,-1.0,-1.0,0.5,0.0,0.0,0.0,0.0,0.0,0.0,0.0,0.0,0.0,0.0,0.0,0.0,-0.14285714285714285,0.0,0.0,0.0,0.0,0.0,-0.5,0,-0.3104386110879312,0,0,0,0,0,1,1,0.2857142857142857,0.2876113612675355,0.6097973503053566,0,0,0,0.2876113612675355,0.575222722535071
2021-08,2021-08,S3_Day21,3,2021-08-21 23:59:59,training,training,9.7,9.7,True,True,7.8,2021-06,2021-08-14 00:00:00,,CONSERVATIVE_MONTH_END_PLUS_45D_PROXY,False,2,7,7.8,2021-06,5.819164285714286,0.5429068785439695,0.5936304599967412,False,,,,,,,7,2021-08-20,-0.12930689337783807,-0.8571428571428571,0.5714285714285714,0.14285714285714285,0.2857142857142857,0.42857142857142855,0.0,0.0,0.0,0.0,0.0,0.2857142857142857,0.0,0.0,0.0,0.14285714285714285,0.0,0.0,0.0,0.0,0.0,0.0,0.0,0.14285714285714285,0.0,0.0,0.0,0.0,,,,,,,,,,,,,,,,,,,,,,,,,,,,,,,2021-08,-0.055378887048107096,-0.5,-0.75,0.0,0.0,-0.75,0.25,0.0,0.0,-0.14285714285714285,0.0,0.0,-0.07392800632973098,-0.3571428571428571,0.75,0.0,0.0,0.75,-0.25,0.0,0.0,0.14285714285714285,0.0,0.0,-0.3418163527262191,0.212509459348381,-2.0,1.1428571428571428,-0.5,0.5,0.0,0.0,0.0,0.0,0.0,0.0,0.0,0.0,0.0,0.0,0.0,0.0,-0.14285714285714285,0.14285714285714285,0.0,0.0,0.0,0.0,2.142857142857143,0,-0.14144435891525067,1,0,0,0,0,1,1,0.42857142857142855,0.230343861864223,0.6097973503053566,0,0,0,0.230343861864223,0.460687723728446
2021-08,2021-08,S4_MonthEnd,4,2021-08-31 23:59:59,training,training,9.7,9.7,True,True,7.8,2021-06,2021-08-14 00:00:00,,CONSERVATIVE_MONTH_END_PLUS_45D_PROXY,False,2,17,7.8,2021-06,5.826409523809524,0.8548628944692327,0.7188760739307298,False,,,,,,,11,2021-08-26,-0.08228620487680605,-0.5454545454545454,0.6363636363636364,0.09090909090909091,0.18181818181818182,0.45454545454545453,0.0,0.0,0.0,0.0,0.0,0.18181818181818182,0.0,0.0,0.0,0.18181818181818182,0.0,0.18181818181818182,0.0,0.0,0.0,0.0,0.0,0.18181818181818182,0.0,0.0,0.0,0.0,,,,,,,,,,,,,,,,,,,,,,,,,,,,,,,2021-08,-0.055378887048107096,-0.5,-0.75,0.0,0.0,-0.75,0.25,0.0,0.0,-0.14285714285714285,0.0,0.0,-0.02690731782869895,-0.045454545454545414,0.75,0.0,0.0,0.75,-0.25,0.0,0.0,0.14285714285714285,0.0,0.0,-0.12930689337783807,0.047020688501032026,-0.8571428571428571,0.3116883116883117,0.0,0.0,0.0,0.0,0.0,0.0,0.0,0.0,0.0,0.0,0.0,0.0,0.0,0.0,0.0,0.0,0.0,0.0,0.0,0.0,-0.8311688311688311,0,-0.09315625847838276,1,0,0,0,0,1,1,0.42857142857142855,0.11693378104088357,0.6097973503053566,0,0,0,0.11693378104088357,0.23386756208176715
2021-09,2021-09,S1_Day7,1,2021-09-07 23:59:59,training,training,10.6,10.6,True,True,7.8,2021-06,2021-08-14 00:00:00,,CONSERVATIVE_MONTH_END_PLUS_45D_PROXY,False,3,24,7.8,2021-06,5.854360000000001,0.0888706590101096,0.47972041917510033,False,,,,,,,2,2021-09-02,0.0,0.0,0.0,0.0,0.0,0.0,0.0,0.0,0.0,0.0,0.0,0.0,0.0,0.0,0.0,1.0,0.0,0.0,0.0,0.0,0.0,0.0,0.0,1.0,0.0,0.0,0.0,0.0,,,,,,,,,,,,,,,,,,,,,,,,,,,,,,,2021-09,-0.08228620487680605,-0.5454545454545454,0.0,0.0,0.0,0.0,0.0,0.0,0.0,0.0,0.0,0.0,0.08228620487680605,0.5454545454545454,0.0,0.0,0.0,0.0,0.0,0.0,0.0,0.0,0.0,0.0,-0.08228620487680605,0.08228620487680605,-0.5454545454545454,0.5454545454545454,0.0,0.0,0.0,0.0,0.0,0.0,0.0,0.0,0.0,0.0,0.0,0.0,0.0,0.0,0.0,0.0,0.0,0.0,0.0,0.0,0.5454545454545454,1,0.0,0,0,0,0,0,0,0,0.0,0.33308036925483253,0.6097973503053566,0,0,0,0.33308036925483253,0.9992411077644976
2021-09,2021-09,S2_Day14,2,2021-09-14 23:59:59,training,training,10.6,10.6,True,True,9.0,2021-07,2021-09-14 00:00:00,,CONSERVATIVE_MONTH_END_PLUS_45D_PROXY,False,2,0,9.0,2021-07,5.8553,0.09399781241454797,0.4958538542890967,False,,,,,,,3,2021-09-10,0.0,0.0,0.3333333333333333,0.0,0.0,0.0,0.0,0.0,0.0,0.0,0.0,0.0,0.0,0.0,0.0,0.6666666666666666,0.0,0.0,0.0,0.0,0.0,0.0,0.0,0.6666666666666666,0.0,0.0,0.0,0.0,,,,,,,,,,,,,,,,,,,,,,,,,,,,,,,2021-09,-0.08228620487680605,-0.5454545454545454,0.0,0.0,0.0,0.0,0.0,0.0,0.0,0.0,0.0,0.0,0.08228620487680605,0.5454545454545454,0.0,0.0,0.0,0.0,0.0,0.0,0.0,0.0,0.0,0.0,0.0,0.0,0.0,0.0,0.0,0.0,0.0,0.0,0.0,0.0,0.0,0.0,0.0,0.0,0.0,0.0,0.0,0.0,0.0,0.0,0.0,0.0,0.0,0.0,-0.5454545454545454,1,0.0,0,0,0,0,0,0,0,0.0,0.33308036925483253,0.6097973503053566,0,0,0,0.33308036925483253,0.6661607385096651
2021-09,2021-09,S3_Day21,3,2021-09-21 23:59:59,training,training,10.6,10.6,True,True,9.0,2021-07,2021-09-14 00:00:00,,CONSERVATIVE_MONTH_END_PLUS_45D_PROXY,False,2,7,9.0,2021-07,5.856685714285715,0.20166803390757604,0.519637185688171,False,,,,,,,4,2021-09-20,0.0,0.0,0.5,0.0,0.0,0.25,0.0,0.0,0.0,0.0,0.0,0.0,0.0,0.0,0.0,0.5,0.0,0.25,0.0,0.0,0.0,0.0,0.0,0.5,0.0,0.0,0.0,0.0,,,,,,,,,,,,,,,,,,,,,,,,,,,,,,,2021-09,-0.08228620487680605,-0.5454545454545454,0.0,0.0,0.0,0.0,0.0,0.0,0.0,0.0,0.0,0.0,0.08228620487680605,0.5454545454545454,0.0,0.0,0.0,0.0,0.0,0.0,0.0,0.0,0.0,0.0,0.0,0.0,0.0,0.0,0.0,0.0,0.0,0.0,0.0,0.0,0.0,0.0,0.0,0.0,0.0,0.0,0.0,0.0,0.0,0.0,0.0,0.0,0.0,0.0,0.0,1,0.0,0,0,0,0,0,0,0,0.0,0.2931562584783828,0.6097973503053566,0,0,0,0.2931562584783828,0.5863125169567656
2021-09,2021-09,S4_MonthEnd,4,2021-09-30 23:59:59,training,training,10.6,10.6,True,True,9.0,2021-07,2021-09-14 00:00:00,,CONSERVATIVE_MONTH_END_PLUS_45D_PROXY,False,2,16,9.0,2021-07,5.859247619047619,0.25806672135628705,0.5636077433950337,False,,,,,,,13,2021-09-30,0.237120890678372,1.1538461538461537,0.5384615384615384,0.38461538461538464,0.0,0.6153846153846154,0.0,0.0,0.0,0.0,0.0,0.23076923076923078,0.6153846153846154,0.07692307692307693,0.0,0.23076923076923078,0.0,0.5384615384615384,0.8461538461538461,0.07692307692307693,0.0,0.0,0.0,0.15384615384615385,0.0,0.2857142857142857,0.0,0.2857142857142857,,,,,,,,,,,,,,,,,,,,,,,,,,,,,,,2021-09,-0.08228620487680605,-0.5454545454545454,0.0,0.0,0.0,0.0,0.0,0.0,0.0,0.0,0.0,0.0,0.31940709555517804,1.6993006993006992,0.6153846153846154,0.0,0.0,0.8461538461538461,0.0,0.0,0.0,0.2857142857142857,0.0,0.0,0.0,0.237120890678372,0.0,1.1538461538461537,0.0,0.6153846153846154,0.0,0.0,0.0,0.0,0.0,0.8461538461538461,0.0,0.0,0.0,0.0,0.0,0.0,0.0,0.2857142857142857,0.0,0.0,0.0,0.0,1.1538461538461537,1,0.2411850636905358,1,0,0,0,0,0,1,0.2857142857142857,0.5627313283553612,0.6097973503053566,0,0,0,0.5627313283553612,1.1254626567107224
2021-10,2021-10,S1_Day7,1,2021-10-07 23:59:59,training,training,11.0,11.0,True,True,9.0,2021-07,2021-09-14 00:00:00,,CONSERVATIVE_MONTH_END_PLUS_45D_PROXY,False,3,23,9.0,2021-07,5.867299999999999,0.025569779929424108,0.13743028927815093,False,,,,,,,0,,0.0,0.0,0.0,0.0,0.0,0.0,0.0,0.0,0.0,0.0,0.0,0.0,0.0,0.0,0.0,0.0,0.0,0.0,0.0,0.0,0.0,0.0,0.0,0.0,0.0,0.0,0.0,0.0,,,,,,,,,,,,,,,,,,,,,,,,,,,,,,,2021-10,0.237120890678372,1.1538461538461537,0.6153846153846154,0.0,0.0,0.8461538461538461,0.0,0.0,0.0,0.2857142857142857,0.0,0.0,-0.237120890678372,-1.1538461538461537,-0.6153846153846154,0.0,0.0,-0.8461538461538461,0.0,0.0,0.0,-0.2857142857142857,0.0,0.0,0.237120890678372,-0.237120890678372,1.1538461538461537,-1.1538461538461537,0.6153846153846154,-0.6153846153846154,0.0,0.0,0.0,0.0,0.8461538461538461,-0.8461538461538461,0.0,0.0,0.0,0.0,0.0,0.0,0.2857142857142857,-0.2857142857142857,0.0,0.0,0.0,0.0,-1.1538461538461537,1,0.0,1,0,0,0,0,0,1,0.2857142857142857,0.5030698741545566,0.6097973503053566,0,0,0,0.5030698741545566,1.5092096224636697
2021-10,2021-10,S2_Day14,2,2021-10-14 23:59:59,training,training,11.0,11.0,True,True,9.0,2021-07,2021-09-14 00:00:00,,CONSERVATIVE_MONTH_END_PLUS_45D_PROXY,False,3,30,9.0,2021-07,5.870430000000001,0.23694662734603522,0.19085011727493217,False,,,,,,,0,,0.0,0.0,0.0,0.0,0.0,0.0,0.0,0.0,0.0,0.0,0.0,0.0,0.0,0.0,0.0,0.0,0.0,0.0,0.0,0.0,0.0,0.0,0.0,0.0,0.0,0.0,0.0,0.0,,,,,,,,,,,,,,,,,,,,,,,,,,,,,,,2021-10,0.237120890678372,1.1538461538461537,0.6153846153846154,0.0,0.0,0.8461538461538461,0.0,0.0,0.0,0.2857142857142857,0.0,0.0,-0.237120890678372,-1.1538461538461537,-0.6153846153846154,0.0,0.0,-0.8461538461538461,0.0,0.0,0.0,-0.2857142857142857,0.0,0.0,0.0,0.0,0.0,0.0,0.0,0.0,0.0,0.0,0.0,0.0,0.0,0.0,0.0,0.0,0.0,0.0,0.0,0.0,0.0,0.0,0.0,0.0,0.0,0.0,1.1538461538461537,1,0.0,1,0,0,0,0,0,1,0.2857142857142857,0.5030698741545566,0.6097973503053566,0,0,0,0.5030698741545566,1.5092096224636697
2021-10,2021-10,S3_Day21,3,2021-10-21 23:59:59,training,training,11.0,11.0,True,True,9.7,2021-08,2021-10-15 00:00:00,,CONSERVATIVE_MONTH_END_PLUS_45D_PROXY,False,2,6,9.7,2021-08,5.874653333333333,0.31365596713430755,0.2629299064888846,False,,,,,,,2,2021-10-19,0.0,0.0,0.0,0.0,0.0,0.0,0.0,0.0,0.0,0.0,0.0,0.0,0.0,0.0,0.0,1.0,0.0,0.0,0.0,0.5,0.0,0.5,0.0,0.0,0.0,0.0,0.0,0.0,,,,,,,,,,,,,,,,,,,,,,,,,,,,,,,2021-10,0.237120890678372,1.1538461538461537,0.6153846153846154,0.0,0.0,0.8461538461538461,0.0,0.0,0.0,0.2857142857142857,0.0,0.0,-0.237120890678372,-1.1538461538461537,-0.6153846153846154,0.0,0.0,-0.8461538461538461,0.0,0.0,0.0,-0.2857142857142857,0.0,0.0,0.0,0.0,0.0,0.0,0.0,0.0,0.0,0.0,0.0,0.0,0.0,0.0,0.0,0.0,0.0,0.0,0.0,0.0,0.0,0.0,0.0,0.0,0.0,0.0,0.0,1,0.0,1,0,0,0,0,0,1,0.2857142857142857,0.42500605476533254,0.6097973503053566,0,0,0,0.42500605476533254,0.8500121095306651
2021-10,2021-10,S4_MonthEnd,4,2021-10-31 23:59:59,training,training,11.0,11.0,True,True,9.7,2021-08,2021-10-15 00:00:00,,CONSERVATIVE_MONTH_END_PLUS_45D_PROXY,False,2,16,9.7,2021-08,5.8817095238095245,0.5898095903721368,0.3833581753548865,False,,,,,,,4,2021-10-27,0.0,0.0,0.25,0.0,0.0,0.25,0.0,0.0,0.0,0.0,0.0,0.25,0.0,0.0,0.0,0.75,0.0,0.0,0.0,0.25,0.0,0.5,0.0,0.0,0.0,0.0,0.0,0.0,,,,,,,,,,,,,,,,,,,,,,,,,,,,,,,2021-10,0.237120890678372,1.1538461538461537,0.6153846153846154,0.0,0.0,0.8461538461538461,0.0,0.0,0.0,0.2857142857142857,0.0,0.0,-0.237120890678372,-1.1538461538461537,-0.6153846153846154,0.0,0.0,-0.8461538461538461,0.0,0.0,0.0,-0.2857142857142857,0.0,0.0,0.0,0.0,0.0,0.0,0.0,0.0,0.0,0.0,0.0,0.0,0.0,0.0,0.0,0.0,0.0,0.0,0.0,0.0,0.0,0.0,0.0,0.0,0.0,0.0,0.0,1,0.0,1,0,0,0,0,0,1,0.2857142857142857,0.42500605476533254,0.6097973503053566,0,0,0,0.42500605476533254,0.8500121095306651
2021-11,2021-11,S1_Day7,1,2021-11-07 23:59:59,training,training,12.3,12.3,True,True,9.7,2021-08,2021-10-15 00:00:00,,CONSERVATIVE_MONTH_END_PLUS_45D_PROXY,False,3,23,9.7,2021-08,5.901299999999999,0.010167940483651883,0.3330745272470681,False,,,,,,,2,2021-11-05,0.48201379003790845,4.0,0.0,0.5,0.0,0.5,0.0,0.0,0.0,0.0,0.0,0.0,0.0,0.0,0.0,1.0,4.0,0.0,0.0,0.0,0.0,0.0,0.0,0.0,0.0,0.14285714285714285,0.0,0.14285714285714285,,,,,,,,,,,,,,,,,,,,,,,,,,,,,,,2021-11,0.0,0.0,0.0,0.0,0.0,0.0,0.0,0.0,0.0,0.0,0.0,0.0,0.48201379003790845,4.0,0.0,0.0,4.0,0.0,0.0,0.0,0.0,0.14285714285714285,0.0,0.0,0.0,0.48201379003790845,0.0,4.0,0.0,0.0,0.0,0.0,0.0,4.0,0.0,0.0,0.0,0.0,0.0,0.0,0.0,0.0,0.0,0.14285714285714285,0.0,0.0,0.0,0.0,4.0,1,0.4409552681769747,0,0,1,0,0,0,0,0.14285714285714285,0.7034423614664799,0.6097973503053566,1,1,0,0.7034423614664799,2.1103270843994397
2021-11,2021-11,S2_Day14,2,2021-11-14 23:59:59,training,training,12.3,12.3,True,True,10.6,2021-09,2021-11-14 00:00:00,,CONSERVATIVE_MONTH_END_PLUS_45D_PROXY,False,2,0,10.6,2021-09,5.9019200000000005,0.03728244844007911,0.3436156802484547,False,,,,,,,7,2021-11-12,0.2010083823515248,1.7142857142857142,0.14285714285714285,0.2857142857142857,0.14285714285714285,0.5714285714285714,0.0,0.0,0.0,0.0,0.0,0.2857142857142857,-0.2857142857142857,0.0,0.0,0.5714285714285714,1.1428571428571428,0.0,0.0,0.2857142857142857,0.0,0.0,0.0,0.0,0.0,0.14285714285714285,0.14285714285714285,0.0,,,,,,,,,,,,,,,,,,,,,,,,,,,,,,,2021-11,0.0,0.0,0.0,0.0,0.0,0.0,0.0,0.0,0.0,0.0,0.0,0.0,0.2010083823515248,1.7142857142857142,-0.2857142857142857,0.0,1.1428571428571428,0.0,0.0,0.0,0.0,0.0,0.0,0.0,0.48201379003790845,-0.28100540768638366,4.0,-2.2857142857142856,0.0,-0.2857142857142857,0.0,0.0,4.0,-2.857142857142857,0.0,0.0,0.0,0.0,0.0,0.0,0.0,0.0,0.14285714285714285,-0.14285714285714285,0.0,0.0,0.0,0.0,-6.285714285714286,1,0.2735307210636364,1,0,1,0,0,0,0,0.2857142857142857,0.6211875843778757,0.6097973503053566,1,1,0,0.6211875843778757,1.2423751687557514
2021-11,2021-11,S3_Day21,3,2021-11-21 23:59:59,training,training,12.3,12.3,True,True,10.6,2021-09,2021-11-14 00:00:00,,CONSERVATIVE_MONTH_END_PLUS_45D_PROXY,False,2,7,10.6,2021-09,5.904066666666666,0.17624430171667704,0.38011300569398276,False,,,,,,,16,2021-11-20,0.14095889477613666,1.0625,0.3125,0.1875,0.0625,0.375,1.0,2.0,3.0,-0.3333333333333333,0.1875,0.1875,-0.125,0.0625,0.0,0.5,0.8125,0.0,0.0,0.625,0.3125,0.125,0.0,0.0,0.0,0.2857142857142857,0.14285714285714285,0.14285714285714285,,,,,,,,,,,,,,,,,,,,,,,,,,,,,,,2021-11,0.0,0.0,0.0,0.0,0.0,0.0,0.0,0.0,0.0,0.0,0.0,0.0,0.14095889477613666,1.0625,-0.125,0.0,0.8125,0.0,0.3125,0.0,0.0,0.14285714285714285,-0.3333333333333333,0.1875,0.2010083823515248,-0.06004948757538814,1.7142857142857142,-0.6517857142857142,-0.2857142857142857,0.1607142857142857,0.0,0.0,1.1428571428571428,-0.3303571428571428,0.0,0.0,0.0,0.3125,0.0,0.0,0.0,0.0,0.0,0.14285714285714285,0.0,-0.3333333333333333,0.0,0.1875,1.6339285714285714,1,0.18985938111974762,1,0,1,0,0,1,0,0.42857142857142855,0.6149797369803119,0.6097973503053566,1,1,0,0.6149797369803119,1.2299594739606239
2021-11,2021-11,S4_MonthEnd,4,2021-11-30 23:59:59,training,training,12.3,12.3,True,True,10.6,2021-09,2021-11-14 00:00:00,,CONSERVATIVE_MONTH_END_PLUS_45D_PROXY,False,2,16,10.6,2021-09,5.907027272727273,0.27622904980597607,0.4304488145030039,False,,,,,,,32,2021-11-30,0.20367057839761793,1.1875,0.34375,0.34375,0.0625,0.375,1.0,2.0,3.0,-0.3333333333333333,0.09375,0.25,0.0625,0.0625,0.09375,0.34375,0.625,0.21875,0.375,0.4375,0.15625,0.0625,0.0,0.0,0.0,0.7142857142857143,0.0,0.7142857142857143,,,,,,,,,,,,,,,,,,,,,,,,,,,,,,,2021-11,0.0,0.0,0.0,0.0,0.0,0.0,0.0,0.0,0.0,0.0,0.0,0.0,0.20367057839761793,1.1875,0.0625,0.09375,0.625,0.375,0.15625,0.0,0.0,0.7142857142857143,-0.3333333333333333,0.09375,0.14095889477613666,0.06271168362148127,1.0625,0.125,-0.125,0.1875,0.0,0.09375,0.8125,-0.1875,0.0,0.375,0.3125,-0.15625,0.0,0.0,0.0,0.0,0.14285714285714285,0.5714285714285714,-0.3333333333333333,0.0,0.1875,-0.09375,0.7767857142857142,1,0.24743622153880357,0,0,1,0,0,1,1,0.42857142857142855,0.56734806333276,0.6097973503053566,0,0,0,0.56734806333276,1.13469612666552
2021-12,2021-12,S1_Day7,1,2021-12-07 23:59:59,training,training,12.6,12.6,True,True,10.6,2021-09,2021-11-14 00:00:00,,CONSERVATIVE_MONTH_END_PLUS_45D_PROXY,False,3,23,10.6,2021-09,5.9192,0.033794059004432775,0.20607196667143945,False,,,,,,,3,2021-12-06,0.15403905242000324,0.6666666666666666,0.3333333333333333,0.3333333333333333,0.0,0.0,0.0,0.0,0.0,0.0,0.0,0.0,0.0,0.0,0.0,0.6666666666666666,0.6666666666666666,0.0,0.0,0.6666666666666666,0.0,0.0,0.0,0.0,0.0,0.14285714285714285,0.0,0.14285714285714285,,,,,,,,,,,,,,,,,,,,,,,,,,,,,,,2021-12,0.20367057839761793,1.1875,0.0625,0.09375,0.625,0.375,0.15625,0.0,0.0,0.7142857142857143,-0.3333333333333333,0.09375,-0.04963152597761469,-0.5208333333333334,-0.0625,-0.09375,0.04166666666666663,-0.375,-0.15625,0.0,0.0,-0.5714285714285714,0.3333333333333333,-0.09375,0.20367057839761793,-0.04963152597761469,1.1875,-0.5208333333333334,0.0625,-0.0625,0.09375,-0.09375,0.625,0.04166666666666663,0.375,-0.375,0.15625,-0.15625,0.0,0.0,0.0,0.0,0.7142857142857143,-0.5714285714285714,-0.3333333333333333,0.3333333333333333,0.09375,-0.09375,-0.5208333333333334,0,0.1518235890320926,0,0,0,0,0,1,1,0.2857142857142857,0.1844854640047614,0.6097973503053566,0,0,0,0.1844854640047614,0.5534563920142842
2021-12,2021-12,S2_Day14,2,2021-12-14 23:59:59,training,training,12.6,12.6,True,True,10.6,2021-09,2021-11-14 00:00:00,,CONSERVATIVE_MONTH_END_PLUS_45D_PROXY,False,3,30,10.6,2021-09,5.923922222222221,0.25176573958298754,0.2860144149486432,False,,,,,,,7,2021-12-13,0.13203347350285993,0.5714285714285714,0.14285714285714285,0.2857142857142857,0.0,0.42857142857142855,0.0,0.0,0.0,0.0,0.0,0.0,0.0,0.0,0.0,0.5714285714285714,0.5714285714285714,0.0,0.0,0.5714285714285714,0.0,0.0,0.0,0.0,0.0,0.14285714285714285,0.0,0.14285714285714285,,,,,,,,,,,,,,,,,,,,,,,,,,,,,,,2021-12,0.20367057839761793,1.1875,0.0625,0.09375,0.625,0.375,0.15625,0.0,0.0,0.7142857142857143,-0.3333333333333333,0.09375,-0.071637104894758,-0.6160714285714286,-0.0625,-0.09375,-0.0535714285714286,-0.375,-0.15625,0.0,0.0,-0.5714285714285714,0.3333333333333333,-0.09375,0.15403905242000324,-0.022005578917143304,0.6666666666666666,-0.09523809523809523,0.0,0.0,0.0,0.0,0.6666666666666666,-0.09523809523809523,0.0,0.0,0.0,0.0,0.0,0.0,0.0,0.0,0.14285714285714285,0.0,0.0,0.0,0.0,0.0,0.42559523809523814,0,0.13232632778942324,0,0,0,0,0,1,1,0.2857142857142857,0.1931164369397755,0.6097973503053566,0,0,0,0.1931164369397755,0.5793493108193265
2021-12,2021-12,S3_Day21,3,2021-12-21 23:59:59,training,training,12.6,12.6,True,True,11.0,2021-10,2021-12-15 00:00:00,,CONSERVATIVE_MONTH_END_PLUS_45D_PROXY,False,2,6,11.0,2021-10,5.932685714285713,0.6437768240343367,0.4343714761044781,False,,,,,,,9,2021-12-17,0.051346350806667745,0.2222222222222222,0.1111111111111111,0.2222222222222222,0.1111111111111111,0.4444444444444444,0.0,1.0,1.0,-1.0,0.1111111111111111,0.0,0.0,0.0,0.0,0.6666666666666666,0.2222222222222222,0.0,0.0,0.4444444444444444,0.0,0.0,0.0,0.0,0.0,0.14285714285714285,0.0,0.14285714285714285,,,,,,,,,,,,,,,,,,,,,,,,,,,,,,,2021-12,0.20367057839761793,1.1875,0.0625,0.09375,0.625,0.375,0.15625,0.0,0.0,0.7142857142857143,-0.3333333333333333,0.09375,-0.15232422759095018,-0.9652777777777778,-0.0625,-0.09375,-0.4027777777777778,-0.375,-0.15625,0.0,0.0,-0.5714285714285714,-0.6666666666666667,0.017361111111111105,0.13203347350285993,-0.08068712269619219,0.5714285714285714,-0.3492063492063492,0.0,0.0,0.0,0.0,0.5714285714285714,-0.3492063492063492,0.0,0.0,0.0,0.0,0.0,0.0,0.0,0.0,0.14285714285714285,0.0,0.0,-1.0,0.0,0.1111111111111111,-0.25396825396825395,0,0.006938106878989235,0,0,0,0,0,1,1,0.2857142857142857,0.28856838824356484,0.6097973503053566,0,0,0,0.28856838824356484,0.5771367764871297
2021-12,2021-12,S4_MonthEnd,4,2021-12-31 23:59:59,training,training,12.6,12.6,True,True,11.0,2021-10,2021-12-15 00:00:00,,CONSERVATIVE_MONTH_END_PLUS_45D_PROXY,False,2,16,11.0,2021-10,5.94689,1.4852488932445729,0.6748356733813132,False,,,,,,,10,2021-12-27,0.046211715726000975,0.2,0.1,0.2,0.1,0.4,0.0,1.0,1.0,-1.0,0.1,0.0,0.0,0.0,0.0,0.6,0.2,0.1,0.0,0.4,0.0,0.0,0.0,0.0,0.0,0.14285714285714285,0.0,0.14285714285714285,,,,,,,,,,,,,,,,,,,,,,,,,,,,,,,2021-12,0.20367057839761793,1.1875,0.0625,0.09375,0.625,0.375,0.15625,0.0,0.0,0.7142857142857143,-0.3333333333333333,0.09375,-0.15745886267161696,-0.9875,-0.0625,-0.09375,-0.425,-0.375,-0.15625,0.0,0.0,-0.5714285714285714,-0.6666666666666667,0.0062500000000000056,0.051346350806667745,-0.00513463508066677,0.2222222222222222,-0.0222222222222222,0.0,0.0,0.0,0.0,0.2222222222222222,-0.0222222222222222,0.0,0.0,0.0,0.0,0.0,0.0,0.0,0.0,0.14285714285714285,0.0,-1.0,0.0,0.1111111111111111,-0.0111111111111111,0.326984126984127,0,0.001993454724087261,0,0,0,0,0,1,1,0.2857142857142857,0.2914661635380226,0.6097973503053566,0,0,0,0.2914661635380226,0.5829323270760453
2022-01,2022-01,S1_Day7,1,2022-01-07 23:59:59,extended_historical_test,extended_historical_test,13.9,13.9,True,True,11.0,2021-10,2021-12-15,,CONSERVATIVE_MONTH_END_PLUS_45D_PROXY,False,3,23,11.0,2021-10,6.0061333333333335,0.004994921829482,0.9962069810158568,False,,,,,,,1,2022-01-03,0.0,0.0,0.0,0.0,0.0,0.0,0.0,0.0,0.0,0.0,0.0,0.0,0.0,0.0,0.0,1.0,0.0,0.0,0.0,0.0,0.0,0.0,0.0,0.0,0.0,0.0,0.0,0.0,information timestamp <= nowcast cutoff,verified GSS release date where available; otherwise conservative observation month-end +45 days; target month itself always excluded,0.0,,True,3.0,2022-01-06,6.0061,6.0064,6.0059,6.0064,0.0002054804667658,0.0,,,,,,,,False,,,,TIMING_UNRESOLVED_OR_NOT_RELEASED,False,,,,TIMING_UNRESOLVED_OR_NOT_RELEASED,2022-01,0.046211715726000975,0.2,0.0,0.0,0.2,0.0,0.0,0.0,0.0,0.14285714285714285,-1.0,0.1,-0.046211715726000975,-0.2,0.0,0.0,-0.2,0.0,0.0,0.0,0.0,-0.14285714285714285,1.0,-0.1,0.046211715726000975,-0.046211715726000975,0.2,-0.2,0.0,0.0,0.0,0.0,0.2,-0.2,0.0,0.0,0.0,0.0,0.0,0.0,0.0,0.0,0.14285714285714285,-0.14285714285714285,-1.0,1.0,0.1,-0.1,-0.2,1,0.0,0,0,1,0,0,0,0,0.14285714285714285,0.27126256874104937,0.6097973503053566,0,0,0,0.27126256874104937,0.8137877062231481
2022-01,2022-01,S2_Day14,2,2022-01-14 23:59:59,extended_historical_test,extended_historical_test,13.9,13.9,True,True,12.3,2021-11,2022-01-14,,CONSERVATIVE_MONTH_END_PLUS_45D_PROXY,False,2,0,12.3,2021-11,6.006237499999999,0.0033299478863213,0.9979585968464156,False,,,,,,,7,2022-01-14,0.29599927902475537,1.5714285714285714,0.14285714285714285,0.42857142857142855,0.0,0.0,1.0,0.0,1.0,1.0,0.14285714285714285,0.0,0.0,0.0,0.0,0.7142857142857143,1.5714285714285714,0.14285714285714285,0.0,0.14285714285714285,0.0,0.2857142857142857,0.2857142857142857,0.0,0.0,0.2857142857142857,0.0,0.2857142857142857,information timestamp <= nowcast cutoff,verified GSS release date where available; otherwise conservative observation month-end +45 days; target month itself always excluded,0.0,,True,8.0,2022-01-14,6.0061,6.0063,6.0059,6.0064,0.0001653594569417,0.0,,,,,,,,False,,,,TIMING_UNRESOLVED_OR_NOT_RELEASED,False,,,,TIMING_UNRESOLVED_OR_NOT_RELEASED,2022-01,0.046211715726000975,0.2,0.0,0.0,0.2,0.0,0.0,0.0,0.0,0.14285714285714285,-1.0,0.1,0.2497875632987544,1.3714285714285714,0.0,0.0,1.3714285714285714,0.0,0.0,0.2857142857142857,0.0,0.14285714285714285,2.0,0.042857142857142844,0.0,0.29599927902475537,0.0,1.5714285714285714,0.0,0.0,0.0,0.0,0.0,1.5714285714285714,0.0,0.0,0.0,0.0,0.0,0.2857142857142857,0.0,0.0,0.0,0.2857142857142857,0.0,1.0,0.0,0.14285714285714285,1.7714285714285714,0,0.3736634840202223,0,0,0,1,0,0,0,0.14285714285714285,0.4075753181391725,0.6097973503053566,0,0,0,0.4075753181391725,0.815150636278345
2022-01,2022-01,S3_Day21,3,2022-01-21 23:59:59,extended_historical_test,extended_historical_test,13.9,13.9,True,True,12.3,2021-11,2022-01-14,,CONSERVATIVE_MONTH_END_PLUS_45D_PROXY,False,2,7,12.3,2021-11,6.007276923076922,0.0632690098399946,1.0154370280419212,False,,,,,,,10,2022-01-19,0.25341121104332975,1.3,0.3,0.4,0.0,0.2,1.0,0.0,1.0,1.0,0.1,0.1,0.2,0.0,0.0,0.6,1.1,0.1,0.0,0.1,0.0,0.3,0.2,0.0,0.0,0.42857142857142855,0.0,0.42857142857142855,information timestamp <= nowcast cutoff,verified GSS release date where available; otherwise conservative observation month-end +45 days; target month itself always excluded,0.0,,True,13.0,2022-01-21,6.0061,6.0099,6.0059,6.0101,0.0016096601868593,0.0,,,,,,,,False,,,,TIMING_UNRESOLVED_OR_NOT_RELEASED,False,,,,TIMING_UNRESOLVED_OR_NOT_RELEASED,2022-01,0.046211715726000975,0.2,0.0,0.0,0.2,0.0,0.0,0.0,0.0,0.14285714285714285,-1.0,0.1,0.20719949531732879,1.1,0.2,0.0,0.9000000000000001,0.0,0.0,0.2,0.0,0.2857142857142857,2.0,0.0,0.29599927902475537,-0.042588067981425615,1.5714285714285714,-0.27142857142857135,0.0,0.2,0.0,0.0,1.5714285714285714,-0.4714285714285713,0.0,0.0,0.0,0.0,0.2857142857142857,-0.08571428571428569,0.0,0.0,0.2857142857142857,0.14285714285714285,1.0,0.0,0.14285714285714285,-0.042857142857142844,-1.8428571428571427,0,0.3464820793336249,1,0,0,1,0,0,0,0.2857142857142857,0.37702509669150147,0.6097973503053566,0,0,0,0.37702509669150147,0.7540501933830029
2022-01,2022-01,S4_MonthEnd,4,2022-01-31 23:59:59,extended_historical_test,extended_historical_test,13.9,13.9,True,True,12.3,2021-11,2022-01-14,,CONSERVATIVE_MONTH_END_PLUS_45D_PROXY,False,2,17,12.3,2021-11,6.010400000000001,0.2913704400526073,1.067953165436064,False,,,,,,,18,2022-01-31,0.14483277619595802,0.8888888888888888,0.3888888888888889,0.2777777777777778,0.05555555555555555,0.3333333333333333,2.0,0.0,2.0,1.0,0.1111111111111111,0.1111111111111111,0.1111111111111111,0.1111111111111111,0.5,0.5555555555555556,1.1111111111111112,0.2777777777777778,-0.3333333333333333,0.16666666666666666,0.0,0.16666666666666666,0.1111111111111111,0.0,0.0,0.5714285714285714,0.14285714285714285,0.42857142857142855,information timestamp <= nowcast cutoff,verified GSS release date where available; otherwise conservative observation month-end +45 days; target month itself always excluded,0.0,,True,19.0,2022-01-31,6.0061,6.0236,6.0059,6.0236,0.0057897368361246,0.0,,,,,,,,False,,,,TIMING_UNRESOLVED_OR_NOT_RELEASED,False,,,,TIMING_UNRESOLVED_OR_NOT_RELEASED,2022-01,0.046211715726000975,0.2,0.0,0.0,0.2,0.0,0.0,0.0,0.0,0.14285714285714285,-1.0,0.1,0.09862106046995706,0.6888888888888889,0.1111111111111111,0.5,0.9111111111111112,-0.3333333333333333,0.0,0.1111111111111111,0.0,0.2857142857142857,2.0,0.0111111111111111,0.25341121104332975,-0.10857843484737173,1.3,-0.4111111111111112,0.2,-0.0888888888888889,0.0,0.5,1.1,0.011111111111111072,0.0,-0.3333333333333333,0.0,0.0,0.2,-0.0888888888888889,0.0,0.0,0.42857142857142855,0.0,1.0,0.0,0.1,0.0111111111111111,-0.13968253968253985,0,0.31857080560917495,1,1,0,1,0,0,1,0.5714285714285714,0.2534471133242403,0.6097973503053566,0,0,0,0.2534471133242403,0.5068942266484806
2022-02,2022-02,S1_Day7,1,2022-02-07 23:59:59,extended_historical_test,extended_historical_test,15.7,15.7,True,True,12.3,2021-11,2022-01-14,,CONSERVATIVE_MONTH_END_PLUS_45D_PROXY,False,3,24,12.3,2021-11,6.11612,0.9356514329722954,1.7589511513376843,False,,,,,,,4,2022-02-07,0.2743165274118243,1.25,0.0,0.5,0.0,0.5,0.0,0.0,0.0,0.0,0.0,0.0,0.0,0.25,0.75,0.75,0.75,0.25,0.5,0.0,0.0,0.5,0.75,0.0,0.0,0.5714285714285714,0.0,0.5714285714285714,information timestamp <= nowcast cutoff,verified GSS release date where available; otherwise conservative observation month-end +45 days; target month itself always excluded,0.0,,True,5.0,2022-02-07,6.1027,6.1598,6.1027,6.1598,0.0219541704466371,0.0,,,,,,,,False,,,,TIMING_UNRESOLVED_OR_NOT_RELEASED,False,,,,TIMING_UNRESOLVED_OR_NOT_RELEASED,2022-02,0.14483277619595802,0.8888888888888888,0.1111111111111111,0.5,1.1111111111111112,-0.3333333333333333,0.0,0.1111111111111111,0.0,0.42857142857142855,1.0,0.1111111111111111,0.12948375121586625,0.36111111111111116,-0.1111111111111111,0.25,-0.36111111111111116,0.8333333333333333,0.0,0.6388888888888888,0.0,0.14285714285714285,-1.0,-0.1111111111111111,0.14483277619595802,0.12948375121586625,0.8888888888888888,0.36111111111111116,0.1111111111111111,-0.1111111111111111,0.5,0.25,1.1111111111111112,-0.36111111111111116,-0.3333333333333333,0.8333333333333333,0.0,0.0,0.1111111111111111,0.6388888888888888,0.0,0.0,0.42857142857142855,0.14285714285714285,1.0,-1.0,0.1111111111111111,-0.1111111111111111,0.36111111111111116,0,0.34810642081648746,1,0,0,0,0,0,1,0.2857142857142857,0.12502366180571226,0.6097973503053566,0,0,0,0.12502366180571226,0.3750709854171368
2022-02,2022-02,S2_Day14,2,2022-02-14 23:59:59,extended_historical_test,extended_historical_test,15.7,15.7,True,True,12.6,2021-12,2022-02-14,,CONSERVATIVE_MONTH_END_PLUS_45D_PROXY,False,2,0,12.6,2021-12,6.17966,3.267406230029346,2.81611872753893,False,,,,,,,8,2022-02-12,0.13715826370591214,0.625,0.0,0.375,0.125,0.25,0.0,0.0,0.0,0.0,0.0,0.25,0.0,0.125,0.375,0.5,0.375,0.125,0.25,0.125,0.0,0.375,0.375,0.0,0.0,0.5714285714285714,0.0,0.5714285714285714,information timestamp <= nowcast cutoff,verified GSS release date where available; otherwise conservative observation month-end +45 days; target month itself always excluded,0.0,,True,10.0,2022-02-14,6.1027,6.3021,6.1027,6.3021,0.073753429750758,0.0,,,,,,,,False,,,,TIMING_UNRESOLVED_OR_NOT_RELEASED,False,,,,TIMING_UNRESOLVED_OR_NOT_RELEASED,2022-02,0.14483277619595802,0.8888888888888888,0.1111111111111111,0.5,1.1111111111111112,-0.3333333333333333,0.0,0.1111111111111111,0.0,0.42857142857142855,1.0,0.1111111111111111,-0.007674512490045887,-0.26388888888888884,-0.1111111111111111,-0.125,-0.7361111111111112,0.5833333333333333,0.0,0.2638888888888889,0.0,0.14285714285714285,-1.0,-0.1111111111111111,0.2743165274118243,-0.13715826370591214,1.25,-0.625,0.0,0.0,0.75,-0.375,0.75,-0.375,0.5,-0.25,0.0,0.0,0.75,-0.375,0.0,0.0,0.5714285714285714,0.0,0.0,0.0,0.0,0.0,-0.9861111111111112,0,0.1993864538055154,1,0,0,0,0,0,1,0.2857142857142857,0.1501244364910653,0.6097973503053566,0,0,0,0.1501244364910653,0.3002488729821306
2022-02,2022-02,S3_Day21,3,2022-02-21 23:59:59,extended_historical_test,extended_historical_test,15.7,15.7,True,True,12.6,2021-12,2022-02-14,,CONSERVATIVE_MONTH_END_PLUS_45D_PROXY,False,2,7,12.6,2021-12,6.238606666666668,5.243580710177476,3.796863214872026,False,,,,,,,13,2022-02-21,0.0844050853574844,0.38461538461538464,0.07692307692307693,0.23076923076923078,0.07692307692307693,0.38461538461538464,0.0,0.0,0.0,0.0,0.0,0.15384615384615385,0.0,0.07692307692307693,0.23076923076923078,0.6153846153846154,0.23076923076923078,0.38461538461538464,0.15384615384615385,0.07692307692307693,0.0,0.3076923076923077,0.23076923076923078,0.0,0.0,0.5714285714285714,0.0,0.5714285714285714,information timestamp <= nowcast cutoff,verified GSS release date where available; otherwise conservative observation month-end +45 days; target month itself always excluded,0.0,,True,15.0,2022-02-21,6.1027,6.4227,6.1027,6.4227,0.1074994416522967,0.0,,,,,,,,False,,,,TIMING_UNRESOLVED_OR_NOT_RELEASED,False,,,,TIMING_UNRESOLVED_OR_NOT_RELEASED,2022-02,0.14483277619595802,0.8888888888888888,0.1111111111111111,0.5,1.1111111111111112,-0.3333333333333333,0.0,0.1111111111111111,0.0,0.42857142857142855,1.0,0.1111111111111111,-0.06042769083847363,-0.5042735042735043,-0.1111111111111111,-0.2692307692307692,-0.8803418803418803,0.48717948717948717,0.0,0.11965811965811968,0.0,0.14285714285714285,-1.0,-0.1111111111111111,0.13715826370591214,-0.05275317834842774,0.625,-0.24038461538461536,0.0,0.0,0.375,-0.14423076923076922,0.375,-0.14423076923076922,0.25,-0.09615384615384615,0.0,0.0,0.375,-0.14423076923076922,0.0,0.0,0.5714285714285714,0.0,0.0,0.0,0.0,0.0,0.38461538461538464,0,0.13526782707528384,1,0,0,0,0,0,1,0.2857142857142857,0.1506341893912737,0.6097973503053566,0,0,0,0.1506341893912737,0.3012683787825474
2022-02,2022-02,S4_MonthEnd,4,2022-02-28 23:59:59,extended_historical_test,extended_historical_test,15.7,15.7,True,True,12.6,2021-12,2022-02-14,,CONSERVATIVE_MONTH_END_PLUS_45D_PROXY,False,2,14,12.6,2021-12,6.307649999999999,8.155406623297878,4.945594303207734,False,,,,,,,19,2022-02-28,0.15104126653288574,0.7368421052631579,0.10526315789473684,0.3157894736842105,0.05263157894736842,0.3684210526315789,0.0,0.0,0.0,0.0,0.0,0.10526315789473684,0.0,0.10526315789473684,0.42105263157894735,0.6842105263157895,0.631578947368421,0.2631578947368421,0.10526315789473684,0.15789473684210525,0.0,0.2631578947368421,0.15789473684210525,0.0,0.0,0.5714285714285714,0.0,0.5714285714285714,information timestamp <= nowcast cutoff,verified GSS release date where available; otherwise conservative observation month-end +45 days; target month itself always excluded,0.0,,True,20.0,2022-02-28,6.1027,6.6004,6.1027,6.6004,0.1560313093580899,0.0,,,,,,,,False,,,,TIMING_UNRESOLVED_OR_NOT_RELEASED,False,,,,TIMING_UNRESOLVED_OR_NOT_RELEASED,2022-02,0.14483277619595802,0.8888888888888888,0.1111111111111111,0.5,1.1111111111111112,-0.3333333333333333,0.0,0.1111111111111111,0.0,0.42857142857142855,1.0,0.1111111111111111,0.006208490336927719,-0.15204678362573099,-0.1111111111111111,-0.07894736842105265,-0.47953216374269014,0.43859649122807015,0.0,0.04678362573099415,0.0,0.14285714285714285,-1.0,-0.1111111111111111,0.0844050853574844,0.06663618117540135,0.38461538461538464,0.3522267206477732,0.0,0.0,0.23076923076923078,0.19028340080971656,0.23076923076923078,0.40080971659919024,0.15384615384615385,-0.04858299595141702,0.0,0.0,0.23076923076923078,-0.07287449392712553,0.0,0.0,0.5714285714285714,0.0,0.0,0.0,0.0,0.0,0.5926113360323886,0,0.2215532644521535,1,0,0,0,0,0,1,0.2857142857142857,0.10546055476994658,0.6097973503053566,0,0,0,0.10546055476994658,0.21092110953989315
2022-03,2022-03,S1_Day7,1,2022-03-07 23:59:59,extended_historical_test,extended_historical_test,19.4,19.4,True,True,12.6,2021-12,2022-02-14,,CONSERVATIVE_MONTH_END_PLUS_45D_PROXY,False,3,21,12.6,2021-12,6.924999999999999,4.496612243679676,9.787321744231203,False,,,,,,,5,2022-03-07,0.0,0.0,0.4,0.0,0.0,0.8,0.0,0.0,0.0,0.0,0.0,0.0,0.0,0.0,0.0,0.6,0.0,0.0,0.0,0.4,0.0,0.2,0.0,0.0,0.0,0.0,0.0,0.0,information timestamp <= nowcast cutoff,verified GSS release date where available; otherwise conservative observation month-end +45 days; target month itself always excluded,0.0,,True,4.0,2022-03-04,6.7006,7.0019,6.7006,7.0019,0.1295727016002986,0.0,,,,,,,,False,,,,TIMING_UNRESOLVED_OR_NOT_RELEASED,False,,,,TIMING_UNRESOLVED_OR_NOT_RELEASED,2022-03,0.15104126653288574,0.7368421052631579,0.0,0.42105263157894735,0.631578947368421,0.10526315789473684,0.0,0.15789473684210525,0.0,0.5714285714285714,0.0,0.0,-0.15104126653288574,-0.7368421052631579,0.0,-0.42105263157894735,-0.631578947368421,-0.10526315789473684,0.0,-0.15789473684210525,0.0,-0.5714285714285714,0.0,0.0,0.15104126653288574,-0.15104126653288574,0.7368421052631579,-0.7368421052631579,0.0,0.0,0.42105263157894735,-0.42105263157894735,0.631578947368421,-0.631578947368421,0.10526315789473684,-0.10526315789473684,0.0,0.0,0.15789473684210525,-0.15789473684210525,0.0,0.0,0.5714285714285714,-0.5714285714285714,0.0,0.0,0.0,0.0,-0.7368421052631579,1,0.0,0,1,1,1,0,0,1,0.5714285714285714,0.4620192117101543,0.6097973503053566,0,0,0,0.4620192117101543,1.386057635130463
2022-03,2022-03,S2_Day14,2,2022-03-14 23:59:59,extended_historical_test,extended_historical_test,19.4,19.4,True,True,12.6,2021-12,2022-02-14,,CONSERVATIVE_MONTH_END_PLUS_45D_PROXY,False,3,28,12.6,2021-12,6.977233333333334,4.915977673641181,10.61541672942119,False,,,,,,,11,2022-03-14,0.29530106646947124,3.5454545454545454,0.36363636363636365,0.36363636363636365,0.0,0.9090909090909091,1.0,0.0,1.0,1.0,0.09090909090909091,0.09090909090909091,2.1818181818181817,0.09090909090909091,0.8181818181818182,0.6363636363636364,2.727272727272727,0.18181818181818182,2.1818181818181817,0.18181818181818182,0.0,0.09090909090909091,0.0,0.0,0.0,0.5714285714285714,0.0,0.5714285714285714,information timestamp <= nowcast cutoff,verified GSS release date where available; otherwise conservative observation month-end +45 days; target month itself always excluded,0.0,,True,9.0,2022-03-14,6.7006,7.03,6.7006,7.03,0.0983861214241567,0.0,,,,,,,,False,,,,TIMING_UNRESOLVED_OR_NOT_RELEASED,False,,,,TIMING_UNRESOLVED_OR_NOT_RELEASED,2022-03,0.15104126653288574,0.7368421052631579,0.0,0.42105263157894735,0.631578947368421,0.10526315789473684,0.0,0.15789473684210525,0.0,0.5714285714285714,0.0,0.0,0.1442597999365855,2.8086124401913874,2.1818181818181817,0.3971291866028709,2.0956937799043063,2.076555023923445,0.0,-0.15789473684210525,0.0,0.0,1.0,0.09090909090909091,0.0,0.29530106646947124,0.0,3.5454545454545454,0.0,2.1818181818181817,0.0,0.8181818181818182,0.0,2.727272727272727,0.0,2.1818181818181817,0.0,0.0,0.0,0.0,0.0,0.0,0.0,0.5714285714285714,0.0,1.0,0.0,0.09090909090909091,4.282296650717703,0,0.6743989886873122,1,0,0,1,0,0,0,0.2857142857142857,0.5301367623708468,0.6097973503053566,0,0,0,0.5301367623708468,1.5904102871125405
2022-03,2022-03,S3_Day21,3,2022-03-21 23:59:59,extended_historical_test,extended_historical_test,19.4,19.4,True,True,13.9,2022-01,2022-03-17,,CONSERVATIVE_MONTH_END_PLUS_45D_PROXY,False,2,4,13.9,2022-01,7.008935714285713,6.147210697549466,11.11801882294856,False,,,,,,,24,2022-03-21,0.2725850346166132,2.4583333333333335,0.4166666666666667,0.3333333333333333,0.0,0.75,2.0,0.0,2.0,1.0,0.08333333333333333,0.08333333333333333,1.0,0.125,0.875,0.6666666666666666,1.8333333333333333,0.25,1.5,0.20833333333333334,0.0,0.16666666666666666,0.125,0.0,0.0,0.7142857142857143,0.0,0.7142857142857143,information timestamp <= nowcast cutoff,verified GSS release date where available; otherwise conservative observation month-end +45 days; target month itself always excluded,0.0,,True,14.0,2022-03-21,6.7006,7.1125,6.7006,7.1125,0.0924480518773564,0.0,,,,,,,,False,,,,TIMING_UNRESOLVED_OR_NOT_RELEASED,False,,,,TIMING_UNRESOLVED_OR_NOT_RELEASED,2022-03,0.15104126653288574,0.7368421052631579,0.0,0.42105263157894735,0.631578947368421,0.10526315789473684,0.0,0.15789473684210525,0.0,0.5714285714285714,0.0,0.0,0.12154376808372747,1.7214912280701755,1.0,0.45394736842105265,1.2017543859649122,1.3947368421052633,0.0,-0.032894736842105254,0.0,0.1428571428571429,1.0,0.08333333333333333,0.29530106646947124,-0.022716031852858032,3.5454545454545454,-1.087121212121212,2.1818181818181817,-1.1818181818181817,0.8181818181818182,0.05681818181818177,2.727272727272727,-0.8939393939393938,2.1818181818181817,-0.6818181818181817,0.0,0.0,0.0,0.125,0.0,0.0,0.5714285714285714,0.1428571428571429,1.0,0.0,0.09090909090909091,-0.007575757575757583,-4.632575757575758,0,0.5902590146355498,1,0,0,0,0,0,0,0.14285714285714285,0.4540290360553013,0.6097973503053566,0,0,0,0.4540290360553013,0.9080580721106026
2022-03,2022-03,S4_MonthEnd,4,2022-03-31 23:59:59,extended_historical_test,extended_historical_test,19.4,19.4,True,True,13.9,2022-01,2022-03-17,,CONSERVATIVE_MONTH_END_PLUS_45D_PROXY,False,2,14,13.9,2022-01,7.046531818181819,6.142733486553453,11.714058614251275,False,,,,,,,37,2022-03-31,0.21895740804610878,1.7837837837837838,0.35135135135135137,0.2972972972972973,0.0,0.6216216216216216,2.0,0.0,2.0,1.0,0.05405405405405406,0.10810810810810811,0.7027027027027027,0.16216216216216217,0.6486486486486487,0.5675675675675675,1.2432432432432432,0.16216216216216217,0.972972972972973,0.21621621621621623,0.0,0.16216216216216217,0.08108108108108109,0.0,0.0,0.7142857142857143,0.0,0.7142857142857143,information timestamp <= nowcast cutoff,verified GSS release date where available; otherwise conservative observation month-end +45 days; target month itself always excluded,0.0,,True,22.0,2022-03-31,6.7006,7.1122,6.7006,7.1126,0.0889513778643532,0.0,,,,,,,,False,,,,TIMING_UNRESOLVED_OR_NOT_RELEASED,False,,,,TIMING_UNRESOLVED_OR_NOT_RELEASED,2022-03,0.15104126653288574,0.7368421052631579,0.0,0.42105263157894735,0.631578947368421,0.10526315789473684,0.0,0.15789473684210525,0.0,0.5714285714285714,0.0,0.0,0.06791614151322303,1.0469416785206258,0.7027027027027027,0.22759601706970134,0.6116642958748222,0.8677098150782362,0.0,-0.07681365576102417,0.0,0.1428571428571429,1.0,0.05405405405405406,0.2725850346166132,-0.05362762657050443,2.4583333333333335,-0.6745495495495497,1.0,-0.29729729729729726,0.875,-0.22635135135135132,1.8333333333333333,-0.5900900900900901,1.5,-0.527027027027027,0.0,0.0,0.125,-0.043918918918918914,0.0,0.0,0.7142857142857143,0.0,1.0,0.0,0.08333333333333333,-0.02927927927927927,0.4125716625716622,0,0.4919539287699757,1,0,0,0,0,0,0,0.14285714285714285,0.2470979345013023,0.6097973503053566,0,0,0,0.2470979345013023,0.4941958690026046
2022-04,2022-04,S1_Day7,1,2022-04-07 23:59:59,extended_historical_test,extended_historical_test,23.6,23.6,True,True,13.9,2022-01,2022-03-17,,CONSERVATIVE_MONTH_END_PLUS_45D_PROXY,False,3,21,13.9,2022-01,7.1119200000000005,0.0,0.927948436271353,False,,,,,,,5,2022-04-07,0.12702979047745747,0.6,0.4,0.2,0.0,0.4,0.0,0.0,0.0,0.0,0.0,0.8,0.6,0.0,0.0,0.6,0.6,0.0,0.0,0.0,0.0,0.2,0.0,0.0,0.0,0.2857142857142857,0.0,0.2857142857142857,information timestamp <= nowcast cutoff,verified GSS release date where available; otherwise conservative observation month-end +45 days; target month itself always excluded,0.0,,True,5.0,2022-04-07,7.112,7.112,7.1117,7.112,0.0001166190378969,0.0,,,,,,,,False,,,,TIMING_UNRESOLVED_OR_NOT_RELEASED,False,,,,TIMING_UNRESOLVED_OR_NOT_RELEASED,2022-04,0.21895740804610878,1.7837837837837838,0.7027027027027027,0.6486486486486487,1.2432432432432432,0.972972972972973,0.0,0.08108108108108109,0.0,0.7142857142857143,1.0,0.05405405405405406,-0.09192761756865131,-1.1837837837837837,-0.10270270270270276,-0.6486486486486487,-0.6432432432432432,-0.972972972972973,0.0,-0.08108108108108109,0.0,-0.4285714285714286,-1.0,-0.05405405405405406,0.21895740804610878,-0.09192761756865131,1.7837837837837838,-1.1837837837837837,0.7027027027027027,-0.10270270270270276,0.6486486486486487,-0.6486486486486487,1.2432432432432432,-0.6432432432432432,0.972972972972973,-0.972972972972973,0.0,0.0,0.08108108108108109,-0.08108108108108109,0.0,0.0,0.7142857142857143,-0.4285714285714286,1.0,-1.0,0.05405405405405406,-0.05405405405405406,-1.1837837837837837,0,0.18907328175666882,0,1,0,0,0,0,1,0.2857142857142857,0.31562745599202197,0.6097973503053566,0,0,0,0.31562745599202197,0.9468823679760658
2022-04,2022-04,S2_Day14,2,2022-04-14 23:59:59,extended_historical_test,extended_historical_test,23.6,23.6,True,True,15.7,2022-02,2022-04-14,,CONSERVATIVE_MONTH_END_PLUS_45D_PROXY,False,2,0,15.7,2022-02,7.112159999999999,0.0056242969628694,0.9313543671064072,False,,,,,,,10,2022-04-14,0.39236546125266364,2.6,0.6,0.5,0.0,0.5,0.0,0.0,0.0,0.0,0.0,0.6,1.3,0.1,0.3,0.3,0.3,0.1,1.0,0.0,0.0,0.1,0.0,0.0,0.0,0.5714285714285714,0.0,0.5714285714285714,information timestamp <= nowcast cutoff,verified GSS release date where available; otherwise conservative observation month-end +45 days; target month itself always excluded,0.0,,True,10.0,2022-04-14,7.112,7.1124,7.1117,7.1126,0.0002939387691338,0.0,,,,,,,,False,,,,TIMING_UNRESOLVED_OR_NOT_RELEASED,False,,,,TIMING_UNRESOLVED_OR_NOT_RELEASED,2022-04,0.21895740804610878,1.7837837837837838,0.7027027027027027,0.6486486486486487,1.2432432432432432,0.972972972972973,0.0,0.08108108108108109,0.0,0.7142857142857143,1.0,0.05405405405405406,0.17340805320655486,0.8162162162162163,0.5972972972972973,-0.3486486486486487,-0.9432432432432432,0.027027027027026973,0.0,-0.08108108108108109,0.0,-0.1428571428571429,-1.0,-0.05405405405405406,0.12702979047745747,0.26533567077520614,0.6,2.0,0.6,0.7000000000000001,0.0,0.3,0.6,-0.3,0.0,1.0,0.0,0.0,0.0,0.0,0.0,0.0,0.2857142857142857,0.2857142857142857,0.0,0.0,0.0,0.0,3.1837837837837837,0,0.45314628764968284,0,0,0,0,0,0,0,0.0,0.2806114831363139,0.6097973503053566,0,0,0,0.2806114831363139,0.5612229662726278
2022-04,2022-04,S3_Day21,3,2022-04-21 23:59:59,extended_historical_test,extended_historical_test,23.6,23.6,True,True,15.7,2022-02,2022-04-14,,CONSERVATIVE_MONTH_END_PLUS_45D_PROXY,False,2,7,15.7,2022-02,7.112184615384614,0.0028121484814347,0.93170369334592,False,,,,,,,13,2022-04-21,0.3972021560474674,3.0,0.5384615384615384,0.5384615384615384,0.0,0.38461538461538464,0.0,1.0,1.0,-1.0,0.07692307692307693,0.46153846153846156,1.0,0.15384615384615385,0.3076923076923077,0.38461538461538464,1.2307692307692308,0.15384615384615385,0.7692307692307693,0.0,0.0,0.15384615384615385,0.9230769230769231,0.0,0.0,0.7142857142857143,0.0,0.7142857142857143,information timestamp <= nowcast cutoff,verified GSS release date where available; otherwise conservative observation month-end +45 days; target month itself always excluded,0.0,,True,13.0,2022-04-21,7.112,7.1122,7.1117,7.1126,0.0002655796384865,0.0,,,,,,,,False,,,,TIMING_UNRESOLVED_OR_NOT_RELEASED,False,,,,TIMING_UNRESOLVED_OR_NOT_RELEASED,2022-04,0.21895740804610878,1.7837837837837838,0.7027027027027027,0.6486486486486487,1.2432432432432432,0.972972972972973,0.0,0.08108108108108109,0.0,0.7142857142857143,1.0,0.05405405405405406,0.17824474800135862,1.2162162162162162,0.29729729729729726,-0.340956340956341,-0.012474012474012364,-0.20374220374220375,0.0,0.841995841995842,0.0,0.0,-2.0,0.02286902286902287,0.39236546125266364,0.004836694794803753,2.6,0.3999999999999999,1.3,-0.30000000000000004,0.3,0.0076923076923077205,0.3,0.9307692307692308,1.0,-0.23076923076923073,0.0,0.0,0.0,0.9230769230769231,0.0,0.0,0.5714285714285714,0.1428571428571429,0.0,-1.0,0.0,0.07692307692307693,-1.6,0,0.49265467489612197,0,0,0,0,0,0,0,0.0,0.32804494586905086,0.6097973503053566,0,0,0,0.32804494586905086,0.6560898917381017
2022-04,2022-04,S4_MonthEnd,4,2022-04-30 23:59:59,extended_historical_test,extended_historical_test,23.6,23.6,True,True,15.7,2022-02,2022-04-14,,CONSERVATIVE_MONTH_END_PLUS_45D_PROXY,False,2,16,15.7,2022-02,7.11226842105263,0.0112485939257611,0.9328930112994628,False,,,,,,,20,2022-04-30,0.2581814014308538,1.95,0.55,0.35,0.0,0.45,0.0,1.0,1.0,-1.0,0.05,0.35,0.65,0.15,0.2,0.35,0.8,0.25,0.5,0.05,0.0,0.1,0.6,0.05,0.0,0.7142857142857143,0.0,0.7142857142857143,information timestamp <= nowcast cutoff,verified GSS release date where available; otherwise conservative observation month-end +45 days; target month itself always excluded,0.0,,True,19.0,2022-04-29,7.112,7.1128,7.1117,7.1128,0.0002696052310497,0.0,,,,,,,,False,,,,TIMING_UNRESOLVED_OR_NOT_RELEASED,False,,,,TIMING_UNRESOLVED_OR_NOT_RELEASED,2022-04,0.21895740804610878,1.7837837837837838,0.7027027027027027,0.6486486486486487,1.2432432432432432,0.972972972972973,0.0,0.08108108108108109,0.0,0.7142857142857143,1.0,0.05405405405405406,0.039223993384745,0.16621621621621618,-0.05270270270270272,-0.4486486486486487,-0.44324324324324316,-0.472972972972973,0.0,0.518918918918919,0.0,0.0,-2.0,-0.004054054054054054,0.3972021560474674,-0.13902075461661362,3.0,-1.05,1.0,-0.35,0.3076923076923077,-0.1076923076923077,1.2307692307692308,-0.4307692307692308,0.7692307692307693,-0.2692307692307693,0.0,0.0,0.9230769230769231,-0.32307692307692315,0.0,0.0,0.7142857142857143,0.0,-1.0,0.0,0.07692307692307693,-0.026923076923076925,-1.45,0,0.37770643044956875,0,0,0,0,0,0,0,0.0,0.14702058305172877,0.6097973503053566,0,0,0,0.14702058305172877,0.29404116610345754
2022-05,2022-05,S1_Day7,1,2022-05-07 23:59:59,extended_historical_test,extended_historical_test,27.6,27.6,True,True,15.7,2022-02,2022-04-14,,CONSERVATIVE_MONTH_END_PLUS_45D_PROXY,False,3,23,15.7,2022-02,7.113266666666667,-0.0014058172718711,0.0140355447086681,False,,,,,,,1,2022-05-07,0.46211715726000974,2.0,0.0,1.0,0.0,1.0,0.0,0.0,0.0,0.0,0.0,0.0,0.0,0.0,0.0,1.0,2.0,0.0,0.0,0.0,0.0,0.0,0.0,0.0,0.0,0.14285714285714285,0.0,0.14285714285714285,information timestamp <= nowcast cutoff,verified GSS release date where available; otherwise conservative observation month-end +45 days; target month itself always excluded,0.0,,True,3.0,2022-05-06,7.1133,7.1132,7.1132,7.1133,4.7140452078993306e-05,0.0,,,,,,,,False,,,,TIMING_UNRESOLVED_OR_NOT_RELEASED,False,,,,TIMING_UNRESOLVED_OR_NOT_RELEASED,2022-05,0.2581814014308538,1.95,0.65,0.2,0.8,0.5,0.0,0.6,0.0,0.7142857142857143,-1.0,0.05,0.20393575582915596,0.050000000000000044,-0.65,-0.2,1.2,-0.5,0.0,-0.6,0.0,-0.5714285714285714,1.0,-0.05,0.2581814014308538,0.20393575582915596,1.95,0.050000000000000044,0.65,-0.65,0.2,-0.2,0.8,1.2,0.5,-0.5,0.0,0.0,0.6,-0.6,0.0,0.0,0.7142857142857143,-0.5714285714285714,-1.0,1.0,0.05,-0.05,0.050000000000000044,0,0.3498602273229513,1,1,0,1,0,0,1,0.5714285714285714,0.09821168219849608,0.6097973503053566,0,0,0,0.09821168219849608,0.2946350465954882
2022-05,2022-05,S2_Day14,2,2022-05-14 23:59:59,extended_historical_test,extended_historical_test,27.6,27.6,True,True,15.7,2022-02,2022-04-14,,CONSERVATIVE_MONTH_END_PLUS_45D_PROXY,False,3,30,15.7,2022-02,7.113925,0.042174518156135,0.0232918507752977,False,,,,,,,13,2022-05-12,0.24442783986112376,1.5384615384615385,0.38461538461538464,0.3076923076923077,0.0,0.3076923076923077,0.0,0.0,0.0,0.0,0.0,0.15384615384615385,0.0,0.15384615384615385,0.9230769230769231,0.7692307692307693,1.0769230769230769,0.0,0.0,0.07692307692307693,0.46153846153846156,0.07692307692307693,0.0,0.46153846153846156,0.9230769230769231,0.5714285714285714,0.0,0.5714285714285714,information timestamp <= nowcast cutoff,verified GSS release date where available; otherwise conservative observation month-end +45 days; target month itself always excluded,0.0,,True,8.0,2022-05-13,7.1133,7.1163,7.1131,7.1163,0.0010009370609583,0.0,,,,,,,,False,,,,TIMING_UNRESOLVED_OR_NOT_RELEASED,False,,,,TIMING_UNRESOLVED_OR_NOT_RELEASED,2022-05,0.2581814014308538,1.95,0.65,0.2,0.8,0.5,0.0,0.6,0.0,0.7142857142857143,-1.0,0.05,-0.01375356156973001,-0.4115384615384614,-0.65,0.7230769230769232,0.2769230769230768,-0.5,0.46153846153846156,-0.6,0.9230769230769231,-0.1428571428571429,1.0,-0.05,0.46211715726000974,-0.21768931739888597,2.0,-0.46153846153846145,0.0,0.0,0.0,0.9230769230769231,2.0,-0.9230769230769231,0.0,0.0,0.0,0.46153846153846156,0.0,0.0,0.0,0.9230769230769231,0.14285714285714285,0.42857142857142855,0.0,0.0,0.0,0.0,-0.5115384615384615,0,0.39028981190546075,1,0,0,1,1,1,1,0.7142857142857143,0.18714124645103952,0.6097973503053566,0,0,0,0.18714124645103952,0.5614237393531185
2022-05,2022-05,S3_Day21,3,2022-05-21 23:59:59,extended_historical_test,extended_historical_test,27.6,27.6,True,True,19.4,2022-03,2022-05-15,,CONSERVATIVE_MONTH_END_PLUS_45D_PROXY,False,2,6,19.4,2022-03,7.119146153846154,0.2671052816554997,0.0967023794147703,False,,,,,,,25,2022-05-21,0.166254182760267,1.0,0.56,0.24,0.04,0.32,0.0,0.0,0.0,0.0,0.0,0.16,0.08,0.08,0.48,0.48,0.52,0.24,0.16,0.04,0.24,0.12,0.08,0.28,0.48,1.0,0.0,1.0,information timestamp <= nowcast cutoff,verified GSS release date where available; otherwise conservative observation month-end +45 days; target month itself always excluded,0.0,,True,13.0,2022-05-20,7.1133,7.1323,7.1131,7.1323,0.0071539784933996,0.0,,,,,,,,False,,,,TIMING_UNRESOLVED_OR_NOT_RELEASED,False,,,,TIMING_UNRESOLVED_OR_NOT_RELEASED,2022-05,0.2581814014308538,1.95,0.65,0.2,0.8,0.5,0.0,0.6,0.0,0.7142857142857143,-1.0,0.05,-0.09192721867058679,-0.95,-0.5700000000000001,0.27999999999999997,-0.28,-0.33999999999999997,0.24,-0.52,0.48,0.2857142857142857,1.0,-0.05,0.24442783986112376,-0.07817365710085677,1.5384615384615385,-0.5384615384615385,0.0,0.08,0.9230769230769231,-0.44307692307692315,1.0769230769230769,-0.5569230769230769,0.0,0.16,0.46153846153846156,-0.22153846153846157,0.0,0.08,0.9230769230769231,-0.44307692307692315,0.5714285714285714,0.4285714285714286,0.0,0.0,0.0,0.0,-0.0769230769230771,0,0.294264378289133,0,0,0,0,1,1,0,0.2857142857142857,0.20340415513632948,0.6097973503053566,0,0,0,0.20340415513632948,0.40680831027265896
2022-05,2022-05,S4_MonthEnd,4,2022-05-31 23:59:59,extended_historical_test,extended_historical_test,27.6,27.6,True,True,19.4,2022-03,2022-05-15,,CONSERVATIVE_MONTH_END_PLUS_45D_PROXY,False,2,16,19.4,2022-03,7.125965000000001,0.4329917197362753,0.1925768002066341,False,,,,,,,38,2022-05-31,0.14613414940394018,0.8421052631578947,0.6052631578947368,0.21052631578947367,0.02631578947368421,0.39473684210526316,0.0,0.0,0.0,0.0,0.0,0.15789473684210525,0.15789473684210525,0.13157894736842105,0.39473684210526316,0.34210526315789475,0.34210526315789475,0.23684210526315788,0.10526315789473684,0.02631578947368421,0.15789473684210525,0.07894736842105263,0.05263157894736842,0.18421052631578946,0.3157894736842105,1.0,0.0,1.0,information timestamp <= nowcast cutoff,verified GSS release date where available; otherwise conservative observation month-end +45 days; target month itself always excluded,0.0,,True,20.0,2022-05-31,7.1133,7.1441,7.1131,7.1441,0.0111321280535215,0.0,,,,,,,,False,,,,TIMING_UNRESOLVED_OR_NOT_RELEASED,False,,,,TIMING_UNRESOLVED_OR_NOT_RELEASED,2022-05,0.2581814014308538,1.95,0.65,0.2,0.8,0.5,0.0,0.6,0.0,0.7142857142857143,-1.0,0.05,-0.1120472520269136,-1.1078947368421053,-0.49210526315789477,0.19473684210526315,-0.4578947368421053,-0.39473684210526316,0.15789473684210525,-0.5473684210526315,0.3157894736842105,0.2857142857142857,1.0,-0.05,0.166254182760267,-0.02012003335632681,1.0,-0.1578947368421053,0.08,0.07789473684210525,0.48,-0.08526315789473682,0.52,-0.17789473684210527,0.16,-0.05473684210526317,0.24,-0.08210526315789474,0.08,-0.027368421052631584,0.48,-0.16421052631578947,1.0,0.0,0.0,0.0,0.0,0.0,0.38056680161943324,0,0.25768131692788665,0,0,0,0,1,1,0,0.2857142857142857,0.24727557516192253,0.6097973503053566,0,0,0,0.24727557516192253,0.49455115032384506
2022-06,2022-06,S1_Day7,1,2022-06-07 23:59:59,extended_historical_test,extended_historical_test,29.8,29.8,True,True,19.4,2022-03,2022-05-15,,CONSERVATIVE_MONTH_END_PLUS_45D_PROXY,False,3,23,19.4,2022-03,7.145700000000001,0.0419926932713643,0.2769449471054175,False,,,,,,,12,2022-06-07,0.29134374814712644,1.6666666666666667,0.6666666666666666,0.4166666666666667,0.0,0.25,0.0,0.0,0.0,0.0,0.0,0.0,0.0,0.0,0.0,0.4166666666666667,0.6666666666666666,0.3333333333333333,0.8333333333333334,0.08333333333333333,0.16666666666666666,0.0,0.0,0.16666666666666666,0.0,0.42857142857142855,0.0,0.42857142857142855,information timestamp <= nowcast cutoff,verified GSS release date where available; otherwise conservative observation month-end +45 days; target month itself always excluded,0.0,,True,5.0,2022-06-07,7.1441,7.1471,7.1441,7.1471,0.0010198039027185,0.0,,,,,,,,False,,,,TIMING_UNRESOLVED_OR_NOT_RELEASED,False,,,,TIMING_UNRESOLVED_OR_NOT_RELEASED,2022-06,0.14613414940394018,0.8421052631578947,0.15789473684210525,0.39473684210526316,0.34210526315789475,0.10526315789473684,0.15789473684210525,0.05263157894736842,0.3157894736842105,1.0,0.0,0.0,0.14520959874318626,0.824561403508772,-0.15789473684210525,-0.39473684210526316,0.3245614035087719,0.7280701754385965,0.008771929824561403,-0.05263157894736842,-0.3157894736842105,-0.5714285714285714,0.0,0.0,0.14613414940394018,0.14520959874318626,0.8421052631578947,0.824561403508772,0.15789473684210525,-0.15789473684210525,0.39473684210526316,-0.39473684210526316,0.34210526315789475,0.3245614035087719,0.10526315789473684,0.7280701754385965,0.15789473684210525,0.008771929824561403,0.05263157894736842,-0.05263157894736842,0.3157894736842105,-0.3157894736842105,1.0,-0.5714285714285714,0.0,0.0,0.0,0.0,0.824561403508772,0,0.2923714717650942,1,1,0,0,1,0,0,0.42857142857142855,0.2666323121111351,0.6097973503053566,0,0,0,0.2666323121111351,0.7998969363334052
2022-06,2022-06,S2_Day14,2,2022-06-14 23:59:59,extended_historical_test,extended_historical_test,29.8,29.8,True,True,23.6,2022-04,2022-06-14,,CONSERVATIVE_MONTH_END_PLUS_45D_PROXY,False,2,0,23.6,2022-04,7.16425,0.7964614157136563,0.5372605675161068,False,,,,,,,19,2022-06-14,0.15573225448876107,0.3157894736842105,0.631578947368421,0.3157894736842105,0.05263157894736842,0.3157894736842105,0.0,0.0,0.0,0.0,0.0,0.21052631578947367,-0.7368421052631579,0.0,0.0,0.3684210526315789,0.42105263157894735,0.3157894736842105,-0.3157894736842105,0.10526315789473684,0.10526315789473684,0.10526315789473684,0.0,0.10526315789473684,0.0,0.2857142857142857,0.2857142857142857,0.0,information timestamp <= nowcast cutoff,verified GSS release date where available; otherwise conservative observation month-end +45 days; target month itself always excluded,0.0,,True,10.0,2022-06-14,7.1441,7.201,7.1441,7.201,0.0240510394785756,0.0,,,,,,,,False,,,,TIMING_UNRESOLVED_OR_NOT_RELEASED,False,,,,TIMING_UNRESOLVED_OR_NOT_RELEASED,2022-06,0.14613414940394018,0.8421052631578947,0.15789473684210525,0.39473684210526316,0.34210526315789475,0.10526315789473684,0.15789473684210525,0.05263157894736842,0.3157894736842105,1.0,0.0,0.0,0.009598105084820896,-0.5263157894736842,-0.894736842105263,-0.39473684210526316,0.0789473684210526,-0.42105263157894735,-0.05263157894736842,-0.05263157894736842,-0.3157894736842105,-1.0,0.0,0.0,0.29134374814712644,-0.13561149365836536,1.6666666666666667,-1.3508771929824563,0.0,-0.7368421052631579,0.0,0.0,0.6666666666666666,-0.24561403508771928,0.8333333333333334,-1.1491228070175439,0.16666666666666666,-0.06140350877192982,0.0,0.0,0.0,0.0,0.42857142857142855,-0.42857142857142855,0.0,0.0,0.0,0.0,-2.1754385964912286,0,0.022663985088105156,1,1,0,0,1,0,1,0.5714285714285714,0.31658588173092594,0.6097973503053566,0,0,0,0.31658588173092594,0.6331717634618519
2022-06,2022-06,S3_Day21,3,2022-06-21 23:59:59,extended_historical_test,extended_historical_test,29.8,29.8,True,True,23.6,2022-04,2022-06-14,,CONSERVATIVE_MONTH_END_PLUS_45D_PROXY,False,2,7,23.6,2022-04,7.177566666666667,0.8664492378326338,0.724135842186513,False,,,,,,,30,2022-06-21,0.2061679503931466,0.7666666666666667,0.5666666666666667,0.36666666666666664,0.03333333333333333,0.43333333333333335,0.0,0.0,0.0,0.0,0.0,0.16666666666666666,-0.26666666666666666,0.03333333333333333,0.06666666666666667,0.4666666666666667,0.6333333333333333,0.26666666666666666,-0.2,0.06666666666666667,0.06666666666666667,0.13333333333333333,0.06666666666666667,0.1,0.0,0.5714285714285714,0.2857142857142857,0.2857142857142857,information timestamp <= nowcast cutoff,verified GSS release date where available; otherwise conservative observation month-end +45 days; target month itself always excluded,0.0,,True,15.0,2022-06-21,7.1441,7.206,7.1441,7.206,0.0272217233514381,0.0,,,,,,,,False,,,,TIMING_UNRESOLVED_OR_NOT_RELEASED,False,,,,TIMING_UNRESOLVED_OR_NOT_RELEASED,2022-06,0.14613414940394018,0.8421052631578947,0.15789473684210525,0.39473684210526316,0.34210526315789475,0.10526315789473684,0.15789473684210525,0.05263157894736842,0.3157894736842105,1.0,0.0,0.0,0.06003380098920641,-0.07543859649122797,-0.4245614035087719,-0.3280701754385965,0.29122807017543856,-0.30526315789473685,-0.09122807017543859,0.014035087719298248,-0.3157894736842105,-0.7142857142857143,0.0,0.0,0.15573225448876107,0.050435695904385514,0.3157894736842105,0.4508771929824562,-0.7368421052631579,0.4701754385964912,0.0,0.06666666666666667,0.42105263157894735,0.21228070175438596,-0.3157894736842105,0.1157894736842105,0.10526315789473684,-0.03859649122807017,0.0,0.06666666666666667,0.0,0.0,0.0,0.2857142857142857,0.0,0.0,0.0,0.0,1.8017543859649126,0,0.1613421947208337,1,0,0,0,1,0,1,0.42857142857142855,0.1992756339629453,0.6097973503053566,0,0,0,0.1992756339629453,0.3985512679258906
2022-06,2022-06,S4_MonthEnd,4,2022-06-30 23:59:59,extended_historical_test,extended_historical_test,29.8,29.8,True,True,23.6,2022-04,2022-06-14,,CONSERVATIVE_MONTH_END_PLUS_45D_PROXY,False,2,16,23.6,2022-04,7.190818181818182,1.2093895662154797,0.9100968334559756,False,,,,,,,36,2022-06-29,0.22262280777664678,0.9166666666666666,0.5833333333333334,0.3888888888888889,0.027777777777777776,0.4722222222222222,0.0,0.0,0.0,0.0,0.0,0.16666666666666666,-0.2222222222222222,0.05555555555555555,0.1111111111111111,0.5,0.6388888888888888,0.2222222222222222,-0.16666666666666666,0.05555555555555555,0.05555555555555555,0.1111111111111111,0.05555555555555555,0.08333333333333333,0.0,0.5714285714285714,0.2857142857142857,0.2857142857142857,information timestamp <= nowcast cutoff,verified GSS release date where available; otherwise conservative observation month-end +45 days; target month itself always excluded,0.0,,True,22.0,2022-06-30,7.1441,7.2305,7.1441,7.2305,0.0299341494915945,0.0,,,,,,,,False,,,,TIMING_UNRESOLVED_OR_NOT_RELEASED,False,,,,TIMING_UNRESOLVED_OR_NOT_RELEASED,2022-06,0.14613414940394018,0.8421052631578947,0.15789473684210525,0.39473684210526316,0.34210526315789475,0.10526315789473684,0.15789473684210525,0.05263157894736842,0.3157894736842105,1.0,0.0,0.0,0.0764886583727066,0.07456140350877194,-0.38011695906432746,-0.28362573099415206,0.2967836257309941,-0.27192982456140347,-0.1023391812865497,0.0029239766081871343,-0.3157894736842105,-0.7142857142857143,0.0,0.0,0.2061679503931466,0.016454857383500193,0.7666666666666667,0.1499999999999999,-0.26666666666666666,0.04444444444444445,0.06666666666666667,0.04444444444444444,0.6333333333333333,0.005555555555555536,-0.2,0.033333333333333354,0.06666666666666667,-0.011111111111111113,0.06666666666666667,-0.011111111111111113,0.0,0.0,0.2857142857142857,0.0,0.0,0.0,0.0,0.0,-0.3008771929824563,0,0.18974328226667334,1,0,0,0,1,0,1,0.42857142857142855,0.11401071447983678,0.6097973503053566,0,0,0,0.11401071447983678,0.22802142895967356
2022-07,2022-07,S1_Day7,1,2022-07-07 23:59:59,extended_historical_test,extended_historical_test,31.7,31.7,True,True,23.6,2022-04,2022-06-14,,CONSERVATIVE_MONTH_END_PLUS_45D_PROXY,False,3,23,23.6,2022-04,7.2535,0.6911327666044853,0.8716924360611333,False,,,,,,,6,2022-07-06,0.2538647186519216,1.3333333333333333,0.5,0.3333333333333333,0.0,0.5,0.0,0.0,0.0,0.0,0.0,0.3333333333333333,1.3333333333333333,0.0,0.0,0.5,0.6666666666666666,0.0,0.0,0.0,0.0,0.16666666666666666,0.0,0.0,0.0,0.2857142857142857,0.0,0.2857142857142857,information timestamp <= nowcast cutoff,verified GSS release date where available; otherwise conservative observation month-end +45 days; target month itself always excluded,0.0,,True,5.0,2022-07-07,7.2345,7.2845,7.2345,7.2845,0.0200997512422419,0.0,,,,,,,,False,,,,TIMING_UNRESOLVED_OR_NOT_RELEASED,False,,,,TIMING_UNRESOLVED_OR_NOT_RELEASED,2022-07,0.22262280777664678,0.9166666666666666,-0.2222222222222222,0.1111111111111111,0.6388888888888888,-0.16666666666666666,0.05555555555555555,0.05555555555555555,0.0,0.2857142857142857,0.0,0.0,0.031241910875274836,0.41666666666666663,1.5555555555555554,-0.1111111111111111,0.02777777777777779,0.16666666666666666,-0.05555555555555555,-0.05555555555555555,0.0,0.0,0.0,0.0,0.22262280777664678,0.031241910875274836,0.9166666666666666,0.41666666666666663,-0.2222222222222222,1.5555555555555554,0.1111111111111111,-0.1111111111111111,0.6388888888888888,0.02777777777777779,-0.16666666666666666,0.16666666666666666,0.05555555555555555,-0.05555555555555555,0.05555555555555555,-0.05555555555555555,0.0,0.0,0.2857142857142857,0.0,0.0,0.0,0.0,0.0,0.41666666666666663,0,0.3378284607128328,1,1,0,0,0,0,1,0.42857142857142855,0.14554248083563454,0.6097973503053566,0,0,0,0.14554248083563454,0.4366274425069036
2022-07,2022-07,S2_Day14,2,2022-07-14 23:59:59,extended_historical_test,extended_historical_test,31.7,31.7,True,True,23.6,2022-04,2022-06-14,,CONSERVATIVE_MONTH_END_PLUS_45D_PROXY,False,3,30,23.6,2022-04,7.287277777777778,1.6587186398507203,1.3414272690622564,False,,,,,,,11,2022-07-14,0.20770749707884495,1.0909090909090908,0.6363636363636364,0.2727272727272727,0.0,0.5454545454545454,0.0,0.0,0.0,0.0,0.0,0.18181818181818182,0.7272727272727273,0.0,0.0,0.2727272727272727,0.36363636363636365,0.18181818181818182,0.36363636363636365,0.09090909090909091,0.0,0.09090909090909091,0.0,0.0,0.0,0.42857142857142855,0.0,0.42857142857142855,information timestamp <= nowcast cutoff,verified GSS release date where available; otherwise conservative observation month-end +45 days; target month itself always excluded,0.0,,True,9.0,2022-07-14,7.2345,7.3545,7.2345,7.3545,0.0423681688109724,0.0,,,,,,,,False,,,,TIMING_UNRESOLVED_OR_NOT_RELEASED,False,,,,TIMING_UNRESOLVED_OR_NOT_RELEASED,2022-07,0.22262280777664678,0.9166666666666666,-0.2222222222222222,0.1111111111111111,0.6388888888888888,-0.16666666666666666,0.05555555555555555,0.05555555555555555,0.0,0.2857142857142857,0.0,0.0,-0.014915310697801831,0.1742424242424242,0.9494949494949495,-0.1111111111111111,-0.2752525252525252,0.5303030303030303,-0.05555555555555555,-0.05555555555555555,0.0,0.14285714285714285,0.0,0.0,0.2538647186519216,-0.04615722157307667,1.3333333333333333,-0.24242424242424243,1.3333333333333333,-0.606060606060606,0.0,0.0,0.6666666666666666,-0.303030303030303,0.0,0.36363636363636365,0.0,0.0,0.0,0.0,0.0,0.0,0.2857142857142857,0.14285714285714285,0.0,0.0,0.0,0.0,-0.6590909090909091,0,0.26566161464861016,1,1,0,0,0,0,1,0.42857142857142855,0.1281323541092761,0.6097973503053566,0,0,0,0.1281323541092761,0.3843970623278283
2022-07,2022-07,S3_Day21,3,2022-07-21 23:59:59,extended_historical_test,extended_historical_test,31.7,31.7,True,True,27.6,2022-05,2022-07-15,,CONSERVATIVE_MONTH_END_PLUS_45D_PROXY,False,2,6,27.6,2022-05,7.331285714285714,2.902757619738749,1.9534290662876372,False,,,,,,,18,2022-07-20,0.1269323593259608,0.6666666666666666,0.6666666666666666,0.16666666666666666,0.0,0.6111111111111112,0.0,0.0,0.0,0.0,0.0,0.16666666666666666,0.4444444444444444,0.0,0.0,0.2777777777777778,0.2222222222222222,0.2777777777777778,0.2222222222222222,0.05555555555555555,0.0,0.16666666666666666,0.0,0.0,0.0,0.42857142857142855,0.0,0.42857142857142855,information timestamp <= nowcast cutoff,verified GSS release date where available; otherwise conservative observation month-end +45 days; target month itself always excluded,0.0,,True,14.0,2022-07-21,7.2345,7.4445,7.2345,7.4445,0.0697343721063093,0.0,,,,,,,,False,,,,TIMING_UNRESOLVED_OR_NOT_RELEASED,False,,,,TIMING_UNRESOLVED_OR_NOT_RELEASED,2022-07,0.22262280777664678,0.9166666666666666,-0.2222222222222222,0.1111111111111111,0.6388888888888888,-0.16666666666666666,0.05555555555555555,0.05555555555555555,0.0,0.2857142857142857,0.0,0.0,-0.09569044845068597,-0.25,0.6666666666666666,-0.1111111111111111,-0.41666666666666663,0.38888888888888884,-0.05555555555555555,-0.05555555555555555,0.0,0.14285714285714285,0.0,0.0,0.20770749707884495,-0.08077513775288414,1.0909090909090908,-0.4242424242424242,0.7272727272727273,-0.2828282828282829,0.0,0.0,0.36363636363636365,-0.14141414141414144,0.36363636363636365,-0.14141414141414144,0.0,0.0,0.0,0.0,0.0,0.0,0.42857142857142855,0.0,0.0,0.0,0.0,0.0,-0.18181818181818177,0,0.17781890317018545,1,1,0,0,0,0,1,0.42857142857142855,0.1071224722866147,0.6097973503053566,0,0,0,0.1071224722866147,0.2142449445732294
2022-07,2022-07,S4_MonthEnd,4,2022-07-31 23:59:59,extended_historical_test,extended_historical_test,31.7,31.7,True,True,27.6,2022-05,2022-07-15,,CONSERVATIVE_MONTH_END_PLUS_45D_PROXY,False,2,16,27.6,2022-05,7.390824999999999,5.218052387863725,2.7814194869720144,False,,,,,,,28,2022-07-30,0.164361552621321,1.25,0.6071428571428571,0.25,0.03571428571428571,0.6071428571428571,0.0,0.0,0.0,0.0,0.0,0.21428571428571427,0.9285714285714286,0.03571428571428571,0.10714285714285714,0.32142857142857145,0.6071428571428571,0.25,0.5,0.17857142857142858,0.5,0.14285714285714285,0.35714285714285715,0.0,0.0,0.8571428571428571,0.0,0.8571428571428571,information timestamp <= nowcast cutoff,verified GSS release date where available; otherwise conservative observation month-end +45 days; target month itself always excluded,0.0,,True,20.0,2022-07-29,7.2345,7.612,7.2345,7.612,0.1109364992912612,0.0,,,,,,,,False,,,,TIMING_UNRESOLVED_OR_NOT_RELEASED,False,,,,TIMING_UNRESOLVED_OR_NOT_RELEASED,2022-07,0.22262280777664678,0.9166666666666666,-0.2222222222222222,0.1111111111111111,0.6388888888888888,-0.16666666666666666,0.05555555555555555,0.05555555555555555,0.0,0.2857142857142857,0.0,0.0,-0.05826125515532579,0.33333333333333337,1.1507936507936507,-0.003968253968253968,-0.031746031746031744,0.6666666666666666,0.4444444444444444,0.3015873015873016,0.0,0.5714285714285714,0.0,0.0,0.1269323593259608,0.03742919329536018,0.6666666666666666,0.5833333333333334,0.4444444444444444,0.4841269841269842,0.0,0.10714285714285714,0.2222222222222222,0.3849206349206349,0.2222222222222222,0.2777777777777778,0.0,0.5,0.0,0.35714285714285715,0.0,0.0,0.42857142857142855,0.42857142857142855,0.0,0.0,0.0,0.0,1.0075757575757576,0,0.35715817215693896,1,0,0,0,0,0,1,0.2857142857142857,0.18470563761784448,0.6097973503053566,0,0,0,0.18470563761784448,0.36941127523568895
2022-08,2022-08,S1_Day7,1,2022-08-07 23:59:59,extended_historical_test,extended_historical_test,33.9,33.9,True,True,27.6,2022-05,2022-07-15,,CONSERVATIVE_MONTH_END_PLUS_45D_PROXY,False,3,23,27.6,2022-05,7.726275,5.070921985815602,4.538735526818738,False,,,,,,,4,2022-08-05,0.15878723809682183,0.75,0.5,0.5,0.25,0.75,0.0,0.0,0.0,0.0,0.0,0.0,0.0,0.0,0.0,0.75,0.75,0.0,0.0,0.0,0.0,0.0,0.0,0.0,0.0,0.14285714285714285,0.0,0.14285714285714285,information timestamp <= nowcast cutoff,verified GSS release date where available; otherwise conservative observation month-end +45 days; target month itself always excluded,0.0,,True,4.0,2022-08-05,7.614,8.0001,7.614,8.0001,0.1586186523552635,0.0,,,,,,,,False,,,,TIMING_UNRESOLVED_OR_NOT_RELEASED,False,,,,TIMING_UNRESOLVED_OR_NOT_RELEASED,2022-08,0.164361552621321,1.25,0.9285714285714286,0.10714285714285714,0.6071428571428571,0.5,0.5,0.35714285714285715,0.0,0.8571428571428571,0.0,0.0,-0.005574314524499163,-0.5,-0.9285714285714286,-0.10714285714285714,0.1428571428571429,-0.5,-0.5,-0.35714285714285715,0.0,-0.7142857142857142,0.0,0.0,0.164361552621321,-0.005574314524499163,1.25,-0.5,0.9285714285714286,-0.9285714285714286,0.10714285714285714,-0.10714285714285714,0.6071428571428571,0.1428571428571429,0.5,-0.5,0.5,-0.5,0.35714285714285715,-0.35714285714285715,0.0,0.0,0.8571428571428571,-0.7142857142857142,0.0,0.0,0.0,0.0,-0.5,0,0.16840368640071082,1,1,0,1,0,1,1,0.7142857142857143,0.22960218834471174,0.6097973503053566,0,0,0,0.22960218834471174,0.6888065650341353
2022-08,2022-08,S2_Day14,2,2022-08-14 23:59:59,extended_historical_test,extended_historical_test,33.9,33.9,True,True,29.8,2022-06,2022-08-14,,CONSERVATIVE_MONTH_END_PLUS_45D_PROXY,False,2,0,29.8,2022-06,7.8944,5.819542947202527,6.813515405925608,False,,,,,,,10,2022-08-13,0.16416617707467612,0.8,0.6,0.4,0.1,0.6,0.0,0.0,0.0,0.0,0.0,0.0,0.0,0.1,0.1,0.4,0.4,0.0,0.0,0.1,0.0,0.0,0.0,0.0,0.0,0.2857142857142857,0.0,0.2857142857142857,information timestamp <= nowcast cutoff,verified GSS release date where available; otherwise conservative observation month-end +45 days; target month itself always excluded,0.0,,True,9.0,2022-08-12,7.614,8.0571,7.614,8.0571,0.1842720271772141,0.0,,,,,,,,False,,,,TIMING_UNRESOLVED_OR_NOT_RELEASED,False,,,,TIMING_UNRESOLVED_OR_NOT_RELEASED,2022-08,0.164361552621321,1.25,0.9285714285714286,0.10714285714285714,0.6071428571428571,0.5,0.5,0.35714285714285715,0.0,0.8571428571428571,0.0,0.0,-0.0001953755466448659,-0.44999999999999996,-0.9285714285714286,-0.007142857142857131,-0.20714285714285707,-0.5,-0.5,-0.35714285714285715,0.0,-0.5714285714285714,0.0,0.0,0.15878723809682183,0.005378938977854297,0.75,0.050000000000000044,0.0,0.0,0.0,0.1,0.75,-0.35,0.0,0.0,0.0,0.0,0.0,0.0,0.0,0.0,0.14285714285714285,0.14285714285714285,0.0,0.0,0.0,0.0,0.55,0,0.17449913934121541,1,0,0,1,0,1,1,0.5714285714285714,0.20340242678198128,0.6097973503053566,0,0,0,0.20340242678198128,0.40680485356396257
2022-08,2022-08,S3_Day21,3,2022-08-21 23:59:59,extended_historical_test,extended_historical_test,33.9,33.9,True,True,29.8,2022-06,2022-08-14,,CONSERVATIVE_MONTH_END_PLUS_45D_PROXY,False,2,7,29.8,2022-06,7.967364285714284,7.027843446283177,7.8007432961040735,False,,,,,,,37,2022-08-19,0.30387257671074275,2.972972972972973,0.6486486486486487,0.43243243243243246,0.02702702702702703,0.6486486486486487,1.0,0.0,1.0,1.0,0.02702702702702703,0.08108108108108109,0.4864864864864865,0.3783783783783784,2.5405405405405403,0.32432432432432434,0.8378378378378378,0.32432432432432434,2.027027027027027,0.02702702702702703,0.0,0.0,0.0,0.05405405405405406,0.10810810810810811,0.7142857142857143,0.0,0.7142857142857143,information timestamp <= nowcast cutoff,verified GSS release date where available; otherwise conservative observation month-end +45 days; target month itself always excluded,0.0,,True,14.0,2022-08-19,7.614,8.1491,7.614,8.1491,0.1780225210758573,0.0,,,,,,,,False,,,,TIMING_UNRESOLVED_OR_NOT_RELEASED,False,,,,TIMING_UNRESOLVED_OR_NOT_RELEASED,2022-08,0.164361552621321,1.25,0.9285714285714286,0.10714285714285714,0.6071428571428571,0.5,0.5,0.35714285714285715,0.0,0.8571428571428571,0.0,0.0,0.13951102408942176,1.7229729729729728,-0.4420849420849421,2.433397683397683,0.23069498069498073,1.5270270270270272,-0.5,-0.35714285714285715,0.10810810810810811,-0.1428571428571428,1.0,0.02702702702702703,0.16416617707467612,0.13970639963606662,0.8,2.172972972972973,0.0,0.4864864864864865,0.1,2.4405405405405403,0.4,0.4378378378378378,0.0,2.027027027027027,0.0,0.0,0.0,0.0,0.0,0.10810810810810811,0.2857142857142857,0.4285714285714286,0.0,1.0,0.0,0.02702702702702703,2.122972972972973,0,0.6078171028141524,0,0,0,1,1,1,0,0.42857142857142855,0.42540629619401443,0.6097973503053566,0,0,0,0.42540629619401443,0.8508125923880289
2022-08,2022-08,S4_MonthEnd,4,2022-08-31 23:59:59,extended_historical_test,extended_historical_test,33.9,33.9,True,True,29.8,2022-06,2022-08-14,,CONSERVATIVE_MONTH_END_PLUS_45D_PROXY,False,2,17,29.8,2022-06,8.058836363636361,8.123194116101917,9.038386968117385,False,,,,,,,63,2022-08-31,0.2504928835128338,2.253968253968254,0.6507936507936508,0.3492063492063492,0.015873015873015872,0.6031746031746031,1.0,0.0,1.0,1.0,0.015873015873015872,0.07936507936507936,0.31746031746031744,0.3492063492063492,1.873015873015873,0.2698412698412698,0.5873015873015873,0.30158730158730157,1.2857142857142858,0.1111111111111111,0.0,0.015873015873015872,0.0,0.047619047619047616,0.06349206349206349,0.7142857142857143,0.0,0.7142857142857143,information timestamp <= nowcast cutoff,verified GSS release date where available; otherwise conservative observation month-end +45 days; target month itself always excluded,0.0,,True,22.0,2022-08-31,7.614,8.2325,7.614,8.2325,0.1867716825564268,0.0,,,,,,,,False,,,,TIMING_UNRESOLVED_OR_NOT_RELEASED,False,,,,TIMING_UNRESOLVED_OR_NOT_RELEASED,2022-08,0.164361552621321,1.25,0.9285714285714286,0.10714285714285714,0.6071428571428571,0.5,0.5,0.35714285714285715,0.0,0.8571428571428571,0.0,0.0,0.08613133089151279,1.003968253968254,-0.6111111111111112,1.7658730158730158,-0.01984126984126977,0.7857142857142858,-0.5,-0.35714285714285715,0.06349206349206349,-0.1428571428571428,1.0,0.015873015873015872,0.30387257671074275,-0.05337969319790897,2.972972972972973,-0.7190047190047189,0.4864864864864865,-0.16902616902616907,2.5405405405405403,-0.6675246675246673,0.8378378378378378,-0.2505362505362505,2.027027027027027,-0.7413127413127414,0.0,0.0,0.0,0.0,0.10810810810810811,-0.044616044616044626,0.7142857142857143,0.0,1.0,0.0,0.02702702702702703,-0.011154011154011156,-2.891977691977692,0,0.5329984152459345,0,0,0,1,0,1,0,0.2857142857142857,0.3401719732819838,0.6097973503053566,0,0,0,0.3401719732819838,0.6803439465639676
2022-09,2022-09,S1_Day7,1,2022-09-07 23:59:59,extended_historical_test,extended_historical_test,37.5,37.5,True,True,29.8,2022-06,2022-08-14,,CONSERVATIVE_MONTH_END_PLUS_45D_PROXY,False,3,24,29.8,2022-06,8.2385,0.1700576981475743,2.2293992365241437,False,,,,,,,9,2022-09-07,0.0,0.0,0.7777777777777778,0.0,0.0,0.6666666666666666,0.0,0.0,0.0,0.0,0.0,0.2222222222222222,0.0,0.0,0.0,0.4444444444444444,0.0,0.2222222222222222,0.0,0.0,0.0,0.1111111111111111,0.0,0.1111111111111111,0.0,0.0,0.0,0.0,information timestamp <= nowcast cutoff,verified GSS release date where available; otherwise conservative observation month-end +45 days; target month itself always excluded,0.0,,True,5.0,2022-09-07,8.2325,8.2465,8.2325,8.2465,0.0051768716422178,0.0,,,,,,,,False,,,,TIMING_UNRESOLVED_OR_NOT_RELEASED,False,,,,TIMING_UNRESOLVED_OR_NOT_RELEASED,2022-09,0.2504928835128338,2.253968253968254,0.31746031746031744,1.873015873015873,0.5873015873015873,1.2857142857142858,0.0,0.0,0.06349206349206349,0.7142857142857143,1.0,0.015873015873015872,-0.2504928835128338,-2.253968253968254,-0.31746031746031744,-1.873015873015873,-0.5873015873015873,-1.2857142857142858,0.0,0.0,-0.06349206349206349,-0.7142857142857143,-1.0,-0.015873015873015872,0.2504928835128338,-0.2504928835128338,2.253968253968254,-2.253968253968254,0.31746031746031744,-0.31746031746031744,1.873015873015873,-1.873015873015873,0.5873015873015873,-0.5873015873015873,1.2857142857142858,-1.2857142857142858,0.0,0.0,0.0,0.0,0.06349206349206349,-0.06349206349206349,0.7142857142857143,-0.7142857142857143,1.0,-1.0,0.015873015873015872,-0.015873015873015872,-2.253968253968254,1,0.0,1,1,1,0,0,0,1,0.5714285714285714,0.6978494221820366,0.6097973503053566,1,0,0,0.6978494221820366,2.09354826654611
2022-09,2022-09,S2_Day14,2,2022-09-14 23:59:59,extended_historical_test,extended_historical_test,37.5,37.5,True,True,31.7,2022-07,2022-09-14,,CONSERVATIVE_MONTH_END_PLUS_45D_PROXY,False,2,0,31.7,2022-07,8.249239999999999,0.4518675979350073,2.362669097275494,False,,,,,,,17,2022-09-14,0.01761629404092677,0.11764705882352941,0.6470588235294118,0.058823529411764705,0.058823529411764705,0.5294117647058824,0.0,0.0,0.0,0.0,0.0,0.17647058823529413,0.0,0.058823529411764705,0.23529411764705882,0.47058823529411764,0.11764705882352941,0.11764705882352941,0.0,0.058823529411764705,0.0,0.11764705882352941,0.0,0.058823529411764705,0.0,0.2857142857142857,0.0,0.2857142857142857,information timestamp <= nowcast cutoff,verified GSS release date where available; otherwise conservative observation month-end +45 days; target month itself always excluded,0.0,,True,10.0,2022-09-14,8.2325,8.2697,8.2325,8.2697,0.0128608086837495,0.0,,,,,,,,False,,,,TIMING_UNRESOLVED_OR_NOT_RELEASED,False,,,,TIMING_UNRESOLVED_OR_NOT_RELEASED,2022-09,0.2504928835128338,2.253968253968254,0.31746031746031744,1.873015873015873,0.5873015873015873,1.2857142857142858,0.0,0.0,0.06349206349206349,0.7142857142857143,1.0,0.015873015873015872,-0.232876589471907,-2.1363211951447245,-0.31746031746031744,-1.6377217553688141,-0.4696545284780579,-1.2857142857142858,0.0,0.0,-0.06349206349206349,-0.4285714285714286,-1.0,-0.015873015873015872,0.0,0.01761629404092677,0.0,0.11764705882352941,0.0,0.0,0.0,0.23529411764705882,0.0,0.11764705882352941,0.0,0.0,0.0,0.0,0.0,0.0,0.0,0.0,0.0,0.2857142857142857,0.0,0.0,0.0,0.0,2.3716153127917834,0,0.058291903888362535,1,0,0,0,0,0,1,0.2857142857142857,0.4504596447675426,0.6097973503053566,0,0,0,0.4504596447675426,0.9009192895350852
2022-09,2022-09,S3_Day21,3,2022-09-21 23:59:59,extended_historical_test,extended_historical_test,37.5,37.5,True,True,31.7,2022-07,2022-09-14,,CONSERVATIVE_MONTH_END_PLUS_45D_PROXY,False,2,7,31.7,2022-07,8.36512857142857,9.808685089583946,3.800700175204974,False,,,,,,,26,2022-09-21,0.10547691710159603,1.0,0.5,0.19230769230769232,0.07692307692307693,0.5769230769230769,0.0,0.0,0.0,0.0,0.0,0.11538461538461539,0.0,0.2692307692307692,1.0769230769230769,0.4230769230769231,0.0,0.07692307692307693,0.0,0.07692307692307693,0.0,0.23076923076923078,0.23076923076923078,0.038461538461538464,0.0,0.2857142857142857,0.0,0.2857142857142857,information timestamp <= nowcast cutoff,verified GSS release date where available; otherwise conservative observation month-end +45 days; target month itself always excluded,0.0,,True,14.0,2022-09-20,8.2325,9.04,8.2325,9.04,0.269954193015279,0.0,,,,,,,,False,,,,TIMING_UNRESOLVED_OR_NOT_RELEASED,False,,,,TIMING_UNRESOLVED_OR_NOT_RELEASED,2022-09,0.2504928835128338,2.253968253968254,0.31746031746031744,1.873015873015873,0.5873015873015873,1.2857142857142858,0.0,0.0,0.06349206349206349,0.7142857142857143,1.0,0.015873015873015872,-0.14501596641123776,-1.253968253968254,-0.31746031746031744,-0.7960927960927962,-0.5873015873015873,-1.2857142857142858,0.0,0.23076923076923078,-0.06349206349206349,-0.4285714285714286,-1.0,-0.015873015873015872,0.01761629404092677,0.08786062306066926,0.11764705882352941,0.8823529411764706,0.0,0.0,0.23529411764705882,0.841628959276018,0.11764705882352941,-0.11764705882352941,0.0,0.0,0.0,0.0,0.0,0.23076923076923078,0.0,0.0,0.2857142857142857,0.0,0.0,0.0,0.0,0.0,0.7647058823529411,0,0.26128762472207034,1,0,1,1,0,0,1,0.5714285714285714,0.3278740164628901,0.6097973503053566,0,0,0,0.3278740164628901,0.6557480329257802
2022-09,2022-09,S4_MonthEnd,4,2022-09-30 23:59:59,extended_historical_test,extended_historical_test,37.5,37.5,True,True,31.7,2022-07,2022-09-14,,CONSERVATIVE_MONTH_END_PLUS_45D_PROXY,False,2,16,31.7,2022-07,8.74717619047619,16.669298511995123,8.54142950396417,False,,,,,,,35,2022-09-30,0.10629788455372315,1.0,0.5714285714285714,0.17142857142857143,0.05714285714285714,0.6571428571428571,0.0,0.0,0.0,0.0,0.0,0.08571428571428572,0.0,0.2571428571428571,1.0571428571428572,0.3142857142857143,0.0,0.14285714285714285,0.0,0.14285714285714285,0.0,0.17142857142857143,0.17142857142857143,0.02857142857142857,0.0,0.2857142857142857,0.0,0.2857142857142857,information timestamp <= nowcast cutoff,verified GSS release date where available; otherwise conservative observation month-end +45 days; target month itself always excluded,0.0,,True,21.0,2022-09-30,8.2325,9.6048,8.2325,9.6048,0.5871099076994194,0.0,,,,,,,,False,,,,TIMING_UNRESOLVED_OR_NOT_RELEASED,False,,,,TIMING_UNRESOLVED_OR_NOT_RELEASED,2022-09,0.2504928835128338,2.253968253968254,0.31746031746031744,1.873015873015873,0.5873015873015873,1.2857142857142858,0.0,0.0,0.06349206349206349,0.7142857142857143,1.0,0.015873015873015872,-0.14419499895911064,-1.253968253968254,-0.31746031746031744,-0.8158730158730159,-0.5873015873015873,-1.2857142857142858,0.0,0.17142857142857143,-0.06349206349206349,-0.4285714285714286,-1.0,-0.015873015873015872,0.10547691710159603,0.0008209674521271193,1.0,0.0,0.0,0.0,1.0769230769230769,-0.01978021978021971,0.0,0.0,0.0,0.0,0.0,0.0,0.23076923076923078,-0.05934065934065935,0.0,0.0,0.2857142857142857,0.0,0.0,0.0,0.0,0.0,-0.8823529411764706,0,0.25722046708019486,1,0,1,1,0,0,1,0.5714285714285714,0.33535452013202455,0.6097973503053566,0,0,0,0.33535452013202455,0.6707090402640491
2022-10,2022-10,S1_Day7,1,2022-10-07 23:59:59,extended_historical_test,extended_historical_test,40.4,40.4,True,True,31.7,2022-07,2022-09-14,,CONSERVATIVE_MONTH_END_PLUS_45D_PROXY,False,3,23,31.7,2022-07,9.63346,0.1319507937827202,10.132227706683006,False,,,,,,,8,2022-10-07,0.29142113242826184,1.5,0.75,0.5,0.125,0.375,0.0,0.0,0.0,0.0,0.0,0.125,0.0,0.25,0.75,0.125,0.0,0.5,0.25,0.125,-0.25,0.0,0.0,0.0,0.0,0.2857142857142857,0.14285714285714285,0.14285714285714285,information timestamp <= nowcast cutoff,verified GSS release date where available; otherwise conservative observation month-end +45 days; target month itself always excluded,0.0,,True,5.0,2022-10-07,9.6248,9.6375,9.6248,9.6375,0.0044369358796355,0.0,,,,,,,,False,,,,TIMING_UNRESOLVED_OR_NOT_RELEASED,False,,,,TIMING_UNRESOLVED_OR_NOT_RELEASED,2022-10,0.10629788455372315,1.0,0.0,1.0571428571428572,0.0,0.0,0.0,0.17142857142857143,0.0,0.2857142857142857,0.0,0.0,0.1851232478745387,0.5,0.0,-0.30714285714285716,0.0,0.25,-0.25,-0.17142857142857143,0.0,-0.14285714285714285,0.0,0.0,0.10629788455372315,0.1851232478745387,1.0,0.5,0.0,0.0,1.0571428571428572,-0.30714285714285716,0.0,0.0,0.0,0.25,0.0,-0.25,0.17142857142857143,-0.17142857142857143,0.0,0.0,0.2857142857142857,-0.14285714285714285,0.0,0.0,0.0,0.0,0.5,0,0.28319860023102555,0,0,0,1,0,1,1,0.42857142857142855,0.17245933120185458,0.6097973503053566,0,0,0,0.17245933120185458,0.5173779936055638
2022-10,2022-10,S2_Day14,2,2022-10-14 23:59:59,extended_historical_test,extended_historical_test,40.4,40.4,True,True,31.7,2022-07,2022-09-14,,CONSERVATIVE_MONTH_END_PLUS_45D_PROXY,False,3,30,31.7,2022-07,9.87577,11.346729282686386,12.902378835727646,False,,,,,,,16,2022-10-14,0.22099964448541976,1.25,0.8125,0.375,0.125,0.375,0.0,0.0,0.0,0.0,0.0,0.0625,0.0,0.1875,0.75,0.125,0.0,0.3125,0.0,0.0625,-0.125,0.0,0.0,0.0,0.0,0.14285714285714285,0.14285714285714285,0.0,information timestamp <= nowcast cutoff,verified GSS release date where available; otherwise conservative observation month-end +45 days; target month itself always excluded,0.0,,True,10.0,2022-10-14,9.6248,10.7169,9.6248,10.7169,0.4221646267749111,0.0,,,,,,,,False,,,,TIMING_UNRESOLVED_OR_NOT_RELEASED,False,,,,TIMING_UNRESOLVED_OR_NOT_RELEASED,2022-10,0.10629788455372315,1.0,0.0,1.0571428571428572,0.0,0.0,0.0,0.17142857142857143,0.0,0.2857142857142857,0.0,0.0,0.11470175993169661,0.25,0.0,-0.30714285714285716,0.0,0.0,-0.125,-0.17142857142857143,0.0,-0.2857142857142857,0.0,0.0,0.29142113242826184,-0.07042148794284209,1.5,-0.25,0.0,0.0,0.75,0.0,0.0,0.0,0.25,-0.25,-0.25,0.125,0.0,0.0,0.0,0.0,0.14285714285714285,-0.14285714285714285,0.0,0.0,0.0,0.0,-0.75,0,0.24786351257490166,0,0,0,1,0,1,0,0.2857142857142857,0.14013430322981943,0.6097973503053566,0,0,0,0.14013430322981943,0.42040290968945826
2022-10,2022-10,S3_Day21,3,2022-10-21 23:59:59,extended_historical_test,extended_historical_test,40.4,40.4,True,True,33.9,2022-08,2022-10-15,,CONSERVATIVE_MONTH_END_PLUS_45D_PROXY,False,2,6,33.9,2022-08,10.462140000000002,30.19179619316763,19.605913636346315,False,,,,,,,33,2022-10-21,0.17365231912307,0.9090909090909091,0.7878787878787878,0.30303030303030304,0.06060606060606061,0.45454545454545453,0.0,0.0,0.0,0.0,0.0,0.06060606060606061,0.0,0.12121212121212122,0.45454545454545453,0.15151515151515152,0.15151515151515152,0.3333333333333333,0.06060606060606061,0.030303030303030304,-0.06060606060606061,0.0,0.0,0.0,0.0,0.42857142857142855,0.14285714285714285,0.2857142857142857,information timestamp <= nowcast cutoff,verified GSS release date where available; otherwise conservative observation month-end +45 days; target month itself always excluded,0.0,,True,15.0,2022-10-21,9.6248,12.5307,9.6248,12.5886,1.0026612228132357,0.0,,,,,,,,False,,,,TIMING_UNRESOLVED_OR_NOT_RELEASED,False,,,,TIMING_UNRESOLVED_OR_NOT_RELEASED,2022-10,0.10629788455372315,1.0,0.0,1.0571428571428572,0.0,0.0,0.0,0.17142857142857143,0.0,0.2857142857142857,0.0,0.0,0.06735443456934685,-0.09090909090909094,0.0,-0.6025974025974026,0.15151515151515152,0.06060606060606061,-0.06060606060606061,-0.17142857142857143,0.0,0.0,0.0,0.0,0.22099964448541976,-0.04734732536234976,1.25,-0.34090909090909094,0.0,0.0,0.75,-0.29545454545454547,0.0,0.15151515151515152,0.0,0.06060606060606061,-0.125,0.06439393939393939,0.0,0.0,0.0,0.0,0.0,0.2857142857142857,0.0,0.0,0.0,0.0,-0.09090909090909094,0,0.20433270455474106,0,0,1,1,0,0,0,0.2857142857142857,0.05128306183206774,0.6097973503053566,0,0,0,0.05128306183206774,0.10256612366413548
2022-10,2022-10,S4_MonthEnd,4,2022-10-31 23:59:59,extended_historical_test,extended_historical_test,40.4,40.4,True,True,33.9,2022-08,2022-10-15,,CONSERVATIVE_MONTH_END_PLUS_45D_PROXY,False,2,16,33.9,2022-08,11.167123809523808,35.15709417338542,27.66547244906789,False,,,,,,,56,2022-10-31,0.17798689962864045,0.9821428571428571,0.6071428571428571,0.2857142857142857,0.03571428571428571,0.4107142857142857,0.0,0.0,0.0,0.0,0.0,0.10714285714285714,0.05357142857142857,0.25,0.5,0.21428571428571427,0.23214285714285715,0.21428571428571427,0.03571428571428571,0.05357142857142857,-0.03571428571428571,0.10714285714285714,0.10714285714285714,0.0,0.0,0.7142857142857143,0.14285714285714285,0.5714285714285714,information timestamp <= nowcast cutoff,verified GSS release date where available; otherwise conservative observation month-end +45 days; target month itself always excluded,0.0,,True,21.0,2022-10-31,9.6248,13.0086,9.6248,13.0093,1.403407858751167,0.0,,,,,,,,False,,,,TIMING_UNRESOLVED_OR_NOT_RELEASED,False,,,,TIMING_UNRESOLVED_OR_NOT_RELEASED,2022-10,0.10629788455372315,1.0,0.0,1.0571428571428572,0.0,0.0,0.0,0.17142857142857143,0.0,0.2857142857142857,0.0,0.0,0.0716890150749173,-0.017857142857142905,0.05357142857142857,-0.5571428571428572,0.23214285714285715,0.03571428571428571,-0.03571428571428571,-0.0642857142857143,0.0,0.2857142857142857,0.0,0.0,0.17365231912307,0.004334580505570451,0.9090909090909091,0.07305194805194803,0.0,0.05357142857142857,0.45454545454545453,0.04545454545454547,0.15151515151515152,0.08062770562770563,0.06060606060606061,-0.024891774891774895,-0.06060606060606061,0.024891774891774895,0.0,0.10714285714285714,0.0,0.0,0.2857142857142857,0.2857142857142857,0.0,0.0,0.0,0.0,0.413961038961039,0,0.24550668390156488,0,0,1,0,0,0,0,0.14285714285714285,0.062307529620369416,0.6097973503053566,0,0,0,0.062307529620369416,0.12461505924073883
2022-11,2022-11,S1_Day7,1,2022-11-07 23:59:59,extended_historical_test,extended_historical_test,50.3,50.3,True,True,33.9,2022-08,2022-10-15,,CONSERVATIVE_MONTH_END_PLUS_45D_PROXY,False,3,23,33.9,2022-08,13.010320000000002,0.07302973463299,16.505558834265234,False,,,,,,,20,2022-11-07,0.24812243379948468,1.35,0.3,0.4,0.05,0.4,1.0,0.0,1.0,1.0,0.05,0.15,0.2,0.2,0.7,0.6,0.45,0.0,0.0,0.0,0.0,0.15,0.05,0.0,0.0,0.5714285714285714,0.0,0.5714285714285714,information timestamp <= nowcast cutoff,verified GSS release date where available; otherwise conservative observation month-end +45 days; target month itself always excluded,0.0,,True,5.0,2022-11-07,13.0084,13.0179,13.0077,13.0179,0.0038300913827214,0.0,,,,,,,,False,,,,TIMING_UNRESOLVED_OR_NOT_RELEASED,False,,,,TIMING_UNRESOLVED_OR_NOT_RELEASED,2022-11,0.17798689962864045,0.9821428571428571,0.05357142857142857,0.5,0.23214285714285715,0.03571428571428571,-0.03571428571428571,0.10714285714285714,0.0,0.5714285714285714,0.0,0.0,0.07013553417084423,0.367857142857143,0.14642857142857144,0.19999999999999996,0.21785714285714286,-0.03571428571428571,0.03571428571428571,-0.057142857142857134,0.0,0.0,1.0,0.05,0.17798689962864045,0.07013553417084423,0.9821428571428571,0.367857142857143,0.05357142857142857,0.14642857142857144,0.5,0.19999999999999996,0.23214285714285715,0.21785714285714286,0.03571428571428571,-0.03571428571428571,-0.03571428571428571,0.03571428571428571,0.10714285714285714,-0.057142857142857134,0.0,0.0,0.5714285714285714,0.0,0.0,1.0,0.0,0.05,0.367857142857143,0,0.37449602524164516,0,0,0,0,0,0,0,0.0,0.11594108730011421,0.6097973503053566,0,0,0,0.11594108730011421,0.34782326190034263
2022-11,2022-11,S2_Day14,2,2022-11-14 23:59:59,extended_historical_test,extended_historical_test,50.3,50.3,True,True,37.5,2022-09,2022-11-14,,CONSERVATIVE_MONTH_END_PLUS_45D_PROXY,False,2,0,37.5,2022-09,13.037810000000002,0.5573321853571622,16.751727861034293,False,,,,,,,30,2022-11-14,0.2167581960673949,1.2,0.36666666666666664,0.3333333333333333,0.03333333333333333,0.3,1.0,0.0,1.0,1.0,0.03333333333333333,0.1,0.13333333333333333,0.2,0.5666666666666667,0.5333333333333333,0.4,0.0,0.0,0.03333333333333333,0.0,0.2,0.03333333333333333,0.0,0.0,0.5714285714285714,0.0,0.5714285714285714,information timestamp <= nowcast cutoff,verified GSS release date where available; otherwise conservative observation month-end +45 days; target month itself always excluded,0.0,,True,10.0,2022-11-14,13.0084,13.0809,13.0077,13.0809,0.0298957338093583,0.0,,,,,,,,False,,,,TIMING_UNRESOLVED_OR_NOT_RELEASED,False,,,,TIMING_UNRESOLVED_OR_NOT_RELEASED,2022-11,0.17798689962864045,0.9821428571428571,0.05357142857142857,0.5,0.23214285714285715,0.03571428571428571,-0.03571428571428571,0.10714285714285714,0.0,0.5714285714285714,0.0,0.0,0.03877129643875446,0.21785714285714286,0.07976190476190476,0.06666666666666665,0.16785714285714287,-0.03571428571428571,0.03571428571428571,-0.0738095238095238,0.0,0.0,1.0,0.03333333333333333,0.24812243379948468,-0.03136423773208977,1.35,-0.15000000000000013,0.2,-0.06666666666666668,0.7,-0.1333333333333333,0.45,-0.04999999999999999,0.0,0.0,0.0,0.0,0.05,-0.01666666666666667,0.0,0.0,0.5714285714285714,0.0,1.0,0.0,0.05,-0.01666666666666667,-0.5178571428571431,0,0.33932613407968965,0,0,0,0,0,0,0,0.0,0.0926355565177859,0.6097973503053566,0,0,0,0.0926355565177859,0.1852711130355718
2022-11,2022-11,S3_Day21,3,2022-11-21 23:59:59,extended_historical_test,extended_historical_test,50.3,50.3,True,True,37.5,2022-09,2022-11-14,,CONSERVATIVE_MONTH_END_PLUS_45D_PROXY,False,2,7,37.5,2022-09,13.058080000000002,0.7456720273054218,16.933242818204498,False,,,,,,,37,2022-11-21,0.19867647356700974,1.1081081081081081,0.43243243243243246,0.2972972972972973,0.02702702702702703,0.2702702702702703,1.0,0.0,1.0,1.0,0.02702702702702703,0.10810810810810811,0.10810810810810811,0.1891891891891892,0.5945945945945946,0.4594594594594595,0.4594594594594595,0.0,0.0,0.05405405405405406,0.0,0.16216216216216217,0.02702702702702703,0.0,0.0,0.5714285714285714,0.0,0.5714285714285714,information timestamp <= nowcast cutoff,verified GSS release date where available; otherwise conservative observation month-end +45 days; target month itself always excluded,0.0,,True,15.0,2022-11-21,13.0084,13.1054,13.0077,13.1057,0.0380685381910051,0.0,,,,,,,,False,,,,TIMING_UNRESOLVED_OR_NOT_RELEASED,False,,,,TIMING_UNRESOLVED_OR_NOT_RELEASED,2022-11,0.17798689962864045,0.9821428571428571,0.05357142857142857,0.5,0.23214285714285715,0.03571428571428571,-0.03571428571428571,0.10714285714285714,0.0,0.5714285714285714,0.0,0.0,0.020689573938369288,0.12596525096525102,0.054536679536679546,0.09459459459459463,0.22731660231660233,-0.03571428571428571,0.03571428571428571,-0.08011583011583011,0.0,0.0,1.0,0.02702702702702703,0.2167581960673949,-0.018081722500385172,1.2,-0.09189189189189184,0.13333333333333333,-0.025225225225225217,0.5666666666666667,0.027927927927927976,0.4,0.05945945945945946,0.0,0.0,0.0,0.0,0.03333333333333333,-0.006306306306306304,0.0,0.0,0.5714285714285714,0.0,1.0,0.0,0.03333333333333333,-0.006306306306306304,0.05810810810810829,0,0.3301690697786935,0,0,0,0,0,0,0,0.0,0.03988521282771475,0.6097973503053566,0,0,0,0.03988521282771475,0.0797704256554295
2022-11,2022-11,S4_MonthEnd,4,2022-11-30 23:59:59,extended_historical_test,extended_historical_test,50.3,50.3,True,True,37.5,2022-09,2022-11-14,,CONSERVATIVE_MONTH_END_PLUS_45D_PROXY,False,2,16,37.5,2022-09,13.073004545454546,0.7379846868177387,17.06688999279582,False,,,,,,,63,2022-11-30,0.17770151201196766,0.9523809523809523,0.4444444444444444,0.2857142857142857,0.031746031746031744,0.42857142857142855,2.0,0.0,2.0,1.0,0.031746031746031744,0.1111111111111111,0.09523809523809523,0.20634920634920634,0.4603174603174603,0.3492063492063492,0.3333333333333333,0.07936507936507936,0.06349206349206349,0.2222222222222222,0.09523809523809523,0.09523809523809523,0.015873015873015872,0.0,0.0,0.8571428571428571,0.0,0.8571428571428571,information timestamp <= nowcast cutoff,verified GSS release date where available; otherwise conservative observation month-end +45 days; target month itself always excluded,0.0,,True,22.0,2022-11-30,13.0084,13.1044,13.0077,13.1057,0.0382811664740192,0.0,,,,,,,,False,,,,TIMING_UNRESOLVED_OR_NOT_RELEASED,False,,,,TIMING_UNRESOLVED_OR_NOT_RELEASED,2022-11,0.17798689962864045,0.9821428571428571,0.05357142857142857,0.5,0.23214285714285715,0.03571428571428571,-0.03571428571428571,0.10714285714285714,0.0,0.5714285714285714,0.0,0.0,-0.0002853876166727942,-0.029761904761904767,0.041666666666666664,-0.03968253968253971,0.10119047619047616,0.027777777777777776,0.13095238095238093,-0.09126984126984126,0.0,0.2857142857142857,1.0,0.031746031746031744,0.19867647356700974,-0.020974961555042082,1.1081081081081081,-0.15572715572715579,0.10810810810810811,-0.012870012870012881,0.5945945945945946,-0.13427713427713434,0.4594594594594595,-0.12612612612612617,0.0,0.06349206349206349,0.0,0.09523809523809523,0.02702702702702703,-0.011154011154011156,0.0,0.0,0.5714285714285714,0.2857142857142857,1.0,0.0,0.02702702702702703,0.004719004719004716,-0.06383526383526394,0,0.30634475470528877,0,0,0,0,0,1,0,0.14285714285714285,0.05443841303168778,0.6097973503053566,0,0,0,0.05443841303168778,0.10887682606337556
2022-12,2022-12,S1_Day7,1,2022-12-07 23:59:59,extended_historical_test,extended_historical_test,54.1,54.1,True,True,37.5,2022-09,2022-11-14,,CONSERVATIVE_MONTH_END_PLUS_45D_PROXY,False,3,23,37.5,2022-09,13.047675,-1.5560253054434092,-0.1937545830912546,False,,,,,,,5,2022-12-07,0.0,0.0,0.6,0.0,0.0,0.6,0.0,0.0,0.0,0.0,0.0,0.4,0.0,0.2,0.0,0.2,0.0,0.0,0.0,0.4,0.0,0.0,0.0,0.0,0.0,0.0,0.0,0.0,information timestamp <= nowcast cutoff,verified GSS release date where available; otherwise conservative observation month-end +45 days; target month itself always excluded,0.0,,True,4.0,2022-12-07,13.1039,12.9,12.9,13.1039,0.0856602409230791,0.0,,,,,,,,False,,,,TIMING_UNRESOLVED_OR_NOT_RELEASED,False,,,,TIMING_UNRESOLVED_OR_NOT_RELEASED,2022-12,0.17770151201196766,0.9523809523809523,0.09523809523809523,0.4603174603174603,0.3333333333333333,0.06349206349206349,0.09523809523809523,0.015873015873015872,0.0,0.8571428571428571,1.0,0.031746031746031744,-0.17770151201196766,-0.9523809523809523,-0.09523809523809523,-0.4603174603174603,-0.3333333333333333,-0.06349206349206349,-0.09523809523809523,-0.015873015873015872,0.0,-0.8571428571428571,-1.0,-0.031746031746031744,0.17770151201196766,-0.17770151201196766,0.9523809523809523,-0.9523809523809523,0.09523809523809523,-0.09523809523809523,0.4603174603174603,-0.4603174603174603,0.3333333333333333,-0.3333333333333333,0.06349206349206349,-0.06349206349206349,0.09523809523809523,-0.09523809523809523,0.015873015873015872,-0.015873015873015872,0.0,0.0,0.8571428571428571,-0.8571428571428571,1.0,-1.0,0.031746031746031744,-0.031746031746031744,-0.9523809523809523,1,0.0,0,1,1,0,0,0,0,0.2857142857142857,0.49302232602892765,0.6097973503053566,0,0,0,0.49302232602892765,1.479066978086783
2022-12,2022-12,S2_Day14,2,2022-12-14 23:59:59,extended_historical_test,extended_historical_test,54.1,54.1,True,True,37.5,2022-09,2022-11-14,,CONSERVATIVE_MONTH_END_PLUS_45D_PROXY,False,3,30,37.5,2022-09,12.093744444444445,-29.02876242950572,-7.490704203499943,False,,,,,,,13,2022-12-14,0.02741089326023913,0.23076923076923078,0.5384615384615384,0.15384615384615385,0.15384615384615385,0.5384615384615384,0.0,0.0,0.0,0.0,0.0,0.15384615384615385,0.0,0.07692307692307693,0.0,0.23076923076923078,-0.5384615384615384,0.07692307692307693,0.0,0.3076923076923077,0.46153846153846156,0.15384615384615385,-0.38461538461538464,0.0,0.0,0.14285714285714285,0.2857142857142857,-0.14285714285714285,information timestamp <= nowcast cutoff,verified GSS release date where available; otherwise conservative observation month-end +45 days; target month itself always excluded,0.0,,True,9.0,2022-12-14,13.1039,9.3,9.3,13.1039,1.314582280178013,0.0,,,,,,,,False,,,,TIMING_UNRESOLVED_OR_NOT_RELEASED,False,,,,TIMING_UNRESOLVED_OR_NOT_RELEASED,2022-12,0.17770151201196766,0.9523809523809523,0.09523809523809523,0.4603174603174603,0.3333333333333333,0.06349206349206349,0.09523809523809523,0.015873015873015872,0.0,0.8571428571428571,1.0,0.031746031746031744,-0.15029061875172853,-0.7216117216117215,-0.09523809523809523,-0.4603174603174603,-0.8717948717948718,-0.06349206349206349,0.36630036630036633,-0.4004884004884005,0.0,-1.0,-1.0,-0.031746031746031744,0.0,0.02741089326023913,0.0,0.23076923076923078,0.0,0.0,0.0,0.0,0.0,-0.5384615384615384,0.0,0.0,0.0,0.46153846153846156,0.0,-0.38461538461538464,0.0,0.0,0.0,-0.14285714285714285,0.0,0.0,0.0,0.0,1.1831501831501832,0,-0.012224564780121999,0,1,1,1,0,0,0,0.42857142857142855,0.2935845467942239,0.6097973503053566,0,0,0,0.2935845467942239,0.8807536403826717
2022-12,2022-12,S3_Day21,3,2022-12-21 23:59:59,extended_historical_test,extended_historical_test,54.1,54.1,True,True,40.4,2022-10,2022-12-15,,CONSERVATIVE_MONTH_END_PLUS_45D_PROXY,False,2,6,40.4,2022-10,10.632885714285711,-38.880791214829166,-18.665325348007,False,,,,,,,21,2022-12-21,-0.036098367678164586,-0.23809523809523808,0.42857142857142855,0.14285714285714285,0.19047619047619047,0.42857142857142855,0.0,0.0,0.0,0.0,0.0,0.09523809523809523,0.0,0.14285714285714285,-0.14285714285714285,0.2857142857142857,-0.6666666666666666,0.09523809523809523,0.09523809523809523,0.23809523809523808,0.2857142857142857,0.19047619047619047,-0.23809523809523808,0.047619047619047616,0.0,0.2857142857142857,0.42857142857142855,-0.14285714285714285,information timestamp <= nowcast cutoff,verified GSS release date where available; otherwise conservative observation month-end +45 days; target month itself always excluded,0.0,,True,14.0,2022-12-21,13.1039,8.009,8.001,13.1039,2.225384596570458,0.0,,,,,,,,False,,,,TIMING_UNRESOLVED_OR_NOT_RELEASED,False,,,,TIMING_UNRESOLVED_OR_NOT_RELEASED,2022-12,0.17770151201196766,0.9523809523809523,0.09523809523809523,0.4603174603174603,0.3333333333333333,0.06349206349206349,0.09523809523809523,0.015873015873015872,0.0,0.8571428571428571,1.0,0.031746031746031744,-0.21379987969013226,-1.1904761904761905,-0.09523809523809523,-0.6031746031746031,-1.0,0.031746031746031744,0.19047619047619047,-0.25396825396825395,0.0,-1.0,-1.0,-0.031746031746031744,0.02741089326023913,-0.06350926093840371,0.23076923076923078,-0.46886446886446886,0.0,0.0,0.0,-0.14285714285714285,-0.5384615384615384,-0.1282051282051282,0.0,0.09523809523809523,0.46153846153846156,-0.17582417582417587,-0.38461538461538464,0.14652014652014655,0.0,0.0,-0.14285714285714285,0.0,0.0,0.0,0.0,0.0,-0.6996336996336996,1,-0.10331000979252555,0,1,1,1,0,0,0,0.42857142857142855,0.5300674627436784,0.6097973503053566,0,0,0,0.5300674627436784,1.0601349254873569
2022-12,2022-12,S4_MonthEnd,4,2022-12-31 23:59:59,extended_historical_test,extended_historical_test,54.1,54.1,True,True,40.4,2022-10,2022-12-15,,CONSERVATIVE_MONTH_END_PLUS_45D_PROXY,False,2,16,40.4,2022-10,10.034705263157894,-34.553835117789355,-23.241017562049738,False,,,,,,,31,2022-12-30,-0.11266440461455511,-0.6774193548387096,0.3548387096774194,0.16129032258064516,0.3225806451612903,0.3870967741935484,0.0,0.0,0.0,0.0,0.0,0.0967741935483871,-0.1935483870967742,0.2903225806451613,-0.3548387096774194,0.3548387096774194,-0.6451612903225806,0.0967741935483871,-0.12903225806451613,0.1935483870967742,0.1935483870967742,0.12903225806451613,-0.16129032258064516,0.03225806451612903,0.0,0.14285714285714285,0.7142857142857143,-0.5714285714285714,information timestamp <= nowcast cutoff,verified GSS release date where available; otherwise conservative observation month-end +45 days; target month itself always excluded,0.0,,True,19.0,2022-12-30,13.1039,8.576,8.001,13.1039,2.157328798714228,0.0,,,,,,,,False,,,,TIMING_UNRESOLVED_OR_NOT_RELEASED,False,,,,TIMING_UNRESOLVED_OR_NOT_RELEASED,2022-12,0.17770151201196766,0.9523809523809523,0.09523809523809523,0.4603174603174603,0.3333333333333333,0.06349206349206349,0.09523809523809523,0.015873015873015872,0.0,0.8571428571428571,1.0,0.031746031746031744,-0.2903659166265228,-1.629800307219662,-0.2887864823348694,-0.8151561699948797,-0.978494623655914,-0.19252432155657961,0.09831029185867896,-0.17716333845366103,0.0,-1.4285714285714284,-1.0,-0.031746031746031744,-0.036098367678164586,-0.07656603693639052,-0.23809523809523808,-0.43932411674347155,0.0,-0.1935483870967742,-0.14285714285714285,-0.21198156682027652,-0.6666666666666666,0.021505376344086002,0.09523809523809523,-0.22427035330261136,0.2857142857142857,-0.09216589861751151,-0.23809523809523808,0.07680491551459293,0.0,0.0,-0.14285714285714285,-0.42857142857142855,0.0,0.0,0.0,0.0,0.029540352120997315,1,-0.2228242128740512,1,1,1,1,0,0,1,0.7142857142857143,0.5803721048905841,0.6097973503053566,0,0,0,0.5803721048905841,1.1607442097811682
2023-01,2023-01,S1_Day7,1,2023-01-07 23:59:59,extended_historical_test,extended_historical_test,53.6,53.6,True,True,40.4,2022-10,2022-12-15,,CONSERVATIVE_MONTH_END_PLUS_45D_PROXY,False,3,23,40.4,2022-10,8.701925,4.876543209876538,-13.281708114050506,False,,,,,,,6,2023-01-05,0.006632210925966229,0.6666666666666666,0.8333333333333334,0.16666666666666666,0.3333333333333333,0.3333333333333333,0.0,0.0,0.0,0.0,0.0,0.16666666666666666,0.0,0.0,0.0,0.3333333333333333,-0.3333333333333333,0.5,1.0,0.0,0.0,0.0,0.0,0.0,0.0,0.14285714285714285,0.14285714285714285,0.0,information timestamp <= nowcast cutoff,verified GSS release date where available; otherwise conservative observation month-end +45 days; target month itself always excluded,0.0,,True,4.0,2023-01-06,8.586,9.0047,8.586,9.0047,0.1750573245397059,0.0,,,,,,,,False,,,,TIMING_UNRESOLVED_OR_NOT_RELEASED,False,,,,TIMING_UNRESOLVED_OR_NOT_RELEASED,2023-01,-0.11266440461455511,-0.6774193548387096,-0.1935483870967742,-0.3548387096774194,-0.6451612903225806,-0.12903225806451613,0.1935483870967742,-0.16129032258064516,0.0,-0.5714285714285714,0.0,0.0,0.11929661554052134,1.3440860215053763,0.1935483870967742,0.3548387096774194,0.3118279569892473,1.129032258064516,-0.1935483870967742,0.16129032258064516,0.0,0.5714285714285714,0.0,0.0,-0.11266440461455511,0.11929661554052134,-0.6774193548387096,1.3440860215053763,-0.1935483870967742,0.1935483870967742,-0.3548387096774194,0.3548387096774194,-0.6451612903225806,0.3118279569892473,-0.12903225806451613,1.129032258064516,0.1935483870967742,-0.1935483870967742,-0.16129032258064516,0.16129032258064516,0.0,0.0,-0.5714285714285714,0.5714285714285714,0.0,0.0,0.0,0.0,1.3440860215053763,1,0.09601541684360908,1,1,0,1,0,1,1,0.7142857142857143,0.5931610831533082,0.6097973503053566,0,0,0,0.5931610831533082,1.7794832494599246
2023-01,2023-01,S2_Day14,2,2023-01-14 23:59:59,extended_historical_test,extended_historical_test,53.6,53.6,True,True,50.3,2022-11,2023-01-14,,CONSERVATIVE_MONTH_END_PLUS_45D_PROXY,False,2,0,50.3,2022-11,9.0284375,20.378523177265293,-10.027875625329784,False,,,,,,,13,2023-01-13,0.07996511356952497,1.6923076923076923,0.8461538461538461,0.15384615384615385,0.15384615384615385,0.3076923076923077,0.0,0.0,0.0,0.0,0.0,0.15384615384615385,0.0,0.0,0.0,0.3076923076923077,-0.15384615384615385,0.3076923076923077,0.46153846153846156,0.0,0.0,0.0,0.0,0.0,0.0,0.14285714285714285,0.14285714285714285,0.0,information timestamp <= nowcast cutoff,verified GSS release date where available; otherwise conservative observation month-end +45 days; target month itself always excluded,0.0,,True,8.0,2023-01-13,8.586,10.3357,8.586,10.3357,0.5313396181763126,0.0,,,,,,,,False,,,,TIMING_UNRESOLVED_OR_NOT_RELEASED,False,,,,TIMING_UNRESOLVED_OR_NOT_RELEASED,2023-01,-0.11266440461455511,-0.6774193548387096,-0.1935483870967742,-0.3548387096774194,-0.6451612903225806,-0.12903225806451613,0.1935483870967742,-0.16129032258064516,0.0,-0.5714285714285714,0.0,0.0,0.19262951818408008,2.369727047146402,0.1935483870967742,0.3548387096774194,0.4913151364764268,0.5905707196029777,-0.1935483870967742,0.16129032258064516,0.0,0.5714285714285714,0.0,0.0,0.006632210925966229,0.07333290264355874,0.6666666666666666,1.0256410256410255,0.0,0.0,0.0,0.0,-0.3333333333333333,0.17948717948717946,1.0,-0.5384615384615384,0.0,0.0,0.0,0.0,0.0,0.0,0.0,0.0,0.0,0.0,0.0,0.0,-0.3184449958643507,1,0.23349201067804887,1,1,0,1,0,1,1,0.7142857142857143,0.6138262346600004,0.6097973503053566,1,1,0,0.6138262346600004,1.2276524693200008
2023-01,2023-01,S3_Day21,3,2023-01-21 23:59:59,extended_historical_test,extended_historical_test,53.6,53.6,True,True,50.3,2022-11,2023-01-14,,CONSERVATIVE_MONTH_END_PLUS_45D_PROXY,False,2,7,50.3,2022-11,9.53673846153846,20.613789890519453,-4.962445717740249,False,,,,,,,24,2023-01-20,0.04331443651682604,0.9166666666666666,0.625,0.125,0.125,0.4583333333333333,0.0,0.0,0.0,0.0,0.0,0.125,0.0,0.08333333333333333,0.0,0.375,-0.25,0.20833333333333334,0.25,0.0,0.0,0.0,0.0,0.041666666666666664,0.0,0.14285714285714285,0.14285714285714285,0.0,information timestamp <= nowcast cutoff,verified GSS release date where available; otherwise conservative observation month-end +45 days; target month itself always excluded,0.0,,True,13.0,2023-01-20,8.586,10.3559,8.586,10.3562,0.7662594936427428,0.0,,,,,,,,False,,,,TIMING_UNRESOLVED_OR_NOT_RELEASED,False,,,,TIMING_UNRESOLVED_OR_NOT_RELEASED,2023-01,-0.11266440461455511,-0.6774193548387096,-0.1935483870967742,-0.3548387096774194,-0.6451612903225806,-0.12903225806451613,0.1935483870967742,-0.16129032258064516,0.0,-0.5714285714285714,0.0,0.0,0.15597884113138116,1.5940860215053763,0.1935483870967742,0.3548387096774194,0.3951612903225806,0.3790322580645161,-0.1935483870967742,0.16129032258064516,0.0,0.5714285714285714,0.0,0.0,0.07996511356952497,-0.036650677052698935,1.6923076923076923,-0.7756410256410257,0.0,0.0,0.0,0.0,-0.15384615384615385,-0.09615384615384615,0.46153846153846156,-0.21153846153846156,0.0,0.0,0.0,0.0,0.0,0.0,0.0,0.0,0.0,0.0,0.0,0.0,-1.801282051282051,1,0.13761840046657947,1,1,0,1,0,1,1,0.7142857142857143,0.6393246189282359,0.6097973503053566,1,1,0,0.6393246189282359,1.2786492378564718
2023-01,2023-01,S4_MonthEnd,4,2023-01-31 23:59:59,extended_historical_test,extended_historical_test,53.6,53.6,True,True,50.3,2022-11,2023-01-14,,CONSERVATIVE_MONTH_END_PLUS_45D_PROXY,False,2,17,50.3,2022-11,9.90936,25.782669461914743,-1.249117536297717,False,,,,,,,38,2023-01-31,0.1426734350860479,1.7105263157894737,0.631578947368421,0.23684210526315788,0.07894736842105263,0.5,1.0,0.0,1.0,1.0,0.02631578947368421,0.10526315789473684,0.05263157894736842,0.05263157894736842,0.0,0.34210526315789475,0.02631578947368421,0.23684210526315788,1.0526315789473684,0.0,0.0,0.0,0.0,0.05263157894736842,0.0,0.42857142857142855,0.0,0.42857142857142855,information timestamp <= nowcast cutoff,verified GSS release date where available; otherwise conservative observation month-end +45 days; target month itself always excluded,0.0,,True,20.0,2023-01-31,8.586,10.7997,8.586,10.8,0.8070328725646804,0.0,,,,,,,,False,,,,TIMING_UNRESOLVED_OR_NOT_RELEASED,False,,,,TIMING_UNRESOLVED_OR_NOT_RELEASED,2023-01,-0.11266440461455511,-0.6774193548387096,-0.1935483870967742,-0.3548387096774194,-0.6451612903225806,-0.12903225806451613,0.1935483870967742,-0.16129032258064516,0.0,-0.5714285714285714,0.0,0.0,0.25533783970060303,2.3879456706281834,0.2461799660441426,0.3548387096774194,0.6714770797962648,1.1816638370118846,-0.1935483870967742,0.16129032258064516,0.0,1.0,1.0,0.02631578947368421,0.04331443651682604,0.09935899856922187,0.9166666666666666,0.793859649122807,0.0,0.05263157894736842,0.0,0.0,-0.25,0.2763157894736842,0.25,0.8026315789473684,0.0,0.0,0.0,0.0,0.0,0.0,0.0,0.42857142857142855,0.0,1.0,0.0,0.02631578947368421,1.5695006747638327,1,0.31952391857919127,1,1,1,1,0,1,1,0.8571428571428571,0.738318333571323,0.6097973503053566,1,1,0,0.738318333571323,1.476636667142646
2023-02,2023-02,S1_Day7,1,2023-02-07 23:59:59,extended_historical_test,extended_historical_test,52.8,52.8,True,True,50.3,2022-11,2023-01-14,,CONSERVATIVE_MONTH_END_PLUS_45D_PROXY,False,3,24,50.3,2022-11,10.799,-0.0083337191536636,8.977774548507679,False,,,,,,,7,2023-02-07,0.38025673761248024,3.142857142857143,0.5714285714285714,0.42857142857142855,0.0,0.7142857142857143,0.0,0.0,0.0,0.0,0.0,0.14285714285714285,1.7142857142857142,0.2857142857142857,0.8571428571428571,0.5714285714285714,0.8571428571428571,0.2857142857142857,0.0,0.2857142857142857,0.5714285714285714,0.14285714285714285,0.0,0.2857142857142857,0.8571428571428571,0.7142857142857143,0.0,0.7142857142857143,information timestamp <= nowcast cutoff,verified GSS release date where available; otherwise conservative observation month-end +45 days; target month itself always excluded,0.0,,True,5.0,2023-02-07,10.7995,10.7986,10.7986,10.7995,0.000328633534503,0.0,,,,,,,,False,,,,TIMING_UNRESOLVED_OR_NOT_RELEASED,False,,,,TIMING_UNRESOLVED_OR_NOT_RELEASED,2023-02,0.1426734350860479,1.7105263157894737,0.05263157894736842,0.0,0.02631578947368421,1.0526315789473684,0.0,0.0,0.0,0.42857142857142855,1.0,0.02631578947368421,0.23758330252643234,1.4323308270676691,1.6616541353383458,0.8571428571428571,0.8308270676691729,-1.0526315789473684,0.5714285714285714,0.0,0.8571428571428571,0.28571428571428575,-1.0,-0.02631578947368421,0.1426734350860479,0.23758330252643234,1.7105263157894737,1.4323308270676691,0.05263157894736842,1.6616541353383458,0.0,0.8571428571428571,0.02631578947368421,0.8308270676691729,1.0526315789473684,-1.0526315789473684,0.0,0.5714285714285714,0.0,0.0,0.0,0.8571428571428571,0.42857142857142855,0.28571428571428575,1.0,-1.0,0.02631578947368421,-0.02631578947368421,1.4323308270676691,0,0.5822081524468015,0,1,0,0,1,1,1,0.5714285714285714,0.378692797282838,0.6097973503053566,0,0,0,0.378692797282838,1.136078391848514
2023-02,2023-02,S2_Day14,2,2023-02-14 23:59:59,extended_historical_test,extended_historical_test,52.8,52.8,True,True,54.1,2022-12,2023-02-14,,CONSERVATIVE_MONTH_END_PLUS_45D_PROXY,False,2,0,54.1,2022-12,10.79926,0.0212972822815959,8.980398330467354,False,,,,,,,14,2023-02-14,0.330572612255982,2.4285714285714284,0.5,0.42857142857142855,0.07142857142857142,0.7142857142857143,0.0,0.0,0.0,0.0,0.0,0.21428571428571427,1.1428571428571428,0.14285714285714285,0.42857142857142855,0.42857142857142855,0.7142857142857143,0.2857142857142857,0.2857142857142857,0.35714285714285715,0.5714285714285714,0.07142857142857142,0.0,0.14285714285714285,0.42857142857142855,0.8571428571428571,0.0,0.8571428571428571,information timestamp <= nowcast cutoff,verified GSS release date where available; otherwise conservative observation month-end +45 days; target month itself always excluded,0.0,,True,10.0,2023-02-14,10.7995,10.8018,10.7983,10.8018,0.0009635351576356,0.0,,,,,,,,False,,,,TIMING_UNRESOLVED_OR_NOT_RELEASED,False,,,,TIMING_UNRESOLVED_OR_NOT_RELEASED,2023-02,0.1426734350860479,1.7105263157894737,0.05263157894736842,0.0,0.02631578947368421,1.0526315789473684,0.0,0.0,0.0,0.42857142857142855,1.0,0.02631578947368421,0.1878991771699341,0.7180451127819547,1.0902255639097744,0.42857142857142855,0.6879699248120301,-0.7669172932330827,0.5714285714285714,0.0,0.42857142857142855,0.42857142857142855,-1.0,-0.02631578947368421,0.38025673761248024,-0.04968412535649824,3.142857142857143,-0.7142857142857144,1.7142857142857142,-0.5714285714285714,0.8571428571428571,-0.42857142857142855,0.8571428571428571,-0.1428571428571428,0.0,0.2857142857142857,0.5714285714285714,0.0,0.0,0.0,0.8571428571428571,-0.42857142857142855,0.7142857142857143,0.1428571428571428,0.0,0.0,0.0,0.0,-2.1466165413533833,0,0.4900869386539846,0,1,0,0,1,1,0,0.42857142857142855,0.3034148435499374,0.6097973503053566,0,0,0,0.3034148435499374,0.6068296870998748
2023-02,2023-02,S3_Day21,3,2023-02-21 23:59:59,extended_historical_test,extended_historical_test,52.8,52.8,True,True,54.1,2022-12,2023-02-14,,CONSERVATIVE_MONTH_END_PLUS_45D_PROXY,False,2,7,54.1,2022-12,10.814053333333334,1.9158294365479775,9.129684796327254,False,,,,,,,17,2023-02-16,0.27223626891669106,2.0,0.5294117647058824,0.35294117647058826,0.058823529411764705,0.5882352941176471,0.0,0.0,0.0,0.0,0.0,0.17647058823529413,0.9411764705882353,0.11764705882352941,0.35294117647058826,0.4117647058823529,0.5882352941176471,0.23529411764705882,0.23529411764705882,0.29411764705882354,0.47058823529411764,0.058823529411764705,0.0,0.11764705882352941,0.35294117647058826,0.8571428571428571,0.0,0.8571428571428571,information timestamp <= nowcast cutoff,verified GSS release date where available; otherwise conservative observation month-end +45 days; target month itself always excluded,0.0,,True,15.0,2023-02-21,10.7995,11.0064,10.7983,11.0064,0.051440397441008,0.0,,,,,,,,False,,,,TIMING_UNRESOLVED_OR_NOT_RELEASED,False,,,,TIMING_UNRESOLVED_OR_NOT_RELEASED,2023-02,0.1426734350860479,1.7105263157894737,0.05263157894736842,0.0,0.02631578947368421,1.0526315789473684,0.0,0.0,0.0,0.42857142857142855,1.0,0.02631578947368421,0.12956283383064315,0.2894736842105263,0.8885448916408669,0.35294117647058826,0.5619195046439629,-0.8173374613003095,0.47058823529411764,0.0,0.35294117647058826,0.42857142857142855,-1.0,-0.02631578947368421,0.330572612255982,-0.05833634333929094,2.4285714285714284,-0.4285714285714284,1.1428571428571428,-0.2016806722689075,0.42857142857142855,-0.07563025210084029,0.7142857142857143,-0.12605042016806722,0.2857142857142857,-0.05042016806722688,0.5714285714285714,-0.10084033613445376,0.0,0.0,0.42857142857142855,-0.07563025210084029,0.8571428571428571,0.0,0.0,0.0,0.0,0.0,0.28571428571428603,0,0.43874054608423463,0,1,0,0,1,1,0,0.42857142857142855,0.13587678741344233,0.6097973503053566,0,0,0,0.13587678741344233,0.27175357482688467
2023-02,2023-02,S4_MonthEnd,4,2023-02-28 23:59:59,extended_historical_test,extended_historical_test,52.8,52.8,True,True,54.1,2022-12,2023-02-14,,CONSERVATIVE_MONTH_END_PLUS_45D_PROXY,False,2,14,54.1,2022-12,10.863615,1.9815732209824464,9.629834822834171,False,,,,,,,23,2023-02-28,0.2606644340212445,1.826086956521739,0.5652173913043478,0.34782608695652173,0.043478260869565216,0.6521739130434783,0.0,0.0,0.0,0.0,0.0,0.13043478260869565,0.6956521739130435,0.13043478260869565,0.5217391304347826,0.34782608695652173,0.5217391304347826,0.21739130434782608,0.43478260869565216,0.30434782608695654,0.34782608695652173,0.043478260869565216,0.0,0.08695652173913043,0.2608695652173913,0.8571428571428571,0.0,0.8571428571428571,information timestamp <= nowcast cutoff,verified GSS release date where available; otherwise conservative observation month-end +45 days; target month itself always excluded,0.0,,True,20.0,2023-02-28,10.7995,11.0135,10.7983,11.0135,0.0967192859516652,0.0,,,,,,,,False,,,,TIMING_UNRESOLVED_OR_NOT_RELEASED,False,,,,TIMING_UNRESOLVED_OR_NOT_RELEASED,2023-02,0.1426734350860479,1.7105263157894737,0.05263157894736842,0.0,0.02631578947368421,1.0526315789473684,0.0,0.0,0.0,0.42857142857142855,1.0,0.02631578947368421,0.1179909989351966,0.11556064073226535,0.6430205949656751,0.5217391304347826,0.4954233409610984,-0.6178489702517163,0.34782608695652173,0.0,0.2608695652173913,0.42857142857142855,-1.0,-0.02631578947368421,0.27223626891669106,-0.011571834895446553,2.0,-0.17391304347826098,0.9411764705882353,-0.24552429667519182,0.35294117647058826,0.16879795396419434,0.5882352941176471,-0.06649616368286448,0.23529411764705882,0.19948849104859334,0.47058823529411764,-0.12276214833759591,0.0,0.0,0.35294117647058826,-0.09207161125319696,0.8571428571428571,0.0,0.0,0.0,0.0,0.0,0.2546583850931674,0,0.41619268628626305,0,1,0,0,1,1,0,0.42857142857142855,0.10348317727881481,0.6097973503053566,0,0,0,0.10348317727881481,0.20696635455762963
2023-03,2023-03,S1_Day7,1,2023-03-07 23:59:59,extended_historical_test,extended_historical_test,45.0,45.0,True,True,54.1,2022-12,2023-02-14,,CONSERVATIVE_MONTH_END_PLUS_45D_PROXY,False,3,21,54.1,2022-12,11.01405,-0.0081710472558893,1.3847600453440467,False,,,,,,,3,2023-03-05,0.0,0.0,0.6666666666666666,0.0,0.0,0.6666666666666666,0.0,0.0,0.0,0.0,0.0,0.0,0.0,0.0,0.0,0.3333333333333333,0.0,0.0,0.0,0.3333333333333333,0.0,0.0,0.0,0.0,0.0,0.0,0.0,0.0,information timestamp <= nowcast cutoff,verified GSS release date where available; otherwise conservative observation month-end +45 days; target month itself always excluded,0.0,,True,4.0,2023-03-07,11.0145,11.0136,11.0136,11.0145,0.000364005494464,0.0,,,,,,,,False,,,,TIMING_UNRESOLVED_OR_NOT_RELEASED,False,,,,TIMING_UNRESOLVED_OR_NOT_RELEASED,2023-03,0.2606644340212445,1.826086956521739,0.6956521739130435,0.5217391304347826,0.5217391304347826,0.43478260869565216,0.34782608695652173,0.0,0.2608695652173913,0.8571428571428571,0.0,0.0,-0.2606644340212445,-1.826086956521739,-0.6956521739130435,-0.5217391304347826,-0.5217391304347826,-0.43478260869565216,-0.34782608695652173,0.0,-0.2608695652173913,-0.8571428571428571,0.0,0.0,0.2606644340212445,-0.2606644340212445,1.826086956521739,-1.826086956521739,0.6956521739130435,-0.6956521739130435,0.5217391304347826,-0.5217391304347826,0.5217391304347826,-0.5217391304347826,0.43478260869565216,-0.43478260869565216,0.34782608695652173,-0.34782608695652173,0.0,0.0,0.2608695652173913,-0.2608695652173913,0.8571428571428571,-0.8571428571428571,0.0,0.0,0.0,0.0,-1.826086956521739,1,0.0,1,1,1,0,1,1,1,0.8571428571428571,0.6898663403600841,0.6097973503053566,1,0,0,0.6898663403600841,2.0695990210802524
2023-03,2023-03,S2_Day14,2,2023-03-14 23:59:59,extended_historical_test,extended_historical_test,45.0,45.0,True,True,54.1,2022-12,2023-02-14,,CONSERVATIVE_MONTH_END_PLUS_45D_PROXY,False,3,28,54.1,2022-12,11.013844444444445,-0.0081710472558893,1.3828678984338485,False,,,,,,,6,2023-03-14,0.0,0.0,0.8333333333333334,0.0,0.0,0.6666666666666666,0.0,0.0,0.0,0.0,0.0,0.16666666666666666,0.0,0.0,0.0,0.16666666666666666,0.0,0.0,0.0,0.3333333333333333,0.0,0.16666666666666666,0.0,0.0,0.0,0.0,0.0,0.0,information timestamp <= nowcast cutoff,verified GSS release date where available; otherwise conservative observation month-end +45 days; target month itself always excluded,0.0,,True,9.0,2023-03-14,11.0145,11.0136,11.0134,11.0145,0.0003499559055114,0.0,,,,,,,,False,,,,TIMING_UNRESOLVED_OR_NOT_RELEASED,False,,,,TIMING_UNRESOLVED_OR_NOT_RELEASED,2023-03,0.2606644340212445,1.826086956521739,0.6956521739130435,0.5217391304347826,0.5217391304347826,0.43478260869565216,0.34782608695652173,0.0,0.2608695652173913,0.8571428571428571,0.0,0.0,-0.2606644340212445,-1.826086956521739,-0.6956521739130435,-0.5217391304347826,-0.5217391304347826,-0.43478260869565216,-0.34782608695652173,0.0,-0.2608695652173913,-0.8571428571428571,0.0,0.0,0.0,0.0,0.0,0.0,0.0,0.0,0.0,0.0,0.0,0.0,0.0,0.0,0.0,0.0,0.0,0.0,0.0,0.0,0.0,0.0,0.0,0.0,0.0,0.0,1.826086956521739,1,0.0,1,1,1,0,1,1,1,0.8571428571428571,0.6898663403600841,0.6097973503053566,1,0,0,0.6898663403600841,2.0695990210802524
2023-03,2023-03,S3_Day21,3,2023-03-21 23:59:59,extended_historical_test,extended_historical_test,45.0,45.0,True,True,53.6,2023-01,2023-03-17,,CONSERVATIVE_MONTH_END_PLUS_45D_PROXY,False,2,4,53.6,2023-01,11.013907142857144,-0.0045394706977175,1.3834450397694154,False,,,,,,,14,2023-03-21,-0.03300836837571498,-0.14285714285714285,0.7142857142857143,0.0,0.07142857142857142,0.5714285714285714,0.0,1.0,1.0,-1.0,0.07142857142857142,0.14285714285714285,0.0,0.07142857142857142,0.0,0.35714285714285715,-0.14285714285714285,0.07142857142857142,0.0,0.14285714285714285,0.0,0.21428571428571427,0.0,0.0,0.0,0.0,0.14285714285714285,-0.14285714285714285,information timestamp <= nowcast cutoff,verified GSS release date where available; otherwise conservative observation month-end +45 days; target month itself always excluded,0.0,,True,14.0,2023-03-21,11.0145,11.014,11.0134,11.0145,0.0002963209787524,0.0,,,,,,,,False,,,,TIMING_UNRESOLVED_OR_NOT_RELEASED,False,,,,TIMING_UNRESOLVED_OR_NOT_RELEASED,2023-03,0.2606644340212445,1.826086956521739,0.6956521739130435,0.5217391304347826,0.5217391304347826,0.43478260869565216,0.34782608695652173,0.0,0.2608695652173913,0.8571428571428571,0.0,0.0,-0.2936728023969595,-1.9689440993788818,-0.6956521739130435,-0.5217391304347826,-0.6645962732919255,-0.43478260869565216,-0.34782608695652173,0.0,-0.2608695652173913,-1.0,-1.0,0.07142857142857142,0.0,-0.03300836837571498,0.0,-0.14285714285714285,0.0,0.0,0.0,0.0,0.0,-0.14285714285714285,0.0,0.0,0.0,0.0,0.0,0.0,0.0,0.0,0.0,-0.14285714285714285,0.0,-1.0,0.0,0.07142857142857142,-0.14285714285714285,1,-0.08923116089343157,1,1,1,0,1,1,1,0.8571428571428571,0.6463730303559991,0.6097973503053566,1,0,1,0.6463730303559991,1.2927460607119983
2023-03,2023-03,S4_MonthEnd,4,2023-03-31 23:59:59,extended_historical_test,extended_historical_test,45.0,45.0,True,True,53.6,2023-01,2023-03-17,,CONSERVATIVE_MONTH_END_PLUS_45D_PROXY,False,2,14,53.6,2023-01,11.013963636363636,-0.0072631531163436,1.383965064701176,False,,,,,,,23,2023-03-30,-0.1478568238177371,-1.0,0.6956521739130435,0.043478260869565216,0.2608695652173913,0.6521739130434783,0.0,1.0,1.0,-1.0,0.043478260869565216,0.08695652173913043,0.0,0.043478260869565216,0.0,0.34782608695652173,0.17391304347826086,0.2608695652173913,-1.173913043478261,0.13043478260869565,-0.13043478260869565,0.13043478260869565,0.0,0.0,0.0,0.14285714285714285,0.2857142857142857,-0.14285714285714285,information timestamp <= nowcast cutoff,verified GSS release date where available; otherwise conservative observation month-end +45 days; target month itself always excluded,0.0,,True,22.0,2023-03-31,11.0145,11.0137,11.0134,11.0145,0.0002853155422994,0.0,,,,,,,,False,,,,TIMING_UNRESOLVED_OR_NOT_RELEASED,False,,,,TIMING_UNRESOLVED_OR_NOT_RELEASED,2023-03,0.2606644340212445,1.826086956521739,0.6956521739130435,0.5217391304347826,0.5217391304347826,0.43478260869565216,0.34782608695652173,0.0,0.2608695652173913,0.8571428571428571,0.0,0.0,-0.40852125783898163,-2.8260869565217392,-0.6956521739130435,-0.5217391304347826,-0.34782608695652173,-1.608695652173913,-0.4782608695652174,0.0,-0.2608695652173913,-1.0,-1.0,0.043478260869565216,-0.03300836837571498,-0.11484845544202212,-0.14285714285714285,-0.8571428571428572,0.0,0.0,0.0,0.0,-0.14285714285714285,0.3167701863354037,0.0,-1.173913043478261,0.0,-0.13043478260869565,0.0,0.0,0.0,0.0,-0.14285714285714285,0.0,-1.0,0.0,0.07142857142857142,-0.02795031055900621,-0.7142857142857144,1,-0.21021006112973073,1,1,0,0,1,1,1,0.7142857142857143,0.7054204777160699,0.6097973503053566,1,0,1,0.7054204777160699,1.4108409554321397
2023-04,2023-04,S1_Day7,1,2023-04-07 23:59:59,extended_historical_test,extended_historical_test,41.2,41.2,True,True,53.6,2023-01,2023-03-17,,CONSERVATIVE_MONTH_END_PLUS_45D_PROXY,False,3,21,53.6,2023-01,10.954175,-0.7419381203628839,-0.5428439600639212,False,,,,,,,6,2023-04-04,-0.061216468958095425,2.3333333333333335,0.8333333333333334,0.16666666666666666,0.3333333333333333,0.8333333333333334,1.0,1.0,2.0,0.0,0.3333333333333333,0.0,0.0,0.0,0.0,0.5,3.3333333333333335,0.16666666666666666,-1.0,0.16666666666666666,0.0,0.0,0.0,0.16666666666666666,0.0,0.14285714285714285,0.14285714285714285,0.0,information timestamp <= nowcast cutoff,verified GSS release date where available; otherwise conservative observation month-end +45 days; target month itself always excluded,0.0,,True,4.0,2023-04-06,11.0117,10.93,10.93,11.0117,0.0337719095551315,0.0,,,,,,,,False,,,,TIMING_UNRESOLVED_OR_NOT_RELEASED,False,,,,TIMING_UNRESOLVED_OR_NOT_RELEASED,2023-04,-0.1478568238177371,-1.0,0.0,0.0,0.17391304347826086,-1.173913043478261,-0.13043478260869565,0.0,0.0,-0.14285714285714285,-1.0,0.043478260869565216,0.08664035485964167,3.3333333333333335,0.0,0.0,3.1594202898550727,0.17391304347826098,0.13043478260869565,0.0,0.0,0.14285714285714285,1.0,0.28985507246376807,-0.1478568238177371,0.08664035485964167,-1.0,3.3333333333333335,0.0,0.0,0.0,0.0,0.17391304347826086,3.1594202898550727,-1.173913043478261,0.17391304347826098,-0.13043478260869565,0.13043478260869565,0.0,0.0,0.0,0.0,-0.14285714285714285,0.14285714285714285,-1.0,1.0,0.043478260869565216,0.28985507246376807,3.3333333333333335,1,0.3812311868218169,0,0,0,0,0,1,0,0.14285714285714285,0.7869833757623601,0.6097973503053566,1,1,0,0.7869833757623601,2.3609501272870803
2023-04,2023-04,S2_Day14,2,2023-04-14 23:59:59,extended_historical_test,extended_historical_test,41.2,41.2,True,True,52.8,2023-02,2023-04-14,,CONSERVATIVE_MONTH_END_PLUS_45D_PROXY,False,2,0,52.8,2023-02,10.9443625,-0.6529418709191104,-0.6319354109163844,False,,,,,,,9,2023-04-13,-0.14138300748815988,0.8888888888888888,0.8888888888888888,0.1111111111111111,0.3333333333333333,0.7777777777777778,1.0,1.0,2.0,0.0,0.2222222222222222,0.0,0.0,0.1111111111111111,0.0,0.4444444444444444,2.2222222222222223,0.2222222222222222,-0.6666666666666666,0.1111111111111111,0.0,0.0,0.0,0.1111111111111111,0.0,0.14285714285714285,0.14285714285714285,0.0,information timestamp <= nowcast cutoff,verified GSS release date where available; otherwise conservative observation month-end +45 days; target month itself always excluded,0.0,,True,8.0,2023-04-14,11.0117,10.9398,10.9298,11.0117,0.0259692095326366,0.0,,,,,,,,False,,,,TIMING_UNRESOLVED_OR_NOT_RELEASED,False,,,,TIMING_UNRESOLVED_OR_NOT_RELEASED,2023-04,-0.1478568238177371,-1.0,0.0,0.0,0.17391304347826086,-1.173913043478261,-0.13043478260869565,0.0,0.0,-0.14285714285714285,-1.0,0.043478260869565216,0.00647381632957722,1.8888888888888888,0.0,0.0,2.0483091787439616,0.5072463768115943,0.13043478260869565,0.0,0.0,0.14285714285714285,1.0,0.178743961352657,-0.061216468958095425,-0.08016653853006445,2.3333333333333335,-1.4444444444444446,0.0,0.0,0.0,0.0,3.3333333333333335,-1.1111111111111112,-1.0,0.33333333333333337,0.0,0.0,0.0,0.0,0.0,0.0,0.0,0.0,0.0,0.0,0.3333333333333333,-0.1111111111111111,-4.777777777777779,1,0.22650805755044504,0,0,0,0,0,1,0,0.14285714285714285,0.7269653862960416,0.6097973503053566,1,1,0,0.7269653862960416,1.4539307725920831
2023-04,2023-04,S3_Day21,3,2023-04-21 23:59:59,extended_historical_test,extended_historical_test,41.2,41.2,True,True,52.8,2023-02,2023-04-14,,CONSERVATIVE_MONTH_END_PLUS_45D_PROXY,False,2,7,52.8,2023-02,10.943938461538462,-0.6138924961631598,-0.6357854187386214,False,,,,,,,11,2023-04-17,-0.04644117376706128,1.0909090909090908,0.9090909090909091,0.18181818181818182,0.2727272727272727,0.8181818181818182,1.0,1.0,2.0,0.0,0.18181818181818182,0.0,0.0,0.09090909090909091,0.0,0.36363636363636365,1.8181818181818181,0.18181818181818182,-0.5454545454545454,0.09090909090909091,0.0,0.0,0.0,0.09090909090909091,0.0,0.14285714285714285,0.14285714285714285,0.0,information timestamp <= nowcast cutoff,verified GSS release date where available; otherwise conservative observation month-end +45 days; target month itself always excluded,0.0,,True,13.0,2023-04-21,11.0117,10.9441,10.9298,11.0117,0.0203867807267935,0.0,,,,,,,,False,,,,TIMING_UNRESOLVED_OR_NOT_RELEASED,False,,,,TIMING_UNRESOLVED_OR_NOT_RELEASED,2023-04,-0.1478568238177371,-1.0,0.0,0.0,0.17391304347826086,-1.173913043478261,-0.13043478260869565,0.0,0.0,-0.14285714285714285,-1.0,0.043478260869565216,0.10141565005067582,2.090909090909091,0.0,0.0,1.6442687747035571,0.6284584980237156,0.13043478260869565,0.0,0.0,0.14285714285714285,1.0,0.1383399209486166,-0.14138300748815988,0.0949418337210986,0.8888888888888888,0.202020202020202,0.0,0.0,0.0,0.0,2.2222222222222223,-0.4040404040404042,-0.6666666666666666,0.12121212121212122,0.0,0.0,0.0,0.0,0.0,0.0,0.0,0.0,0.0,0.0,0.2222222222222222,-0.04040404040404039,1.6464646464646466,1,0.2460565728033841,0,0,0,0,0,1,0,0.14285714285714285,0.6868729736027616,0.6097973503053566,1,1,0,0.6868729736027616,1.3737459472055231
2023-04,2023-04,S4_MonthEnd,4,2023-04-30 23:59:59,extended_historical_test,extended_historical_test,41.2,41.2,True,True,52.8,2023-02,2023-04-14,,CONSERVATIVE_MONTH_END_PLUS_45D_PROXY,False,2,16,52.8,2023-02,10.945635294117649,-0.5457831215888609,-0.6203792249721563,False,,,,,,,15,2023-04-27,-0.06486467124651225,0.6666666666666666,0.8,0.13333333333333333,0.26666666666666666,0.8,1.0,1.0,2.0,0.0,0.13333333333333333,0.0,0.0,0.13333333333333333,-0.13333333333333333,0.3333333333333333,1.2,0.26666666666666666,-0.4,0.13333333333333333,0.0,0.0,0.0,0.06666666666666667,0.0,0.14285714285714285,0.2857142857142857,-0.14285714285714285,information timestamp <= nowcast cutoff,verified GSS release date where available; otherwise conservative observation month-end +45 days; target month itself always excluded,0.0,,True,17.0,2023-04-28,11.0117,10.9516,10.9298,11.0117,0.018097576736597,0.0,,,,,,,,False,,,,TIMING_UNRESOLVED_OR_NOT_RELEASED,False,,,,TIMING_UNRESOLVED_OR_NOT_RELEASED,2023-04,-0.1478568238177371,-1.0,0.0,0.0,0.17391304347826086,-1.173913043478261,-0.13043478260869565,0.0,0.0,-0.14285714285714285,-1.0,0.043478260869565216,0.08299215257122484,1.6666666666666665,0.0,-0.13333333333333333,1.026086956521739,0.773913043478261,0.13043478260869565,0.0,0.0,0.0,1.0,0.08985507246376812,-0.04644117376706128,-0.018423497479450976,1.0909090909090908,-0.4242424242424242,0.0,0.0,0.0,-0.13333333333333333,1.8181818181818181,-0.6181818181818182,-0.5454545454545454,0.1454545454545454,0.0,0.0,0.0,0.0,0.0,0.0,0.0,-0.14285714285714285,0.0,0.0,0.18181818181818182,-0.04848484848484849,-0.6262626262626262,1,0.14910634621767901,0,1,0,0,0,1,0,0.2857142857142857,0.5795221843594528,0.6097973503053566,0,0,0,0.5795221843594528,1.1590443687189056
2023-05,2023-05,S1_Day7,1,2023-05-07 23:59:59,extended_historical_test,extended_historical_test,42.2,42.2,True,True,52.8,2023-02,2023-04-14,,CONSERVATIVE_MONTH_END_PLUS_45D_PROXY,False,3,23,52.8,2023-02,10.951675,0.0018262171737504,0.0551791259260747,False,,,,,,,4,2023-05-03,-0.014216153421838407,-0.25,0.75,0.25,0.25,1.0,0.0,0.0,0.0,0.0,0.0,0.0,0.0,0.25,1.25,0.25,1.25,0.5,-1.5,0.0,0.0,0.0,0.0,0.0,0.0,0.2857142857142857,0.14285714285714285,0.14285714285714285,information timestamp <= nowcast cutoff,verified GSS release date where available; otherwise conservative observation month-end +45 days; target month itself always excluded,0.0,,True,4.0,2023-05-05,10.9516,10.9518,10.9515,10.9518,0.0001299038105682,0.0,,,,,,,,False,,,,TIMING_UNRESOLVED_OR_NOT_RELEASED,False,,,,TIMING_UNRESOLVED_OR_NOT_RELEASED,2023-05,-0.06486467124651225,0.6666666666666666,0.0,-0.13333333333333333,1.2,-0.4,0.0,0.0,0.0,-0.14285714285714285,0.0,0.13333333333333333,0.05064851782467385,-0.9166666666666666,0.0,1.3833333333333333,0.050000000000000044,-1.1,0.0,0.0,0.0,0.2857142857142857,0.0,-0.13333333333333333,-0.06486467124651225,0.05064851782467385,0.6666666666666666,-0.9166666666666666,0.0,0.0,-0.13333333333333333,1.3833333333333333,1.2,0.050000000000000044,-0.4,-1.1,0.0,0.0,0.0,0.0,0.0,0.0,-0.14285714285714285,0.2857142857142857,0.0,0.0,0.13333333333333333,-0.13333333333333333,-0.9166666666666666,1,0.10226923711014405,0,1,0,0,0,0,0,0.14285714285714285,0.4429338580624844,0.6097973503053566,0,0,0,0.4429338580624844,1.3288015741874533
2023-05,2023-05,S2_Day14,2,2023-05-14 23:59:59,extended_historical_test,extended_historical_test,42.2,42.2,True,True,52.8,2023-02,2023-04-14,,CONSERVATIVE_MONTH_END_PLUS_45D_PROXY,False,3,30,52.8,2023-02,10.956155555555554,0.1177910077066357,0.0961137581804827,False,,,,,,,10,2023-05-12,-0.005686461368735363,-0.1,0.8,0.2,0.2,0.7,0.0,0.0,0.0,0.0,0.0,0.0,0.0,0.2,1.1,0.1,0.5,0.4,-0.6,0.0,0.0,0.0,0.0,0.0,0.0,0.2857142857142857,0.14285714285714285,0.14285714285714285,information timestamp <= nowcast cutoff,verified GSS release date where available; otherwise conservative observation month-end +45 days; target month itself always excluded,0.0,,True,9.0,2023-05-12,10.9516,10.9645,10.9515,10.9648,0.0051820440220932,0.0,,,,,,,,False,,,,TIMING_UNRESOLVED_OR_NOT_RELEASED,False,,,,TIMING_UNRESOLVED_OR_NOT_RELEASED,2023-05,-0.06486467124651225,0.6666666666666666,0.0,-0.13333333333333333,1.2,-0.4,0.0,0.0,0.0,-0.14285714285714285,0.0,0.13333333333333333,0.05917820987777689,-0.7666666666666666,0.0,1.2333333333333334,-0.7,-0.19999999999999996,0.0,0.0,0.0,0.2857142857142857,0.0,-0.13333333333333333,-0.014216153421838407,0.008529692053103045,-0.25,0.15,0.0,0.0,1.25,-0.1499999999999999,1.25,-0.75,-1.5,0.9,0.0,0.0,0.0,0.0,0.0,0.0,0.14285714285714285,0.0,0.0,0.0,0.0,0.0,1.0666666666666667,1,0.08922732382650536,0,1,0,0,0,0,0,0.14285714285714285,0.4297197462342447,0.6097973503053566,0,0,0,0.4297197462342447,1.2891592387027342
2023-05,2023-05,S3_Day21,3,2023-05-21 23:59:59,extended_historical_test,extended_historical_test,42.2,42.2,True,True,45.0,2023-03,2023-05-15,,CONSERVATIVE_MONTH_END_PLUS_45D_PROXY,False,2,6,45.0,2023-03,10.93695,-1.2673947185799284,-0.0793493834233327,False,,,,,,,15,2023-05-19,-0.03459878472982423,-0.2,0.7333333333333333,0.13333333333333333,0.2,0.6,0.0,1.0,1.0,-1.0,0.06666666666666667,0.0,0.0,0.26666666666666666,0.7333333333333333,0.2,0.2,0.4,-0.4,0.06666666666666667,0.0,0.0,0.0,0.0,0.0,0.2857142857142857,0.14285714285714285,0.14285714285714285,information timestamp <= nowcast cutoff,verified GSS release date where available; otherwise conservative observation month-end +45 days; target month itself always excluded,0.0,,True,14.0,2023-05-19,10.9516,10.8128,10.8128,10.9648,0.0468596193814186,0.0,,,,,,,,False,,,,TIMING_UNRESOLVED_OR_NOT_RELEASED,False,,,,TIMING_UNRESOLVED_OR_NOT_RELEASED,2023-05,-0.06486467124651225,0.6666666666666666,0.0,-0.13333333333333333,1.2,-0.4,0.0,0.0,0.0,-0.14285714285714285,0.0,0.13333333333333333,0.030265886516688024,-0.8666666666666667,0.0,0.8666666666666666,-1.0,0.0,0.0,0.0,0.0,0.2857142857142857,-1.0,-0.06666666666666667,-0.005686461368735363,-0.028912323361088867,-0.1,-0.1,0.0,0.0,1.1,-0.3666666666666668,0.5,-0.3,-0.6,0.19999999999999996,0.0,0.0,0.0,0.0,0.0,0.0,0.14285714285714285,0.0,0.0,-1.0,0.0,0.06666666666666667,-0.25,1,-0.015113244616545549,0,1,0,0,0,0,0,0.14285714285714285,0.4233938515025151,0.6097973503053566,0,0,0,0.4233938515025151,0.8467877030050301
2023-05,2023-05,S4_MonthEnd,4,2023-05-31 23:59:59,extended_historical_test,extended_historical_test,42.2,42.2,True,True,45.0,2023-03,2023-05-15,,CONSERVATIVE_MONTH_END_PLUS_45D_PROXY,False,2,16,45.0,2023-03,10.915227272727272,0.1817086087877673,-0.27780956128437,False,,,,,,,28,2023-05-31,-0.06680124387008221,-1.2142857142857142,0.7857142857142857,0.10714285714285714,0.17857142857142858,0.5,1.0,1.0,2.0,0.0,0.07142857142857142,0.03571428571428571,0.0,0.17857142857142858,0.39285714285714285,0.32142857142857145,-1.0,0.35714285714285715,-1.4285714285714286,0.10714285714285714,-0.8571428571428571,0.03571428571428571,0.0,0.07142857142857142,0.10714285714285714,0.2857142857142857,0.42857142857142855,-0.14285714285714285,information timestamp <= nowcast cutoff,verified GSS release date where available; otherwise conservative observation month-end +45 days; target month itself always excluded,0.0,,True,22.0,2023-05-31,10.9516,10.9715,10.7774,10.9755,0.0749393705351089,0.0,,,,,,,,False,,,,TIMING_UNRESOLVED_OR_NOT_RELEASED,False,,,,TIMING_UNRESOLVED_OR_NOT_RELEASED,2023-05,-0.06486467124651225,0.6666666666666666,0.0,-0.13333333333333333,1.2,-0.4,0.0,0.0,0.0,-0.14285714285714285,0.0,0.13333333333333333,-0.001936572623569957,-1.880952380952381,0.0,0.5261904761904762,-2.2,-1.0285714285714285,-0.8571428571428571,0.0,0.10714285714285714,0.0,0.0,-0.06190476190476191,-0.03459878472982423,-0.03220245914025798,-0.2,-1.0142857142857142,0.0,0.0,0.7333333333333333,-0.34047619047619043,0.2,-1.2,-0.4,-1.0285714285714285,0.0,-0.8571428571428571,0.0,0.0,0.0,0.10714285714285714,0.14285714285714285,-0.2857142857142857,-1.0,1.0,0.06666666666666667,0.004761904761904759,-0.9142857142857143,1,-0.21132693307499087,0,1,1,0,1,1,0,0.5714285714285714,0.6144243846620556,0.6097973503053566,1,0,1,0.6144243846620556,1.2288487693241112
2023-06,2023-06,S1_Day7,1,2023-06-07 23:59:59,extended_historical_test,extended_historical_test,42.5,42.5,True,True,45.0,2023-03,2023-05-15,,CONSERVATIVE_MONTH_END_PLUS_45D_PROXY,False,3,23,45.0,2023-03,10.97352,0.0546901348111861,0.5340495971016379,False,,,,,,,8,2023-06-07,0.06122966560092728,0.25,0.75,0.25,0.0,0.625,0.0,2.0,2.0,-1.0,0.25,0.125,0.0,0.25,0.25,0.25,0.25,0.0,0.0,0.0,0.0,0.0,0.0,0.0,0.0,0.2857142857142857,0.0,0.2857142857142857,information timestamp <= nowcast cutoff,verified GSS release date where available; otherwise conservative observation month-end +45 days; target month itself always excluded,0.0,,True,5.0,2023-06-07,10.9709,10.9769,10.9709,10.9769,0.0027888348821687,0.0,,,,,,,,False,,,,TIMING_UNRESOLVED_OR_NOT_RELEASED,False,,,,TIMING_UNRESOLVED_OR_NOT_RELEASED,2023-06,-0.06680124387008221,-1.2142857142857142,0.0,0.39285714285714285,-1.0,-1.4285714285714286,-0.8571428571428571,0.0,0.10714285714285714,-0.14285714285714285,0.0,0.07142857142857142,0.12803090947100948,1.4642857142857142,0.0,-0.14285714285714285,1.25,1.4285714285714286,0.8571428571428571,0.0,-0.10714285714285714,0.42857142857142855,-1.0,0.17857142857142858,-0.06680124387008221,0.12803090947100948,-1.2142857142857142,1.4642857142857142,0.0,0.0,0.39285714285714285,-0.14285714285714285,-1.0,1.25,-1.4285714285714286,1.4285714285714286,-0.8571428571428571,0.8571428571428571,0.0,0.0,0.10714285714285714,-0.10714285714285714,-0.14285714285714285,0.42857142857142855,0.0,-1.0,0.07142857142857142,0.17857142857142858,1.4642857142857142,1,0.038897515348672015,0,0,1,0,1,1,1,0.5714285714285714,0.6907587171797022,0.6097973503053566,1,1,0,0.6907587171797022,2.0722761515391066
2023-06,2023-06,S2_Day14,2,2023-06-14 23:59:59,extended_historical_test,extended_historical_test,42.5,42.5,True,True,41.2,2023-04,2023-06-14,,CONSERVATIVE_MONTH_END_PLUS_45D_PROXY,False,2,0,41.2,2023-04,10.975959999999995,0.1148492831034797,0.556403689591245,False,,,,,,,17,2023-06-14,0.16594884210518301,1.0588235294117647,0.7058823529411765,0.29411764705882354,0.0,0.5294117647058824,0.0,2.0,2.0,-1.0,0.11764705882352941,0.17647058823529413,0.47058823529411764,0.17647058823529413,0.47058823529411764,0.23529411764705882,0.11764705882352941,0.0,0.0,0.0,0.0,0.0,0.0,0.0,0.0,0.42857142857142855,0.0,0.42857142857142855,information timestamp <= nowcast cutoff,verified GSS release date where available; otherwise conservative observation month-end +45 days; target month itself always excluded,0.0,,True,10.0,2023-06-14,10.9709,10.9835,10.9709,10.9835,0.0036483420892233,0.0,,,,,,,,False,,,,TIMING_UNRESOLVED_OR_NOT_RELEASED,False,,,,TIMING_UNRESOLVED_OR_NOT_RELEASED,2023-06,-0.06680124387008221,-1.2142857142857142,0.0,0.39285714285714285,-1.0,-1.4285714285714286,-0.8571428571428571,0.0,0.10714285714285714,-0.14285714285714285,0.0,0.07142857142857142,0.23275008597526523,2.273109243697479,0.47058823529411764,0.07773109243697479,1.1176470588235294,1.4285714285714286,0.8571428571428571,0.0,-0.10714285714285714,0.5714285714285714,-1.0,0.046218487394957986,0.06122966560092728,0.10471917650425573,0.25,0.8088235294117647,0.0,0.47058823529411764,0.25,0.22058823529411764,0.25,-0.1323529411764706,0.0,0.0,0.0,0.0,0.0,0.0,0.0,0.0,0.2857142857142857,0.14285714285714285,-1.0,0.0,0.25,-0.1323529411764706,-0.6554621848739495,1,0.21634389287485656,1,0,1,0,1,1,1,0.7142857142857143,0.6909333536054286,0.6097973503053566,1,1,0,0.6909333536054286,1.3818667072108572
2023-06,2023-06,S3_Day21,3,2023-06-21 23:59:59,extended_historical_test,extended_historical_test,42.5,42.5,True,True,41.2,2023-04,2023-06-14,,CONSERVATIVE_MONTH_END_PLUS_45D_PROXY,False,2,7,41.2,2023-04,10.97987333333333,0.1531323774712989,0.5922557450322774,False,,,,,,,24,2023-06-20,0.0858140066596811,0.5833333333333334,0.75,0.20833333333333334,0.041666666666666664,0.5416666666666666,0.0,2.0,2.0,-1.0,0.08333333333333333,0.16666666666666666,0.16666666666666666,0.16666666666666666,0.3333333333333333,0.20833333333333334,0.08333333333333333,0.0,0.0,0.08333333333333333,0.0,0.0,0.0,0.0,0.0,0.42857142857142855,0.0,0.42857142857142855,information timestamp <= nowcast cutoff,verified GSS release date where available; otherwise conservative observation month-end +45 days; target month itself always excluded,0.0,,True,15.0,2023-06-21,10.9709,10.9877,10.9709,10.9898,0.006423858307556,0.0,,,,,,,,False,,,,TIMING_UNRESOLVED_OR_NOT_RELEASED,False,,,,TIMING_UNRESOLVED_OR_NOT_RELEASED,2023-06,-0.06680124387008221,-1.2142857142857142,0.0,0.39285714285714285,-1.0,-1.4285714285714286,-0.8571428571428571,0.0,0.10714285714285714,-0.14285714285714285,0.0,0.07142857142857142,0.15261525052976332,1.7976190476190474,0.16666666666666666,-0.059523809523809534,1.0833333333333333,1.4285714285714286,0.8571428571428571,0.0,-0.10714285714285714,0.5714285714285714,-1.0,0.011904761904761904,0.16594884210518301,-0.08013483544550191,1.0588235294117647,-0.47549019607843135,0.47058823529411764,-0.303921568627451,0.47058823529411764,-0.13725490196078433,0.11764705882352941,-0.03431372549019608,0.0,0.0,0.0,0.0,0.0,0.0,0.0,0.0,0.42857142857142855,0.0,-1.0,0.0,0.11764705882352941,-0.03431372549019608,-1.284313725490196,1,0.11211886696896613,1,0,1,0,1,1,1,0.7142857142857143,0.6771228179124792,0.6097973503053566,1,1,0,0.6771228179124792,1.3542456358249584
2023-06,2023-06,S4_MonthEnd,4,2023-06-30 23:59:59,extended_historical_test,extended_historical_test,42.5,42.5,True,True,41.2,2023-04,2023-06-14,,CONSERVATIVE_MONTH_END_PLUS_45D_PROXY,False,2,16,41.2,2023-04,10.983633333333334,0.239725090922338,0.6267030350983083,False,,,,,,,28,2023-06-30,0.13599087906926935,1.0,0.7142857142857143,0.25,0.03571428571428571,0.5714285714285714,1.0,2.0,3.0,-0.3333333333333333,0.10714285714285714,0.17857142857142858,0.14285714285714285,0.21428571428571427,0.6428571428571429,0.25,0.42857142857142855,0.03571428571428571,0.0,0.07142857142857142,0.0,0.0,0.0,0.0,0.0,0.42857142857142855,0.0,0.42857142857142855,information timestamp <= nowcast cutoff,verified GSS release date where available; otherwise conservative observation month-end +45 days; target month itself always excluded,0.0,,True,21.0,2023-06-30,10.9709,10.9972,10.9709,10.9977,0.0083823700099749,0.0,,,,,,,,False,,,,TIMING_UNRESOLVED_OR_NOT_RELEASED,False,,,,TIMING_UNRESOLVED_OR_NOT_RELEASED,2023-06,-0.06680124387008221,-1.2142857142857142,0.0,0.39285714285714285,-1.0,-1.4285714285714286,-0.8571428571428571,0.0,0.10714285714285714,-0.14285714285714285,0.0,0.07142857142857142,0.20279212293935156,2.2142857142857144,0.14285714285714285,0.25000000000000006,1.4285714285714286,1.4285714285714286,0.8571428571428571,0.0,-0.10714285714285714,0.5714285714285714,-0.3333333333333333,0.03571428571428571,0.0858140066596811,0.05017687240958825,0.5833333333333334,0.41666666666666663,0.16666666666666666,-0.023809523809523808,0.3333333333333333,0.3095238095238096,0.08333333333333333,0.34523809523809523,0.0,0.0,0.0,0.0,0.0,0.0,0.0,0.0,0.42857142857142855,0.0,-1.0,0.6666666666666667,0.08333333333333333,0.023809523809523808,0.892156862745098,1,0.24492521922859634,1,0,1,0,1,1,1,0.7142857142857143,0.697439490733539,0.6097973503053566,1,1,0,0.697439490733539,1.394878981467078
2023-07,2023-07,S1_Day7,1,2023-07-07 23:59:59,extended_historical_test,extended_historical_test,43.1,43.1,True,True,41.2,2023-04,2023-06-14,,CONSERVATIVE_MONTH_END_PLUS_45D_PROXY,False,3,23,41.2,2023-04,10.9991,0.0363738871863805,0.1408155771162489,False,,,,,,,5,2023-07-06,0.10871664035331471,1.2,0.6,0.4,0.2,0.8,1.0,0.0,1.0,1.0,0.2,0.0,0.0,0.2,2.0,0.4,2.4,0.4,0.4,0.0,0.0,0.0,0.0,0.0,0.0,0.42857142857142855,0.0,0.42857142857142855,information timestamp <= nowcast cutoff,verified GSS release date where available; otherwise conservative observation month-end +45 days; target month itself always excluded,0.0,,True,5.0,2023-07-07,10.9969,11.0009,10.9969,11.0009,0.0018055470085268,0.0,,,,,,,,False,,,,TIMING_UNRESOLVED_OR_NOT_RELEASED,False,,,,TIMING_UNRESOLVED_OR_NOT_RELEASED,2023-07,0.13599087906926935,1.0,0.14285714285714285,0.6428571428571429,0.42857142857142855,0.0,0.0,0.0,0.0,0.42857142857142855,-0.3333333333333333,0.10714285714285714,-0.027274238715954635,0.19999999999999996,-0.14285714285714285,1.3571428571428572,1.9714285714285713,0.4,0.0,0.0,0.0,0.0,1.3333333333333333,0.09285714285714287,0.13599087906926935,-0.027274238715954635,1.0,0.19999999999999996,0.14285714285714285,-0.14285714285714285,0.6428571428571429,1.3571428571428572,0.42857142857142855,1.9714285714285713,0.0,0.4,0.0,0.0,0.0,0.0,0.0,0.0,0.42857142857142855,0.0,-0.3333333333333333,1.3333333333333333,0.10714285714285714,0.09285714285714287,0.19999999999999996,0,0.45700050397246395,1,0,0,0,0,0,1,0.2857142857142857,0.17840542588390648,0.6097973503053566,0,0,0,0.17840542588390648,0.5352162776517194
2023-07,2023-07,S2_Day14,2,2023-07-14 23:59:59,extended_historical_test,extended_historical_test,43.1,43.1,True,True,41.2,2023-04,2023-06-14,,CONSERVATIVE_MONTH_END_PLUS_45D_PROXY,False,3,30,41.2,2023-04,11.000490000000005,0.0536514835999257,0.1534707701459137,False,,,,,,,13,2023-07-14,0.041814092443582584,0.46153846153846156,0.6923076923076923,0.15384615384615385,0.07692307692307693,0.46153846153846156,1.0,0.0,1.0,1.0,0.07692307692307693,0.07692307692307693,0.0,0.15384615384615385,0.7692307692307693,0.23076923076923078,0.9230769230769231,0.23076923076923078,0.15384615384615385,0.15384615384615385,0.0,0.07692307692307693,0.0,0.0,0.0,0.42857142857142855,0.0,0.42857142857142855,information timestamp <= nowcast cutoff,verified GSS release date where available; otherwise conservative observation month-end +45 days; target month itself always excluded,0.0,,True,10.0,2023-07-14,10.9969,11.0028,10.9969,11.0028,0.0019775995550161,0.0,,,,,,,,False,,,,TIMING_UNRESOLVED_OR_NOT_RELEASED,False,,,,TIMING_UNRESOLVED_OR_NOT_RELEASED,2023-07,0.13599087906926935,1.0,0.14285714285714285,0.6428571428571429,0.42857142857142855,0.0,0.0,0.0,0.0,0.42857142857142855,-0.3333333333333333,0.10714285714285714,-0.09417678662568676,-0.5384615384615384,-0.14285714285714285,0.12637362637362637,0.4945054945054946,0.15384615384615385,0.0,0.0,0.0,0.0,1.3333333333333333,-0.03021978021978021,0.10871664035331471,-0.06690254790973213,1.2,-0.7384615384615384,0.0,0.0,2.0,-1.2307692307692308,2.4,-1.4769230769230768,0.4,-0.24615384615384617,0.0,0.0,0.0,0.0,0.0,0.0,0.42857142857142855,0.0,1.0,0.0,0.2,-0.12307692307692308,-0.9384615384615383,0,0.24893399439623293,1,0,0,0,0,0,1,0.2857142857142857,0.2246877261191929,0.6097973503053566,0,0,0,0.2246877261191929,0.6740631783575788
2023-07,2023-07,S3_Day21,3,2023-07-21 23:59:59,extended_historical_test,extended_historical_test,43.1,43.1,True,True,42.2,2023-05,2023-07-15,,CONSERVATIVE_MONTH_END_PLUS_45D_PROXY,False,2,6,42.2,2023-05,11.001306666666666,0.0572888723185505,0.1609060754030888,False,,,,,,,17,2023-07-21,-0.02684732411083659,-1.0588235294117647,0.7647058823529411,0.11764705882352941,0.11764705882352941,0.5882352941176471,1.0,0.0,1.0,1.0,0.058823529411764705,0.058823529411764705,0.0,0.11764705882352941,0.5882352941176471,0.17647058823529413,0.7058823529411765,0.23529411764705882,-1.2941176470588236,0.23529411764705882,0.0,0.058823529411764705,0.0,0.0,0.0,0.2857142857142857,0.14285714285714285,0.14285714285714285,information timestamp <= nowcast cutoff,verified GSS release date where available; otherwise conservative observation month-end +45 days; target month itself always excluded,0.0,,True,15.0,2023-07-21,10.9969,11.0032,10.9969,11.0032,0.0019911359125438,0.0,,,,,,,,False,,,,TIMING_UNRESOLVED_OR_NOT_RELEASED,False,,,,TIMING_UNRESOLVED_OR_NOT_RELEASED,2023-07,0.13599087906926935,1.0,0.14285714285714285,0.6428571428571429,0.42857142857142855,0.0,0.0,0.0,0.0,0.42857142857142855,-0.3333333333333333,0.10714285714285714,-0.16283820318010594,-2.0588235294117645,-0.14285714285714285,-0.054621848739495826,0.27731092436974797,-1.2941176470588236,0.0,0.0,0.0,-0.2857142857142857,1.3333333333333333,-0.04831932773109243,0.041814092443582584,-0.06866141655441918,0.46153846153846156,-1.5203619909502262,0.0,0.0,0.7692307692307693,-0.1809954751131222,0.9230769230769231,-0.2171945701357466,0.15384615384615385,-1.4479638009049776,0.0,0.0,0.0,0.0,0.0,0.0,0.42857142857142855,-0.2857142857142857,1.0,0.0,0.07692307692307693,-0.018099547511312222,-0.7819004524886878,1,-0.035796926187208686,1,0,0,0,0,0,1,0.2857142857142857,0.5988810846334929,0.6097973503053566,0,0,0,0.5988810846334929,1.1977621692669858
2023-07,2023-07,S4_MonthEnd,4,2023-07-31 23:59:59,extended_historical_test,extended_historical_test,43.1,43.1,True,True,42.2,2023-05,2023-07-15,,CONSERVATIVE_MONTH_END_PLUS_45D_PROXY,False,2,16,42.2,2023-05,11.001971428571428,0.0591075666778628,0.1669583705279143,False,,,,,,,31,2023-07-31,0.03557995990397048,-0.3548387096774194,0.7096774193548387,0.16129032258064516,0.06451612903225806,0.5483870967741935,1.0,0.0,1.0,1.0,0.03225806451612903,0.0967741935483871,0.0,0.12903225806451613,0.41935483870967744,0.12903225806451613,0.3870967741935484,0.25806451612903225,-0.7096774193548387,0.3225806451612903,0.16129032258064516,0.03225806451612903,0.0,0.0,0.0,0.42857142857142855,0.14285714285714285,0.2857142857142857,information timestamp <= nowcast cutoff,verified GSS release date where available; otherwise conservative observation month-end +45 days; target month itself always excluded,0.0,,True,21.0,2023-07-31,10.9969,11.0034,10.9969,11.0039,0.0019871354968881,0.0,,,,,,,,False,,,,TIMING_UNRESOLVED_OR_NOT_RELEASED,False,,,,TIMING_UNRESOLVED_OR_NOT_RELEASED,2023-07,0.13599087906926935,1.0,0.14285714285714285,0.6428571428571429,0.42857142857142855,0.0,0.0,0.0,0.0,0.42857142857142855,-0.3333333333333333,0.10714285714285714,-0.10041091916529887,-1.3548387096774195,-0.14285714285714285,-0.22350230414746547,-0.04147465437788017,-0.7096774193548387,0.16129032258064516,0.0,0.0,-0.14285714285714285,1.3333333333333333,-0.0748847926267281,-0.02684732411083659,0.06242728401480707,-1.0588235294117647,0.7039848197343453,0.0,0.0,0.5882352941176471,-0.16888045540796964,0.7058823529411765,-0.31878557874762814,-1.2941176470588236,0.5844402277039848,0.0,0.16129032258064516,0.0,0.0,0.0,0.0,0.14285714285714285,0.14285714285714285,1.0,0.0,0.058823529411764705,-0.026565464895635674,2.2243468106845716,1,0.052947772415476664,1,0,0,0,0,1,1,0.42857142857142855,0.5932971297998123,0.6097973503053566,0,0,0,0.5932971297998123,1.1865942595996246
2023-08,2023-08,S1_Day7,1,2023-08-07 23:59:59,extended_historical_test,extended_historical_test,40.1,40.1,True,True,42.2,2023-05,2023-07-15,,CONSERVATIVE_MONTH_END_PLUS_45D_PROXY,False,3,23,42.2,2023-05,11.0024,-0.0081795130463246,0.0038954057584472,False,,,,,,,7,2023-08-04,0.3263974954096135,1.7142857142857142,0.8571428571428571,0.42857142857142855,0.0,0.7142857142857143,0.0,0.0,0.0,0.0,0.0,0.0,0.0,0.14285714285714285,0.0,0.42857142857142855,0.0,0.14285714285714285,0.5714285714285714,0.0,0.0,0.0,0.0,0.0,0.0,0.14285714285714285,0.0,0.14285714285714285,information timestamp <= nowcast cutoff,verified GSS release date where available; otherwise conservative observation month-end +45 days; target month itself always excluded,0.0,,True,4.0,2023-08-07,11.0031,11.0022,11.0017,11.0031,0.0005147815070493,0.0,,,,,,,,False,,,,TIMING_UNRESOLVED_OR_NOT_RELEASED,False,,,,TIMING_UNRESOLVED_OR_NOT_RELEASED,2023-08,0.03557995990397048,-0.3548387096774194,0.0,0.41935483870967744,0.3870967741935484,-0.7096774193548387,0.16129032258064516,0.0,0.0,0.2857142857142857,1.0,0.03225806451612903,0.290817535505643,2.0691244239631335,0.0,-0.41935483870967744,-0.3870967741935484,1.2811059907834101,-0.16129032258064516,0.0,0.0,-0.14285714285714285,-1.0,-0.03225806451612903,0.03557995990397048,0.290817535505643,-0.3548387096774194,2.0691244239631335,0.0,0.0,0.41935483870967744,-0.41935483870967744,0.3870967741935484,-0.3870967741935484,-0.7096774193548387,1.2811059907834101,0.16129032258064516,-0.16129032258064516,0.0,0.0,0.0,0.0,0.2857142857142857,-0.14285714285714285,1.0,-1.0,0.03225806451612903,-0.03225806451612903,2.0691244239631335,1,0.2503167917530154,0,1,1,0,0,1,1,0.5714285714285714,0.6521515328848162,0.6097973503053566,1,1,0,0.6521515328848162,1.9564545986544486
2023-08,2023-08,S2_Day14,2,2023-08-14 23:59:59,extended_historical_test,extended_historical_test,40.1,40.1,True,True,42.5,2023-06,2023-08-14,,CONSERVATIVE_MONTH_END_PLUS_45D_PROXY,False,2,0,42.5,2023-06,11.002711111111113,0.0081795130463246,0.0067231817905133,False,,,,,,,16,2023-08-14,0.20955392565783054,1.625,0.875,0.3125,0.0625,0.625,0.0,0.0,0.0,0.0,0.0,0.0625,0.0,0.25,1.25,0.3125,1.25,0.125,0.25,0.1875,0.25,0.0,0.0,0.0,0.0,0.5714285714285714,0.0,0.5714285714285714,information timestamp <= nowcast cutoff,verified GSS release date where available; otherwise conservative observation month-end +45 days; target month itself always excluded,0.0,,True,9.0,2023-08-14,11.0031,11.004,11.0017,11.004,0.000647120879047,0.0,,,,,,,,False,,,,TIMING_UNRESOLVED_OR_NOT_RELEASED,False,,,,TIMING_UNRESOLVED_OR_NOT_RELEASED,2023-08,0.03557995990397048,-0.3548387096774194,0.0,0.41935483870967744,0.3870967741935484,-0.7096774193548387,0.16129032258064516,0.0,0.0,0.2857142857142857,1.0,0.03225806451612903,0.17397396575386007,1.9798387096774195,0.0,0.8306451612903225,0.8629032258064516,0.9596774193548387,0.08870967741935484,0.0,0.0,0.2857142857142857,-1.0,-0.03225806451612903,0.3263974954096135,-0.11684356975178295,1.7142857142857142,-0.08928571428571419,0.0,0.0,0.0,1.25,0.0,1.25,0.5714285714285714,-0.3214285714285714,0.0,0.25,0.0,0.0,0.0,0.0,0.14285714285714285,0.42857142857142855,0.0,0.0,0.0,0.0,-2.158410138248848,1,0.40205983513117993,0,0,0,0,0,0,1,0.14285714285714285,0.6125718241843477,0.6097973503053566,1,1,0,0.6125718241843477,1.2251436483686955
2023-08,2023-08,S3_Day21,3,2023-08-21 23:59:59,extended_historical_test,extended_historical_test,40.1,40.1,True,True,42.5,2023-06,2023-08-14,,CONSERVATIVE_MONTH_END_PLUS_45D_PROXY,False,2,7,42.5,2023-06,11.003507142857144,0.0181766956585116,0.0139585373011286,False,,,,,,,20,2023-08-20,0.21739587821060097,1.9,0.9,0.3,0.05,0.6,0.0,0.0,0.0,0.0,0.0,0.1,0.6,0.2,1.0,0.25,1.0,0.1,0.2,0.15,0.2,0.0,0.0,0.0,0.0,0.7142857142857143,0.0,0.7142857142857143,information timestamp <= nowcast cutoff,verified GSS release date where available; otherwise conservative observation month-end +45 days; target month itself always excluded,0.0,,True,14.0,2023-08-21,11.0031,11.0051,11.0017,11.0051,0.0011937122683428,0.0,,,,,,,,False,,,,TIMING_UNRESOLVED_OR_NOT_RELEASED,False,,,,TIMING_UNRESOLVED_OR_NOT_RELEASED,2023-08,0.03557995990397048,-0.3548387096774194,0.0,0.41935483870967744,0.3870967741935484,-0.7096774193548387,0.16129032258064516,0.0,0.0,0.2857142857142857,1.0,0.03225806451612903,0.1818159183066305,2.2548387096774194,0.6,0.5806451612903225,0.6129032258064516,0.9096774193548387,0.038709677419354854,0.0,0.0,0.4285714285714286,-1.0,-0.03225806451612903,0.20955392565783054,0.007841952552770426,1.625,0.2749999999999999,0.0,0.6,1.25,-0.25,1.25,-0.25,0.25,-0.04999999999999999,0.25,-0.04999999999999999,0.0,0.0,0.0,0.0,0.5714285714285714,0.1428571428571429,0.0,0.0,0.0,0.0,0.3642857142857141,1,0.45386453484292816,1,0,0,0,0,0,1,0.2857142857142857,0.5605702132647118,0.6097973503053566,0,0,0,0.5605702132647118,1.1211404265294236
2023-08,2023-08,S4_MonthEnd,4,2023-08-31 23:59:59,extended_historical_test,extended_historical_test,40.1,40.1,True,True,42.5,2023-06,2023-08-14,,CONSERVATIVE_MONTH_END_PLUS_45D_PROXY,False,2,17,42.5,2023-06,11.006568181818182,0.1463224000509022,0.0417811778243182,False,,,,,,,31,2023-08-31,0.1853116345985507,1.4516129032258065,0.8064516129032258,0.25806451612903225,0.03225806451612903,0.5483870967741935,0.0,1.0,1.0,-1.0,0.03225806451612903,0.12903225806451613,0.5161290322580645,0.1935483870967742,0.7419354838709677,0.2903225806451613,0.7419354838709677,0.12903225806451613,0.12903225806451613,0.16129032258064516,0.12903225806451613,0.0,0.0,0.03225806451612903,0.0,0.7142857142857143,0.0,0.7142857142857143,information timestamp <= nowcast cutoff,verified GSS release date where available; otherwise conservative observation month-end +45 days; target month itself always excluded,0.0,,True,22.0,2023-08-31,11.0031,11.0192,11.0017,11.0192,0.0049910270726243,0.0,,,,,,,,False,,,,TIMING_UNRESOLVED_OR_NOT_RELEASED,False,,,,TIMING_UNRESOLVED_OR_NOT_RELEASED,2023-08,0.03557995990397048,-0.3548387096774194,0.0,0.41935483870967744,0.3870967741935484,-0.7096774193548387,0.16129032258064516,0.0,0.0,0.2857142857142857,1.0,0.03225806451612903,0.14973167469458024,1.806451612903226,0.5161290322580645,0.3225806451612903,0.3548387096774194,0.8387096774193549,-0.03225806451612903,0.0,0.0,0.4285714285714286,-2.0,0.0,0.21739587821060097,-0.032084243612050256,1.9,-0.4483870967741934,0.6,-0.08387096774193548,1.0,-0.25806451612903225,1.0,-0.25806451612903225,0.2,-0.07096774193548389,0.2,-0.07096774193548389,0.0,0.0,0.0,0.0,0.7142857142857143,0.0,0.0,-1.0,0.0,0.03225806451612903,-0.7233870967741933,1,0.3294689838887264,1,0,0,0,0,0,1,0.2857142857142857,0.5693874957091404,0.6097973503053566,0,0,0,0.5693874957091404,1.1387749914182808
2023-09,2023-09,S1_Day7,1,2023-09-07 23:59:59,extended_historical_test,extended_historical_test,38.1,38.1,True,True,42.5,2023-06,2023-08-14,,CONSERVATIVE_MONTH_END_PLUS_45D_PROXY,False,3,24,42.5,2023-06,11.02752,0.1760323754389503,0.1903574105544425,False,,,,,,,3,2023-09-07,0.0,0.0,1.0,0.0,0.0,0.6666666666666666,0.0,0.0,0.0,0.0,0.0,0.3333333333333333,0.0,0.0,0.0,0.0,0.0,0.0,0.0,0.3333333333333333,0.0,0.0,0.0,0.0,0.0,0.0,0.0,0.0,information timestamp <= nowcast cutoff,verified GSS release date where available; otherwise conservative observation month-end +45 days; target month itself always excluded,0.0,,True,5.0,2023-09-07,11.0207,11.0401,11.0207,11.0401,0.00778264736449,0.0,,,,,,,,False,,,,TIMING_UNRESOLVED_OR_NOT_RELEASED,False,,,,TIMING_UNRESOLVED_OR_NOT_RELEASED,2023-09,0.1853116345985507,1.4516129032258065,0.5161290322580645,0.7419354838709677,0.7419354838709677,0.12903225806451613,0.12903225806451613,0.0,0.0,0.7142857142857143,-1.0,0.03225806451612903,-0.1853116345985507,-1.4516129032258065,-0.5161290322580645,-0.7419354838709677,-0.7419354838709677,-0.12903225806451613,-0.12903225806451613,0.0,0.0,-0.7142857142857143,1.0,-0.03225806451612903,0.1853116345985507,-0.1853116345985507,1.4516129032258065,-1.4516129032258065,0.5161290322580645,-0.5161290322580645,0.7419354838709677,-0.7419354838709677,0.7419354838709677,-0.7419354838709677,0.12903225806451613,-0.12903225806451613,0.12903225806451613,-0.12903225806451613,0.0,0.0,0.0,0.0,0.7142857142857143,-0.7142857142857143,-1.0,1.0,0.03225806451612903,-0.03225806451612903,-1.4516129032258065,1,0.0,1,1,1,0,0,1,1,0.7142857142857143,0.6173893943952141,0.6097973503053566,1,0,0,0.6173893943952141,1.8521681831856425
2023-09,2023-09,S2_Day14,2,2023-09-14 23:59:59,extended_historical_test,extended_historical_test,38.1,38.1,True,True,43.1,2023-07,2023-09-14,,CONSERVATIVE_MONTH_END_PLUS_45D_PROXY,False,2,0,43.1,2023-07,11.042000000000002,0.4119520538622856,0.3219152200442554,False,,,,,,,9,2023-09-14,0.17887531065703086,1.0,0.7777777777777778,0.2222222222222222,0.0,0.5555555555555556,0.0,0.0,0.0,0.0,0.0,0.1111111111111111,0.0,0.2222222222222222,1.0,0.0,0.0,0.1111111111111111,0.0,0.2222222222222222,0.0,0.0,0.0,0.1111111111111111,0.4444444444444444,0.2857142857142857,0.0,0.2857142857142857,information timestamp <= nowcast cutoff,verified GSS release date where available; otherwise conservative observation month-end +45 days; target month itself always excluded,0.0,,True,10.0,2023-09-14,11.0207,11.0661,11.0207,11.0661,0.0159005031366937,0.0,,,,,,,,False,,,,TIMING_UNRESOLVED_OR_NOT_RELEASED,False,,,,TIMING_UNRESOLVED_OR_NOT_RELEASED,2023-09,0.1853116345985507,1.4516129032258065,0.5161290322580645,0.7419354838709677,0.7419354838709677,0.12903225806451613,0.12903225806451613,0.0,0.0,0.7142857142857143,-1.0,0.03225806451612903,-0.006436323941519856,-0.4516129032258065,-0.5161290322580645,0.25806451612903225,-0.7419354838709677,-0.12903225806451613,-0.12903225806451613,0.0,0.4444444444444444,-0.4285714285714286,1.0,-0.03225806451612903,0.0,0.17887531065703086,0.0,1.0,0.0,0.0,0.0,1.0,0.0,0.0,0.0,0.0,0.0,0.0,0.0,0.0,0.0,0.4444444444444444,0.0,0.2857142857142857,0.0,0.0,0.0,0.0,2.4516129032258065,0,0.2562760471000752,1,0,1,0,1,1,1,0.7142857142857143,0.2967767920038781,0.6097973503053566,0,0,0,0.2967767920038781,0.5935535840077562
2023-09,2023-09,S3_Day21,3,2023-09-21 23:59:59,extended_historical_test,extended_historical_test,38.1,38.1,True,True,43.1,2023-07,2023-09-14,,CONSERVATIVE_MONTH_END_PLUS_45D_PROXY,False,2,7,43.1,2023-07,11.0508,0.4881722576606018,0.4018674799551647,False,,,,,,,13,2023-09-20,0.05420996478987779,0.23076923076923078,0.7692307692307693,0.15384615384615385,0.07692307692307693,0.5384615384615384,0.0,0.0,0.0,0.0,0.0,0.07692307692307693,0.0,0.15384615384615385,0.6923076923076923,0.15384615384615385,-0.46153846153846156,0.23076923076923078,-0.46153846153846156,0.15384615384615385,0.0,0.0,0.0,0.07692307692307693,0.3076923076923077,0.2857142857142857,0.2857142857142857,0.0,information timestamp <= nowcast cutoff,verified GSS release date where available; otherwise conservative observation month-end +45 days; target month itself always excluded,0.0,,True,14.0,2023-09-20,11.0207,11.0745,11.0207,11.0745,0.0193583499887186,0.0,,,,,,,,False,,,,TIMING_UNRESOLVED_OR_NOT_RELEASED,False,,,,TIMING_UNRESOLVED_OR_NOT_RELEASED,2023-09,0.1853116345985507,1.4516129032258065,0.5161290322580645,0.7419354838709677,0.7419354838709677,0.12903225806451613,0.12903225806451613,0.0,0.0,0.7142857142857143,-1.0,0.03225806451612903,-0.13110166980867294,-1.2208436724565757,-0.5161290322580645,-0.04962779156327546,-1.2034739454094292,-0.5905707196029777,-0.12903225806451613,0.0,0.3076923076923077,-0.7142857142857143,1.0,-0.03225806451612903,0.17887531065703086,-0.12466534586715307,1.0,-0.7692307692307692,0.0,0.0,1.0,-0.3076923076923077,0.0,-0.46153846153846156,0.0,-0.46153846153846156,0.0,0.0,0.0,0.0,0.4444444444444444,-0.1367521367521367,0.2857142857142857,-0.2857142857142857,0.0,0.0,0.0,0.0,-1.7692307692307692,0,0.07510674162441336,1,0,1,0,1,1,1,0.7142857142857143,0.4039998424498365,0.6097973503053566,0,0,0,0.4039998424498365,0.807999684899673
2023-09,2023-09,S4_MonthEnd,4,2023-09-30 23:59:59,extended_historical_test,extended_historical_test,38.1,38.1,True,True,43.1,2023-07,2023-09-14,,CONSERVATIVE_MONTH_END_PLUS_45D_PROXY,False,2,16,43.1,2023-07,11.06293,0.9781592820782724,0.5120744018551004,False,,,,,,,18,2023-09-28,0.005651113975993864,-2.111111111111111,0.7777777777777778,0.2222222222222222,0.16666666666666666,0.6111111111111112,0.0,0.0,0.0,0.0,0.0,0.05555555555555555,0.0,0.2222222222222222,-1.0,0.1111111111111111,-0.3333333333333333,0.3333333333333333,-3.0,0.1111111111111111,0.0,0.0,0.0,0.05555555555555555,0.2222222222222222,0.14285714285714285,0.42857142857142855,-0.2857142857142857,information timestamp <= nowcast cutoff,verified GSS release date where available; otherwise conservative observation month-end +45 days; target month itself always excluded,0.0,,True,20.0,2023-09-29,11.0207,11.1285,11.0207,11.1285,0.0269656281217407,0.0,,,,,,,,False,,,,TIMING_UNRESOLVED_OR_NOT_RELEASED,False,,,,TIMING_UNRESOLVED_OR_NOT_RELEASED,2023-09,0.1853116345985507,1.4516129032258065,0.5161290322580645,0.7419354838709677,0.7419354838709677,0.12903225806451613,0.12903225806451613,0.0,0.0,0.7142857142857143,-1.0,0.03225806451612903,-0.17966052062255686,-3.5627240143369177,-0.5161290322580645,-1.7419354838709677,-1.075268817204301,-3.129032258064516,-0.12903225806451613,0.0,0.2222222222222222,-1.0,1.0,-0.03225806451612903,0.05420996478987779,-0.048558850813883926,0.23076923076923078,-2.341880341880342,0.0,0.0,0.6923076923076923,-1.6923076923076923,-0.46153846153846156,0.12820512820512825,-0.46153846153846156,-2.5384615384615383,0.0,0.0,0.0,0.0,0.3076923076923077,-0.0854700854700855,0.0,-0.2857142857142857,0.0,0.0,0.0,0.0,-1.5726495726495728,1,-0.3689694307005483,1,1,1,0,1,1,1,0.8571428571428571,0.7648570933802822,0.6097973503053566,1,0,1,0.7648570933802822,1.5297141867605644
2023-10,2023-10,S1_Day7,1,2023-10-07 23:59:59,extended_historical_test,extended_historical_test,34.9,34.9,True,True,43.1,2023-07,2023-09-14,,CONSERVATIVE_MONTH_END_PLUS_45D_PROXY,False,3,23,43.1,2023-07,11.18724,0.7130556452480841,1.1236625378629128,False,,,,,,,1,2023-10-02,0.0,0.0,0.0,0.0,0.0,0.0,0.0,0.0,0.0,0.0,0.0,0.0,0.0,1.0,0.0,1.0,0.0,0.0,0.0,0.0,0.0,0.0,0.0,0.0,0.0,0.0,0.0,0.0,information timestamp <= nowcast cutoff,verified GSS release date where available; otherwise conservative observation month-end +45 days; target month itself always excluded,0.0,,True,5.0,2023-10-06,11.1492,11.2287,11.1492,11.2287,0.03475782501826,0.0,,,,,,,,False,,,,TIMING_UNRESOLVED_OR_NOT_RELEASED,False,,,,TIMING_UNRESOLVED_OR_NOT_RELEASED,2023-10,0.005651113975993864,-2.111111111111111,0.0,-1.0,-0.3333333333333333,-3.0,0.0,0.0,0.2222222222222222,-0.2857142857142857,0.0,0.0,-0.005651113975993864,2.111111111111111,0.0,1.0,0.3333333333333333,3.0,0.0,0.0,-0.2222222222222222,0.2857142857142857,0.0,0.0,0.005651113975993864,-0.005651113975993864,-2.111111111111111,2.111111111111111,0.0,0.0,-1.0,1.0,-0.3333333333333333,0.3333333333333333,-3.0,3.0,0.0,0.0,0.0,0.0,0.2222222222222222,-0.2222222222222222,-0.2857142857142857,0.2857142857142857,0.0,0.0,0.0,0.0,2.111111111111111,1,0.0,0,1,1,0,1,0,1,0.5714285714285714,0.6634070100851521,0.6097973503053566,1,0,0,0.6634070100851521,1.9902210302554564
2023-10,2023-10,S2_Day14,2,2023-10-14 23:59:59,extended_historical_test,extended_historical_test,34.9,34.9,True,True,43.1,2023-07,2023-09-14,,CONSERVATIVE_MONTH_END_PLUS_45D_PROXY,False,3,30,43.1,2023-07,11.23018,1.454812901374103,1.5118056428089055,False,,,,,,,8,2023-10-14,-0.18037735100445654,-3.5,0.75,0.125,0.25,0.75,0.0,0.0,0.0,0.0,0.0,0.0,0.0,0.125,0.0,0.25,0.25,0.375,-3.5,0.0,0.0,0.0,0.0,0.0,0.0,0.14285714285714285,0.14285714285714285,0.0,information timestamp <= nowcast cutoff,verified GSS release date where available; otherwise conservative observation month-end +45 days; target month itself always excluded,0.0,,True,10.0,2023-10-13,11.1492,11.3114,11.1492,11.3114,0.0538045128218813,0.0,,,,,,,,False,,,,TIMING_UNRESOLVED_OR_NOT_RELEASED,False,,,,TIMING_UNRESOLVED_OR_NOT_RELEASED,2023-10,0.005651113975993864,-2.111111111111111,0.0,-1.0,-0.3333333333333333,-3.0,0.0,0.0,0.2222222222222222,-0.2857142857142857,0.0,0.0,-0.1860284649804504,-1.3888888888888888,0.0,1.0,0.5833333333333333,-0.5,0.0,0.0,-0.2222222222222222,0.2857142857142857,0.0,0.0,0.0,-0.18037735100445654,0.0,-3.5,0.0,0.0,0.0,0.0,0.0,0.25,0.0,-3.5,0.0,0.0,0.0,0.0,0.0,0.0,0.0,0.0,0.0,0.0,0.0,0.0,-5.611111111111111,0,-0.317046138296891,0,1,1,0,1,0,0,0.42857142857142855,0.41634011444079283,0.6097973503053566,0,0,0,0.41634011444079283,1.2490203433223785
2023-10,2023-10,S3_Day21,3,2023-10-21 23:59:59,extended_historical_test,extended_historical_test,34.9,34.9,True,True,40.1,2023-08,2023-10-15,,CONSERVATIVE_MONTH_END_PLUS_45D_PROXY,False,2,6,40.1,2023-08,11.27488,2.4423277006421884,1.9158577338914684,False,,,,,,,14,2023-10-19,-0.13608114037826158,-2.142857142857143,0.7857142857142857,0.07142857142857142,0.21428571428571427,0.5,0.0,0.0,0.0,0.0,0.0,0.14285714285714285,-0.14285714285714285,0.07142857142857142,0.0,0.14285714285714285,0.14285714285714285,0.21428571428571427,-2.0,0.14285714285714285,0.0,0.0,0.0,0.0,0.0,0.14285714285714285,0.2857142857142857,-0.14285714285714285,information timestamp <= nowcast cutoff,verified GSS release date where available; otherwise conservative observation month-end +45 days; target month itself always excluded,0.0,,True,15.0,2023-10-20,11.1492,11.4215,11.1492,11.4215,0.0797835505184704,0.0,,,,,,,,False,,,,TIMING_UNRESOLVED_OR_NOT_RELEASED,False,,,,TIMING_UNRESOLVED_OR_NOT_RELEASED,2023-10,0.005651113975993864,-2.111111111111111,0.0,-1.0,-0.3333333333333333,-3.0,0.0,0.0,0.2222222222222222,-0.2857142857142857,0.0,0.0,-0.14173225435425543,-0.03174603174603163,-0.14285714285714285,1.0,0.47619047619047616,1.0,0.0,0.0,-0.2222222222222222,0.14285714285714285,0.0,0.0,-0.18037735100445654,0.04429621062619496,-3.5,1.3571428571428572,0.0,-0.14285714285714285,0.0,0.0,0.25,-0.10714285714285715,-3.5,1.5,0.0,0.0,0.0,0.0,0.0,0.0,0.0,-0.14285714285714285,0.0,0.0,0.0,0.0,4.857142857142858,0,-0.2872078147120689,1,1,1,0,1,0,0,0.5714285714285714,0.2175269898554639,0.6097973503053566,0,0,0,0.2175269898554639,0.4350539797109278
2023-10,2023-10,S4_MonthEnd,4,2023-10-31 23:59:59,extended_historical_test,extended_historical_test,34.9,34.9,True,True,40.1,2023-08,2023-10-15,,CONSERVATIVE_MONTH_END_PLUS_45D_PROXY,False,2,16,40.1,2023-08,11.335381818181816,3.1132278549133474,2.462745567239555,False,,,,,,,18,2023-10-31,0.0256365969637934,-0.3333333333333333,0.7222222222222222,0.2222222222222222,0.16666666666666666,0.5555555555555556,0.0,0.0,0.0,0.0,0.0,0.1111111111111111,-0.1111111111111111,0.16666666666666666,1.2222222222222223,0.16666666666666666,0.4444444444444444,0.2222222222222222,-0.6666666666666666,0.16666666666666666,0.8888888888888888,0.0,0.0,0.0,0.0,0.42857142857142855,0.2857142857142857,0.14285714285714285,information timestamp <= nowcast cutoff,verified GSS release date where available; otherwise conservative observation month-end +45 days; target month itself always excluded,0.0,,True,22.0,2023-10-31,11.1492,11.4963,11.1492,11.4963,0.1107152187796305,0.0,,,,,,,,False,,,,TIMING_UNRESOLVED_OR_NOT_RELEASED,False,,,,TIMING_UNRESOLVED_OR_NOT_RELEASED,2023-10,0.005651113975993864,-2.111111111111111,0.0,-1.0,-0.3333333333333333,-3.0,0.0,0.0,0.2222222222222222,-0.2857142857142857,0.0,0.0,0.019985482987799535,1.777777777777778,-0.1111111111111111,2.2222222222222223,0.7777777777777777,2.3333333333333335,0.8888888888888888,0.0,-0.2222222222222222,0.42857142857142855,0.0,0.0,-0.13608114037826158,0.16171773734205497,-2.142857142857143,1.8095238095238095,-0.14285714285714285,0.031746031746031744,0.0,1.2222222222222223,0.14285714285714285,0.30158730158730157,-2.0,1.3333333333333335,0.0,0.8888888888888888,0.0,0.0,0.0,0.0,-0.14285714285714285,0.2857142857142857,0.0,0.0,0.0,0.0,0.45238095238095233,0,0.044618765313750225,1,1,1,0,1,1,0,0.7142857142857143,0.3750142707387064,0.6097973503053566,0,0,0,0.3750142707387064,0.7500285414774128
2023-11,2023-11,S1_Day7,1,2023-11-07 23:59:59,extended_historical_test,extended_historical_test,26.4,26.4,True,True,40.1,2023-08,2023-10-15,,CONSERVATIVE_MONTH_END_PLUS_45D_PROXY,False,3,23,40.1,2023-08,11.5044,0.1104415051351059,1.4910673899584117,False,,,,,,,3,2023-11-06,0.6034321690965777,4.0,0.6666666666666666,0.6666666666666666,0.0,0.3333333333333333,0.0,0.0,0.0,0.0,0.0,0.0,0.0,0.6666666666666666,4.0,0.0,0.0,0.3333333333333333,2.0,0.3333333333333333,2.0,0.0,0.0,0.0,0.0,0.42857142857142855,0.0,0.42857142857142855,information timestamp <= nowcast cutoff,verified GSS release date where available; otherwise conservative observation month-end +45 days; target month itself always excluded,0.0,,True,5.0,2023-11-07,11.4993,11.512,11.4993,11.512,0.0045734013600385,0.0,,,,,,,,False,,,,TIMING_UNRESOLVED_OR_NOT_RELEASED,False,,,,TIMING_UNRESOLVED_OR_NOT_RELEASED,2023-11,0.0256365969637934,-0.3333333333333333,-0.1111111111111111,1.2222222222222223,0.4444444444444444,-0.6666666666666666,0.8888888888888888,0.0,0.0,0.14285714285714285,0.0,0.0,0.5777955721327843,4.333333333333333,0.1111111111111111,2.7777777777777777,-0.4444444444444444,2.6666666666666665,1.1111111111111112,0.0,0.0,0.2857142857142857,0.0,0.0,0.0256365969637934,0.5777955721327843,-0.3333333333333333,4.333333333333333,-0.1111111111111111,0.1111111111111111,1.2222222222222223,2.7777777777777777,0.4444444444444444,-0.4444444444444444,-0.6666666666666666,2.6666666666666665,0.8888888888888888,1.1111111111111112,0.0,0.0,0.0,0.0,0.14285714285714285,0.2857142857142857,0.0,0.0,0.0,0.0,4.333333333333333,1,0.5034423614664799,1,0,1,0,0,0,1,0.42857142857142855,0.7441891296121611,0.6097973503053566,1,1,0,0.7441891296121611,2.2325673888364834
2023-11,2023-11,S2_Day14,2,2023-11-14 23:59:59,extended_historical_test,extended_historical_test,26.4,26.4,True,True,38.1,2023-09,2023-11-14,,CONSERVATIVE_MONTH_END_PLUS_45D_PROXY,False,2,0,38.1,2023-09,11.514730000000002,0.3278460428026042,1.5821979770501704,False,,,,,,,8,2023-11-14,0.33943059511682494,2.25,0.625,0.375,0.0,0.625,0.0,0.0,0.0,0.0,0.0,0.0,0.0,0.375,1.5,0.25,0.75,0.125,0.75,0.625,0.75,0.0,0.0,0.0,0.0,0.5714285714285714,0.0,0.5714285714285714,information timestamp <= nowcast cutoff,verified GSS release date where available; otherwise conservative observation month-end +45 days; target month itself always excluded,0.0,,True,10.0,2023-11-14,11.4993,11.537,11.4993,11.537,0.01211099087606,0.0,,,,,,,,False,,,,TIMING_UNRESOLVED_OR_NOT_RELEASED,False,,,,TIMING_UNRESOLVED_OR_NOT_RELEASED,2023-11,0.0256365969637934,-0.3333333333333333,-0.1111111111111111,1.2222222222222223,0.4444444444444444,-0.6666666666666666,0.8888888888888888,0.0,0.0,0.14285714285714285,0.0,0.0,0.31379399815303155,2.5833333333333335,0.1111111111111111,0.2777777777777777,0.3055555555555556,1.4166666666666665,-0.13888888888888884,0.0,0.0,0.42857142857142855,0.0,0.0,0.6034321690965777,-0.26400157397975277,4.0,-1.75,0.0,0.0,4.0,-2.5,0.0,0.75,2.0,-1.25,2.0,-1.25,0.0,0.0,0.0,0.0,0.42857142857142855,0.14285714285714285,0.0,0.0,0.0,0.0,-6.083333333333333,1,0.4429348858352236,1,0,0,0,0,0,1,0.2857142857142857,0.7001642338287972,0.6097973503053566,1,1,0,0.7001642338287972,1.4003284676575944
2023-11,2023-11,S3_Day21,3,2023-11-21 23:59:59,extended_historical_test,extended_historical_test,26.4,26.4,True,True,38.1,2023-09,2023-11-14,,CONSERVATIVE_MONTH_END_PLUS_45D_PROXY,False,2,7,38.1,2023-09,11.528873333333337,0.5782960701955719,1.7069695424035911,False,,,,,,,22,2023-11-21,0.06745053638088455,0.3181818181818182,0.6818181818181818,0.13636363636363635,0.09090909090909091,0.36363636363636365,0.0,0.0,0.0,0.0,0.0,0.0,0.0,0.2727272727272727,0.5,0.22727272727272727,0.22727272727272727,0.09090909090909091,0.2727272727272727,0.6818181818181818,-0.18181818181818182,0.0,0.0,0.0,0.0,0.42857142857142855,0.14285714285714285,0.2857142857142857,information timestamp <= nowcast cutoff,verified GSS release date where available; otherwise conservative observation month-end +45 days; target month itself always excluded,0.0,,True,15.0,2023-11-21,11.4993,11.5658,11.4993,11.5658,0.0227113618164028,0.0,,,,,,,,False,,,,TIMING_UNRESOLVED_OR_NOT_RELEASED,False,,,,TIMING_UNRESOLVED_OR_NOT_RELEASED,2023-11,0.0256365969637934,-0.3333333333333333,-0.1111111111111111,1.2222222222222223,0.4444444444444444,-0.6666666666666666,0.8888888888888888,0.0,0.0,0.14285714285714285,0.0,0.0,0.04181393941709115,0.6515151515151515,0.1111111111111111,-0.7222222222222223,-0.21717171717171715,0.9393939393939393,-1.0707070707070707,0.0,0.0,0.14285714285714285,0.0,0.0,0.33943059511682494,-0.2719800587359404,2.25,-1.9318181818181819,0.0,0.0,1.5,-1.0,0.75,-0.5227272727272727,0.75,-0.4772727272727273,0.75,-0.9318181818181819,0.0,0.0,0.0,0.0,0.5714285714285714,-0.2857142857142857,0.0,0.0,0.0,0.0,-0.18181818181818188,1,0.1175552460845366,1,0,0,0,0,1,1,0.42857142857142855,0.3737451937996421,0.6097973503053566,0,0,0,0.3737451937996421,0.7474903875992842
2023-11,2023-11,S4_MonthEnd,4,2023-11-30 23:59:59,extended_historical_test,extended_historical_test,26.4,26.4,True,True,38.1,2023-09,2023-11-14,,CONSERVATIVE_MONTH_END_PLUS_45D_PROXY,False,2,16,38.1,2023-09,11.54935909090909,1.0548468167627556,1.8876935612707424,False,,,,,,,37,2023-11-30,-0.050568221024548776,-1.6756756756756757,0.7297297297297297,0.10810810810810811,0.16216216216216217,0.4594594594594595,1.0,0.0,1.0,1.0,0.02702702702702703,0.0,0.0,0.1891891891891892,0.2972972972972973,0.16216216216216217,0.21621621621621623,0.24324324324324326,-1.7837837837837838,0.5135135135135135,-0.10810810810810811,0.0,0.0,0.02702702702702703,0.08108108108108109,0.42857142857142855,0.2857142857142857,0.14285714285714285,information timestamp <= nowcast cutoff,verified GSS release date where available; otherwise conservative observation month-end +45 days; target month itself always excluded,0.0,,True,22.0,2023-11-30,11.4993,11.6206,11.4993,11.6206,0.0365817721511549,0.0,,,,,,,,False,,,,TIMING_UNRESOLVED_OR_NOT_RELEASED,False,,,,TIMING_UNRESOLVED_OR_NOT_RELEASED,2023-11,0.0256365969637934,-0.3333333333333333,-0.1111111111111111,1.2222222222222223,0.4444444444444444,-0.6666666666666666,0.8888888888888888,0.0,0.0,0.14285714285714285,0.0,0.0,-0.07620481798834218,-1.3423423423423424,0.1111111111111111,-0.924924924924925,-0.2282282282282282,-1.1171171171171173,-0.996996996996997,0.0,0.08108108108108109,0.0,1.0,0.02702702702702703,0.06745053638088455,-0.11801875740543333,0.3181818181818182,-1.9938574938574938,0.0,0.0,0.5,-0.2027027027027027,0.22727272727272727,-0.011056511056511037,0.2727272727272727,-2.0565110565110567,-0.18181818181818182,0.07371007371007371,0.0,0.0,0.0,0.08108108108108109,0.2857142857142857,-0.14285714285714285,0.0,1.0,0.0,0.02702702702702703,-0.0620393120393119,0,-0.14755957850119938,1,0,0,0,0,1,0,0.2857142857142857,0.2517488110951492,0.6097973503053566,0,0,0,0.2517488110951492,0.5034976221902984
2023-12,2023-12,S1_Day7,1,2023-12-07 23:59:59,extended_historical_test,extended_historical_test,23.2,23.2,True,True,38.1,2023-09,2023-11-14,,CONSERVATIVE_MONTH_END_PLUS_45D_PROXY,False,3,23,38.1,2023-09,11.626175,0.0412917433718185,0.6651097128963057,False,,,,,,,2,2023-12-03,0.3807970779778824,2.0,1.0,0.5,0.0,1.0,0.0,0.0,0.0,0.0,0.0,0.0,0.0,0.0,0.0,0.0,0.0,0.0,0.0,0.0,0.0,0.0,0.0,0.0,0.0,0.0,0.0,0.0,information timestamp <= nowcast cutoff,verified GSS release date where available; otherwise conservative observation month-end +45 days; target month itself always excluded,0.0,,True,4.0,2023-12-07,11.6246,11.6294,11.6246,11.6294,0.0019600701518063,0.0,,,,,,,,False,,,,TIMING_UNRESOLVED_OR_NOT_RELEASED,False,,,,TIMING_UNRESOLVED_OR_NOT_RELEASED,2023-12,-0.050568221024548776,-1.6756756756756757,0.0,0.2972972972972973,0.21621621621621623,-1.7837837837837838,-0.10810810810810811,0.0,0.08108108108108109,0.14285714285714285,1.0,0.02702702702702703,0.4313652990024312,3.6756756756756754,0.0,-0.2972972972972973,-0.21621621621621623,1.7837837837837838,0.10810810810810811,0.0,-0.08108108108108109,-0.14285714285714285,-1.0,-0.02702702702702703,-0.050568221024548776,0.4313652990024312,-1.6756756756756757,3.6756756756756754,0.0,0.0,0.2972972972972973,-0.2972972972972973,0.21621621621621623,-0.21621621621621623,-1.7837837837837838,1.7837837837837838,-0.10810810810810811,0.10810810810810811,0.0,0.0,0.08108108108108109,-0.08108108108108109,0.14285714285714285,-0.14285714285714285,1.0,-1.0,0.02702702702702703,-0.02702702702702703,3.6756756756756754,1,0.2665579545845177,0,1,1,0,0,1,1,0.5714285714285714,0.7395793008205164,0.6097973503053566,1,1,0,0.7395793008205164,2.218737902461549
2023-12,2023-12,S2_Day14,2,2023-12-14 23:59:59,extended_historical_test,extended_historical_test,23.2,23.2,True,True,38.1,2023-09,2023-11-14,,CONSERVATIVE_MONTH_END_PLUS_45D_PROXY,False,3,30,38.1,2023-09,11.631644444444444,0.1341981659584101,0.7124668380960042,False,,,,,,,7,2023-12-14,0.10879916513653784,0.5714285714285714,1.0,0.2857142857142857,0.14285714285714285,0.7142857142857143,0.0,0.0,0.0,0.0,0.0,0.0,0.0,0.14285714285714285,-0.8571428571428571,0.14285714285714285,-0.8571428571428571,0.14285714285714285,-0.8571428571428571,0.14285714285714285,-0.8571428571428571,0.0,0.0,0.0,0.0,0.0,0.5714285714285714,-0.5714285714285714,information timestamp <= nowcast cutoff,verified GSS release date where available; otherwise conservative observation month-end +45 days; target month itself always excluded,0.0,,True,9.0,2023-12-14,11.6246,11.6402,11.6246,11.6402,0.0056682568574892,0.0,,,,,,,,False,,,,TIMING_UNRESOLVED_OR_NOT_RELEASED,False,,,,TIMING_UNRESOLVED_OR_NOT_RELEASED,2023-12,-0.050568221024548776,-1.6756756756756757,0.0,0.2972972972972973,0.21621621621621623,-1.7837837837837838,-0.10810810810810811,0.0,0.08108108108108109,0.14285714285714285,1.0,0.02702702702702703,0.15936738616108662,2.247104247104247,0.0,-1.1544401544401544,-1.0733590733590734,0.9266409266409267,-0.749034749034749,0.0,-0.08108108108108109,-0.7142857142857142,-1.0,-0.02702702702702703,0.3807970779778824,-0.27199791284134456,2.0,-1.4285714285714286,0.0,0.0,0.0,-0.8571428571428571,0.0,-0.8571428571428571,0.0,-0.8571428571428571,0.0,-0.8571428571428571,0.0,0.0,0.0,0.0,0.0,-0.5714285714285714,0.0,0.0,0.0,0.0,-5.104247104247104,1,-0.0322381918968975,0,1,1,0,0,0,0,0.2857142857142857,0.695555754344109,0.6097973503053566,1,0,1,0.695555754344109,2.086667263032327
2023-12,2023-12,S3_Day21,3,2023-12-21 23:59:59,extended_historical_test,extended_historical_test,23.2,23.2,True,True,34.9,2023-10,2023-12-15,,CONSERVATIVE_MONTH_END_PLUS_45D_PROXY,False,2,6,34.9,2023-10,11.63624285714286,0.1815116219052726,0.7522821444019057,False,,,,,,,15,2023-12-21,0.10154588746076865,0.5333333333333333,0.7333333333333333,0.26666666666666666,0.13333333333333333,0.4666666666666667,0.0,0.0,0.0,0.0,0.0,0.06666666666666667,0.13333333333333333,0.13333333333333333,-0.4,0.26666666666666666,-0.26666666666666666,0.13333333333333333,-0.4,0.06666666666666667,-0.4,0.0,0.0,0.0,0.0,0.14285714285714285,0.5714285714285714,-0.42857142857142855,information timestamp <= nowcast cutoff,verified GSS release date where available; otherwise conservative observation month-end +45 days; target month itself always excluded,0.0,,True,14.0,2023-12-21,11.6246,11.6457,11.6246,11.6457,0.007695426683215,0.0,,,,,,,,False,,,,TIMING_UNRESOLVED_OR_NOT_RELEASED,False,,,,TIMING_UNRESOLVED_OR_NOT_RELEASED,2023-12,-0.050568221024548776,-1.6756756756756757,0.0,0.2972972972972973,0.21621621621621623,-1.7837837837837838,-0.10810810810810811,0.0,0.08108108108108109,0.14285714285714285,1.0,0.02702702702702703,0.15211410848531742,2.209009009009009,0.13333333333333333,-0.6972972972972973,-0.4828828828828829,1.3837837837837839,-0.2918918918918919,0.0,-0.08108108108108109,-0.5714285714285714,-1.0,-0.02702702702702703,0.10879916513653784,-0.007253277675769193,0.5714285714285714,-0.03809523809523807,0.0,0.13333333333333333,-0.8571428571428571,0.4571428571428571,-0.8571428571428571,0.5904761904761904,-0.8571428571428571,0.4571428571428571,-0.8571428571428571,0.4571428571428571,0.0,0.0,0.0,0.0,-0.5714285714285714,0.14285714285714285,0.0,0.0,0.0,0.0,1.3904761904761904,1,0.03687761921637043,1,1,1,0,0,0,0,0.42857142857142855,0.6423679749462818,0.6097973503053566,1,1,0,0.6423679749462818,1.2847359498925637
2023-12,2023-12,S4_MonthEnd,4,2023-12-31 23:59:59,extended_historical_test,extended_historical_test,23.2,23.2,True,True,34.9,2023-10,2023-12-15,,CONSERVATIVE_MONTH_END_PLUS_45D_PROXY,False,2,16,34.9,2023-10,11.651116666666663,2.1970648452420027,0.8810668622960316,False,,,,,,,16,2023-12-29,0.0951992694944706,0.5,0.75,0.25,0.125,0.5,0.0,0.0,0.0,0.0,0.0,0.0625,0.125,0.125,-0.375,0.25,-0.25,0.125,-0.375,0.0625,-0.375,0.0,0.0,0.0,0.0,0.14285714285714285,0.5714285714285714,-0.42857142857142855,information timestamp <= nowcast cutoff,verified GSS release date where available; otherwise conservative observation month-end +45 days; target month itself always excluded,0.0,,True,18.0,2023-12-29,11.6246,11.88,11.6246,11.88,0.0560054089649683,0.0,,,,,,,,False,,,,TIMING_UNRESOLVED_OR_NOT_RELEASED,False,,,,TIMING_UNRESOLVED_OR_NOT_RELEASED,2023-12,-0.050568221024548776,-1.6756756756756757,0.0,0.2972972972972973,0.21621621621621623,-1.7837837837837838,-0.10810810810810811,0.0,0.08108108108108109,0.14285714285714285,1.0,0.02702702702702703,0.14576749051901938,2.1756756756756754,0.125,-0.6722972972972974,-0.46621621621621623,1.4087837837837838,-0.2668918918918919,0.0,-0.08108108108108109,-0.5714285714285714,-1.0,-0.02702702702702703,0.10154588746076865,-0.00634661796629804,0.5333333333333333,-0.033333333333333326,0.13333333333333333,-0.008333333333333331,-0.4,0.025000000000000022,-0.26666666666666666,0.016666666666666663,-0.4,0.025000000000000022,-0.4,0.025000000000000022,0.0,0.0,0.0,0.0,-0.42857142857142855,0.0,0.0,0.0,0.0,0.0,0.004761904761904745,1,0.03342049226147309,1,1,1,0,0,0,0,0.42857142857142855,0.5504163827634976,0.6097973503053566,0,0,0,0.5504163827634976,1.1008327655269952
2024-01,2024-01,S1_Day7,1,2024-01-07 23:59:59,extended_historical_test,extended_historical_test,23.5,23.5,True,True,34.9,2023-10,2023-12-15,,CONSERVATIVE_MONTH_END_PLUS_45D_PROXY,False,3,23,34.9,2023-10,11.883275,0.0143062720379782,1.99258440178125,False,,,,,,,5,2024-01-05,0.15231883119115297,0.8,1.0,0.2,0.0,0.0,1.0,0.0,1.0,1.0,0.2,0.0,0.0,0.0,0.0,0.0,0.0,0.0,0.0,0.2,0.8,0.0,0.0,0.0,0.0,0.14285714285714285,0.0,0.14285714285714285,information timestamp <= nowcast cutoff,verified GSS release date where available; otherwise conservative observation month-end +45 days; target month itself always excluded,0.0,,True,4.0,2024-01-05,11.8829,11.8846,11.8827,11.8846,0.0007693341276719,0.0,,,,,,,,False,,,,TIMING_UNRESOLVED_OR_NOT_RELEASED,False,,,,TIMING_UNRESOLVED_OR_NOT_RELEASED,2024-01,0.0951992694944706,0.5,0.125,-0.375,-0.25,-0.375,-0.375,0.0,0.0,-0.42857142857142855,0.0,0.0,0.057119561696682364,0.30000000000000004,-0.125,0.375,0.25,0.375,1.175,0.0,0.0,0.5714285714285714,1.0,0.2,0.0951992694944706,0.057119561696682364,0.5,0.30000000000000004,0.125,-0.125,-0.375,0.375,-0.25,0.25,-0.375,0.375,-0.375,1.175,0.0,0.0,0.0,0.0,-0.42857142857142855,0.5714285714285714,0.0,1.0,0.0,0.2,0.30000000000000004,0,0.19012499393218585,1,1,1,0,0,1,1,0.7142857142857143,0.274442516811659,0.6097973503053566,0,0,0,0.274442516811659,0.823327550434977
2024-01,2024-01,S2_Day14,2,2024-01-14 23:59:59,extended_historical_test,extended_historical_test,23.5,23.5,True,True,26.4,2023-11,2024-01-14,,CONSERVATIVE_MONTH_END_PLUS_45D_PROXY,False,2,0,26.4,2023-11,11.8899875,0.2087032626715723,2.050196905303792,False,,,,,,,6,2024-01-10,0.1269323593259608,0.6666666666666666,1.0,0.16666666666666666,0.0,0.0,1.0,0.0,1.0,1.0,0.16666666666666666,0.0,0.0,0.0,0.0,0.0,0.0,0.0,0.0,0.16666666666666666,0.6666666666666666,0.0,0.0,0.0,0.0,0.14285714285714285,0.0,0.14285714285714285,information timestamp <= nowcast cutoff,verified GSS release date where available; otherwise conservative observation month-end +45 days; target month itself always excluded,0.0,,True,8.0,2024-01-12,11.8829,11.9077,11.8827,11.9077,0.0086969013878507,0.0,,,,,,,,False,,,,TIMING_UNRESOLVED_OR_NOT_RELEASED,False,,,,TIMING_UNRESOLVED_OR_NOT_RELEASED,2024-01,0.0951992694944706,0.5,0.125,-0.375,-0.25,-0.375,-0.375,0.0,0.0,-0.42857142857142855,0.0,0.0,0.0317330898314902,0.16666666666666663,-0.125,0.375,0.25,0.375,1.0416666666666665,0.0,0.0,0.5714285714285714,1.0,0.16666666666666666,0.15231883119115297,-0.02538647186519216,0.8,-0.13333333333333341,0.0,0.0,0.0,0.0,0.0,0.0,0.0,0.0,0.8,-0.13333333333333341,0.0,0.0,0.0,0.0,0.14285714285714285,0.0,1.0,0.0,0.2,-0.033333333333333354,-0.43333333333333346,0,0.16967231527892918,1,1,1,0,0,1,1,0.7142857142857143,0.2444334784175567,0.6097973503053566,0,0,0,0.2444334784175567,0.4888669568351134
2024-01,2024-01,S3_Day21,3,2024-01-21 23:59:59,extended_historical_test,extended_historical_test,23.5,23.5,True,True,26.4,2023-11,2024-01-14,,CONSERVATIVE_MONTH_END_PLUS_45D_PROXY,False,2,7,26.4,2023-11,11.902030769230771,0.6496730596066813,2.153562699118461,False,,,,,,,11,2024-01-19,0.15325713367961677,0.7272727272727273,0.7272727272727273,0.2727272727272727,0.0,0.09090909090909091,1.0,0.0,1.0,1.0,0.09090909090909091,0.0,0.0,0.0,0.0,0.2727272727272727,0.36363636363636365,0.09090909090909091,0.0,0.09090909090909091,0.36363636363636365,0.0,0.0,0.0,0.0,0.2857142857142857,0.0,0.2857142857142857,information timestamp <= nowcast cutoff,verified GSS release date where available; otherwise conservative observation month-end +45 days; target month itself always excluded,0.0,,True,13.0,2024-01-19,11.8829,11.9601,11.8827,11.9601,0.0206389991042122,0.0,,,,,,,,False,,,,TIMING_UNRESOLVED_OR_NOT_RELEASED,False,,,,TIMING_UNRESOLVED_OR_NOT_RELEASED,2024-01,0.0951992694944706,0.5,0.125,-0.375,-0.25,-0.375,-0.375,0.0,0.0,-0.42857142857142855,0.0,0.0,0.05805786418514616,0.2272727272727273,-0.125,0.375,0.6136363636363636,0.375,0.7386363636363636,0.0,0.0,0.7142857142857142,1.0,0.09090909090909091,0.1269323593259608,0.02632477435365596,0.6666666666666666,0.06060606060606066,0.0,0.0,0.0,0.0,0.0,0.36363636363636365,0.0,0.0,0.6666666666666666,-0.303030303030303,0.0,0.0,0.0,0.0,0.14285714285714285,0.14285714285714285,1.0,0.0,0.16666666666666666,-0.07575757575757575,0.19393939393939408,0,0.2042143505267393,1,1,1,0,0,1,1,0.7142857142857143,0.20669984600432423,0.6097973503053566,0,0,0,0.20669984600432423,0.41339969200864846
2024-01,2024-01,S4_MonthEnd,4,2024-01-31 23:59:59,extended_historical_test,extended_historical_test,23.5,23.5,True,True,26.4,2023-11,2024-01-14,,CONSERVATIVE_MONTH_END_PLUS_45D_PROXY,False,2,17,26.4,2023-11,11.934447619047615,1.285039847175362,2.4317922520813,False,,,,,,,29,2024-01-31,-0.047268556222437544,-2.4482758620689653,0.7931034482758621,0.1724137931034483,0.1724137931034483,0.4827586206896552,1.0,0.0,1.0,1.0,0.034482758620689655,0.0,0.0,0.06896551724137931,0.1724137931034483,0.27586206896551724,-1.6206896551724137,0.3103448275862069,-2.896551724137931,0.13793103448275862,-2.5517241379310347,0.034482758620689655,-0.13793103448275862,0.034482758620689655,0.13793103448275862,0.2857142857142857,0.5714285714285714,-0.2857142857142857,information timestamp <= nowcast cutoff,verified GSS release date where available; otherwise conservative observation month-end +45 days; target month itself always excluded,0.0,,True,21.0,2024-01-31,11.8829,12.0356,11.8827,12.0356,0.0471072395512686,0.0,,,,,,,,False,,,,TIMING_UNRESOLVED_OR_NOT_RELEASED,False,,,,TIMING_UNRESOLVED_OR_NOT_RELEASED,2024-01,0.0951992694944706,0.5,0.125,-0.375,-0.25,-0.375,-0.375,0.0,0.0,-0.42857142857142855,0.0,0.0,-0.14246782571690814,-2.9482758620689653,-0.125,0.5474137931034483,-1.3706896551724137,-2.521551724137931,-2.1767241379310347,-0.13793103448275862,0.13793103448275862,0.14285714285714285,1.0,0.034482758620689655,0.15325713367961677,-0.20052568990205433,0.7272727272727273,-3.175548589341693,0.0,0.0,0.0,0.1724137931034483,0.36363636363636365,-1.9843260188087775,0.0,-2.896551724137931,0.36363636363636365,-2.9153605015673985,0.0,-0.13793103448275862,0.0,0.13793103448275862,0.2857142857142857,-0.5714285714285714,1.0,0.0,0.09090909090909091,-0.05642633228840126,-3.2361546499477534,1,-0.31611217453184076,1,1,0,1,1,0,0,0.5714285714285714,0.7353061699063109,0.6097973503053566,1,0,1,0.7353061699063109,1.4706123398126218
2024-02,2024-02,S1_Day7,1,2024-02-07 23:59:59,extended_historical_test,extended_historical_test,23.2,23.2,True,True,26.4,2023-11,2024-01-14,,CONSERVATIVE_MONTH_END_PLUS_45D_PROXY,False,3,24,26.4,2023-11,12.06544,0.432051580311743,1.097599027066121,False,,,,,,,7,2024-02-07,0.10067564889548732,0.42857142857142855,0.7142857142857143,0.2857142857142857,0.14285714285714285,0.7142857142857143,0.0,0.0,0.0,0.0,0.0,0.0,0.0,0.0,0.0,0.42857142857142855,0.7142857142857143,0.7142857142857143,-0.2857142857142857,0.0,0.0,0.14285714285714285,0.0,0.14285714285714285,0.0,0.14285714285714285,0.14285714285714285,0.0,information timestamp <= nowcast cutoff,verified GSS release date where available; otherwise conservative observation month-end +45 days; target month itself always excluded,0.0,,True,5.0,2024-02-07,12.0356,12.0876,12.0356,12.0876,0.0186858877230918,0.0,,,,,,,,False,,,,TIMING_UNRESOLVED_OR_NOT_RELEASED,False,,,,TIMING_UNRESOLVED_OR_NOT_RELEASED,2024-02,-0.047268556222437544,-2.4482758620689653,0.0,0.1724137931034483,-1.6206896551724137,-2.896551724137931,-2.5517241379310347,-0.13793103448275862,0.13793103448275862,-0.2857142857142857,1.0,0.034482758620689655,0.14794420511792486,2.8768472906403937,0.0,-0.1724137931034483,2.334975369458128,2.6108374384236455,2.5517241379310347,0.13793103448275862,-0.13793103448275862,0.2857142857142857,-1.0,-0.034482758620689655,-0.047268556222437544,0.14794420511792486,-2.4482758620689653,2.8768472906403937,0.0,0.0,0.1724137931034483,-0.1724137931034483,-1.6206896551724137,2.334975369458128,-2.896551724137931,2.6108374384236455,-2.5517241379310347,2.5517241379310347,-0.13793103448275862,0.13793103448275862,0.13793103448275862,-0.13793103448275862,-0.2857142857142857,0.2857142857142857,1.0,-1.0,0.034482758620689655,-0.034482758620689655,2.8768472906403937,1,0.10814223175095597,0,1,1,1,1,1,0,0.7142857142857143,0.732404262065175,0.6097973503053566,1,1,0,0.732404262065175,2.197212786195525
2024-02,2024-02,S2_Day14,2,2024-02-14 23:59:59,extended_historical_test,extended_historical_test,23.2,23.2,True,True,23.2,2023-12,2024-02-14,,CONSERVATIVE_MONTH_END_PLUS_45D_PROXY,False,2,0,23.2,2023-12,12.102949999999998,1.0543720296453785,1.411899287935614,False,,,,,,,15,2024-02-14,-0.019668244571974417,-1.0,0.8,0.13333333333333333,0.13333333333333333,0.5333333333333333,0.0,0.0,0.0,0.0,0.0,0.13333333333333333,0.0,0.0,0.0,0.26666666666666666,0.3333333333333333,0.4666666666666667,-0.13333333333333333,0.13333333333333333,0.0,0.06666666666666667,0.0,0.13333333333333333,0.0,0.14285714285714285,0.14285714285714285,0.0,information timestamp <= nowcast cutoff,verified GSS release date where available; otherwise conservative observation month-end +45 days; target month itself always excluded,0.0,,True,10.0,2024-02-14,12.0356,12.1625,12.0356,12.1625,0.0439270360939591,0.0,,,,,,,,False,,,,TIMING_UNRESOLVED_OR_NOT_RELEASED,False,,,,TIMING_UNRESOLVED_OR_NOT_RELEASED,2024-02,-0.047268556222437544,-2.4482758620689653,0.0,0.1724137931034483,-1.6206896551724137,-2.896551724137931,-2.5517241379310347,-0.13793103448275862,0.13793103448275862,-0.2857142857142857,1.0,0.034482758620689655,0.027600311650463127,1.4482758620689653,0.0,-0.1724137931034483,1.954022988505747,2.7632183908045977,2.5517241379310347,0.13793103448275862,-0.13793103448275862,0.2857142857142857,-1.0,-0.034482758620689655,0.10067564889548732,-0.12034389346746173,0.42857142857142855,-1.4285714285714286,0.0,0.0,0.0,0.0,0.7142857142857143,-0.380952380952381,-0.2857142857142857,0.15238095238095237,0.0,0.0,0.0,0.0,0.0,0.0,0.0,0.0,0.0,0.0,0.0,0.0,-4.305418719211822,0,-0.14522696374854047,0,1,1,1,1,1,0,0.7142857142857143,0.44853268646255073,0.6097973503053566,0,0,0,0.44853268646255073,0.8970653729251015
2024-02,2024-02,S3_Day21,3,2024-02-21 23:59:59,extended_historical_test,extended_historical_test,23.2,23.2,True,True,23.2,2023-12,2024-02-14,,CONSERVATIVE_MONTH_END_PLUS_45D_PROXY,False,2,7,23.2,2023-12,12.158459999999998,2.8847751670045385,1.8770234543143305,False,,,,,,,18,2024-02-16,-0.03139016499095531,-1.0,0.7222222222222222,0.16666666666666666,0.16666666666666666,0.5555555555555556,0.0,0.0,0.0,0.0,0.0,0.1111111111111111,0.0,0.0,0.0,0.3333333333333333,0.4444444444444444,0.3888888888888889,-0.1111111111111111,0.1111111111111111,0.0,0.05555555555555555,0.0,0.1111111111111111,0.0,0.14285714285714285,0.14285714285714285,0.0,information timestamp <= nowcast cutoff,verified GSS release date where available; otherwise conservative observation month-end +45 days; target month itself always excluded,0.0,,True,15.0,2024-02-21,12.0356,12.3828,12.0356,12.3828,0.0956055772431711,0.0,,,,,,,,False,,,,TIMING_UNRESOLVED_OR_NOT_RELEASED,False,,,,TIMING_UNRESOLVED_OR_NOT_RELEASED,2024-02,-0.047268556222437544,-2.4482758620689653,0.0,0.1724137931034483,-1.6206896551724137,-2.896551724137931,-2.5517241379310347,-0.13793103448275862,0.13793103448275862,-0.2857142857142857,1.0,0.034482758620689655,0.015878391231482235,1.4482758620689653,0.0,-0.1724137931034483,2.0651340996168583,2.78544061302682,2.5517241379310347,0.13793103448275862,-0.13793103448275862,0.2857142857142857,-1.0,-0.034482758620689655,-0.019668244571974417,-0.011721920418980892,-1.0,0.0,0.0,0.0,0.0,0.0,0.3333333333333333,0.1111111111111111,-0.13333333333333333,0.022222222222222227,0.0,0.0,0.0,0.0,0.0,0.0,0.0,0.0,0.0,0.0,0.0,0.0,1.4285714285714286,0,-0.13987749667229127,0,1,1,1,1,1,0,0.7142857142857143,0.39453093672903783,0.6097973503053566,0,0,0,0.39453093672903783,0.7890618734580757
2024-02,2024-02,S4_MonthEnd,4,2024-02-29 23:59:59,extended_historical_test,extended_historical_test,23.2,23.2,True,True,23.2,2023-12,2024-02-14,,CONSERVATIVE_MONTH_END_PLUS_45D_PROXY,False,2,15,23.2,2023-12,12.23007142857143,3.561102063877164,2.477063195216433,False,,,,,,,25,2024-02-29,-0.09501277908507713,-1.2,0.72,0.12,0.2,0.56,0.0,0.0,0.0,0.0,0.0,0.12,0.0,0.0,0.0,0.24,0.32,0.36,-0.08,0.08,0.0,0.04,0.0,0.08,0.0,0.14285714285714285,0.14285714285714285,0.0,information timestamp <= nowcast cutoff,verified GSS release date where available; otherwise conservative observation month-end +45 days; target month itself always excluded,0.0,,True,21.0,2024-02-29,12.0356,12.4642,12.0356,12.4642,0.139926794271512,0.0,,,,,,,,False,,,,TIMING_UNRESOLVED_OR_NOT_RELEASED,False,,,,TIMING_UNRESOLVED_OR_NOT_RELEASED,2024-02,-0.047268556222437544,-2.4482758620689653,0.0,0.1724137931034483,-1.6206896551724137,-2.896551724137931,-2.5517241379310347,-0.13793103448275862,0.13793103448275862,-0.2857142857142857,1.0,0.034482758620689655,-0.04774422286263959,1.2482758620689653,0.0,-0.1724137931034483,1.9406896551724138,2.816551724137931,2.5517241379310347,0.13793103448275862,-0.13793103448275862,0.2857142857142857,-1.0,-0.034482758620689655,-0.03139016499095531,-0.06362261409412182,-1.0,-0.19999999999999996,0.0,0.0,0.0,0.0,0.4444444444444444,-0.12444444444444441,-0.1111111111111111,0.031111111111111103,0.0,0.0,0.0,0.0,0.0,0.0,0.0,0.0,0.0,0.0,0.0,0.0,-0.19999999999999996,0,-0.17210249801956243,0,1,1,1,1,1,0,0.7142857142857143,0.29456536827871266,0.6097973503053566,0,0,0,0.29456536827871266,0.5891307365574253
2024-03,2024-03,S1_Day7,1,2024-03-07 23:59:59,extended_historical_test,extended_historical_test,25.8,25.8,True,True,23.2,2023-12,2024-02-14,,CONSERVATIVE_MONTH_END_PLUS_45D_PROXY,False,3,22,23.2,2023-12,12.510525,0.2784000000000119,2.2931474527073226,False,,,,,,,4,2024-03-05,0.0,0.0,0.25,0.0,0.0,0.75,0.0,0.0,0.0,0.0,0.0,0.0,0.0,0.5,0.0,0.0,0.0,0.25,0.0,0.5,0.0,0.0,0.0,0.0,0.0,0.0,0.0,0.0,information timestamp <= nowcast cutoff,verified GSS release date where available; otherwise conservative observation month-end +45 days; target month itself always excluded,0.0,,True,4.0,2024-03-07,12.5,12.5348,12.5,12.5348,0.0141483877173341,0.0,,,,,,,,False,,,,TIMING_UNRESOLVED_OR_NOT_RELEASED,False,,,,TIMING_UNRESOLVED_OR_NOT_RELEASED,2024-03,-0.09501277908507713,-1.2,0.0,0.0,0.32,-0.08,0.0,0.0,0.0,0.0,0.0,0.0,0.09501277908507713,1.2,0.0,0.0,-0.32,0.08,0.0,0.0,0.0,0.0,0.0,0.0,-0.09501277908507713,0.09501277908507713,-1.2,1.2,0.0,0.0,0.0,0.0,0.32,-0.32,-0.08,0.08,0.0,0.0,0.0,0.0,0.0,0.0,0.0,0.0,0.0,0.0,0.0,0.0,1.2,1,0.0,0,0,1,0,0,0,0,0.14285714285714285,0.4828104977847319,0.6097973503053566,0,0,0,0.4828104977847319,1.4484314933541957
2024-03,2024-03,S2_Day14,2,2024-03-14 23:59:59,extended_historical_test,extended_historical_test,25.8,25.8,True,True,23.2,2023-12,2024-02-14,,CONSERVATIVE_MONTH_END_PLUS_45D_PROXY,False,3,29,23.2,2023-12,12.547655555555554,0.8375999999999939,2.596747932658805,False,,,,,,,13,2024-03-13,0.0696267887419128,0.46153846153846156,0.5384615384615384,0.15384615384615385,0.07692307692307693,0.6153846153846154,0.0,0.0,0.0,0.0,0.0,0.0,0.0,0.46153846153846156,0.9230769230769231,0.23076923076923078,0.9230769230769231,0.23076923076923078,0.0,0.3076923076923077,-0.46153846153846156,0.0,0.0,0.0,0.0,0.2857142857142857,0.14285714285714285,0.14285714285714285,information timestamp <= nowcast cutoff,verified GSS release date where available; otherwise conservative observation month-end +45 days; target month itself always excluded,0.0,,True,9.0,2024-03-14,12.5,12.6047,12.5,12.6047,0.0389609237601845,0.0,,,,,,,,False,,,,TIMING_UNRESOLVED_OR_NOT_RELEASED,False,,,,TIMING_UNRESOLVED_OR_NOT_RELEASED,2024-03,-0.09501277908507713,-1.2,0.0,0.0,0.32,-0.08,0.0,0.0,0.0,0.0,0.0,0.0,0.16463956782698994,1.6615384615384614,0.0,0.9230769230769231,0.6030769230769231,0.08,-0.46153846153846156,0.0,0.0,0.14285714285714285,0.0,0.0,0.0,0.0696267887419128,0.0,0.46153846153846156,0.0,0.0,0.0,0.9230769230769231,0.0,0.9230769230769231,0.0,0.0,0.0,-0.46153846153846156,0.0,0.0,0.0,0.0,0.0,0.14285714285714285,0.0,0.0,0.0,0.0,-0.7384615384615384,1,0.19434252953552142,0,1,0,0,0,1,0,0.2857142857142857,0.5270231799506372,0.6097973503053566,0,0,0,0.5270231799506372,1.5810695398519115
2024-03,2024-03,S3_Day21,3,2024-03-21 23:59:59,extended_historical_test,extended_historical_test,25.8,25.8,True,True,23.5,2024-01,2024-03-16,,CONSERVATIVE_MONTH_END_PLUS_45D_PROXY,False,2,5,23.5,2024-01,12.601964285714285,2.215999999999996,3.040806910367277,False,,,,,,,15,2024-03-18,0.09115102739365842,0.5333333333333333,0.5333333333333333,0.2,0.06666666666666667,0.6,0.0,0.0,0.0,0.0,0.0,0.0,0.0,0.4,0.8,0.26666666666666666,0.9333333333333333,0.2,0.0,0.26666666666666666,-0.4,0.0,0.0,0.0,0.0,0.2857142857142857,0.14285714285714285,0.14285714285714285,information timestamp <= nowcast cutoff,verified GSS release date where available; otherwise conservative observation month-end +45 days; target month itself always excluded,0.0,,True,14.0,2024-03-21,12.5,12.777,12.5,12.777,0.0873668996420338,0.0,,,,,,,,False,,,,TIMING_UNRESOLVED_OR_NOT_RELEASED,False,,,,TIMING_UNRESOLVED_OR_NOT_RELEASED,2024-03,-0.09501277908507713,-1.2,0.0,0.0,0.32,-0.08,0.0,0.0,0.0,0.0,0.0,0.0,0.18616380647873554,1.7333333333333334,0.0,0.8,0.6133333333333333,0.08,-0.4,0.0,0.0,0.14285714285714285,0.0,0.0,0.0696267887419128,0.021524238651745617,0.46153846153846156,0.07179487179487176,0.0,0.0,0.9230769230769231,-0.12307692307692308,0.9230769230769231,0.01025641025641022,0.0,0.0,-0.46153846153846156,0.06153846153846154,0.0,0.0,0.0,0.0,0.14285714285714285,0.0,0.0,0.0,0.0,0.0,-0.3897435897435898,1,0.19886756891511478,0,1,0,0,0,1,0,0.2857142857142857,0.5094673829786023,0.6097973503053566,0,0,0,0.5094673829786023,1.0189347659572046
2024-03,2024-03,S4_MonthEnd,4,2024-03-31 23:59:59,extended_historical_test,extended_historical_test,25.8,25.8,True,True,23.5,2024-01,2024-03-16,,CONSERVATIVE_MONTH_END_PLUS_45D_PROXY,False,2,15,23.5,2024-01,12.667431578947369,3.0159999999999965,3.5761046280906594,False,,,,,,,22,2024-03-28,0.10329153020680648,0.6363636363636364,0.5909090909090909,0.22727272727272727,0.09090909090909091,0.6818181818181818,0.0,0.0,0.0,0.0,0.0,0.0,0.0,0.3181818181818182,0.8181818181818182,0.3181818181818182,0.9090909090909091,0.36363636363636365,0.0,0.18181818181818182,-0.2727272727272727,0.09090909090909091,0.2727272727272727,0.0,0.0,0.42857142857142855,0.14285714285714285,0.2857142857142857,information timestamp <= nowcast cutoff,verified GSS release date where available; otherwise conservative observation month-end +45 days; target month itself always excluded,0.0,,True,19.0,2024-03-28,12.5,12.877,12.5,12.877,0.1334998720781237,0.0,,,,,,,,False,,,,TIMING_UNRESOLVED_OR_NOT_RELEASED,False,,,,TIMING_UNRESOLVED_OR_NOT_RELEASED,2024-03,-0.09501277908507713,-1.2,0.0,0.0,0.32,-0.08,0.0,0.0,0.0,0.0,0.0,0.0,0.1983043092918836,1.8363636363636364,0.0,0.8181818181818182,0.5890909090909091,0.08,-0.2727272727272727,0.2727272727272727,0.0,0.2857142857142857,0.0,0.0,0.09115102739365842,0.01214050281314806,0.5333333333333333,0.10303030303030303,0.0,0.0,0.8,0.018181818181818188,0.9333333333333333,-0.024242424242424288,0.0,0.0,-0.4,0.12727272727272732,0.0,0.2727272727272727,0.0,0.0,0.14285714285714285,0.14285714285714285,0.0,0.0,0.0,0.0,0.031235431235431266,1,0.2363077706122844,0,1,0,1,0,1,0,0.42857142857142855,0.5132479752971011,0.6097973503053566,0,0,0,0.5132479752971011,1.0264959505942022
2024-04,2024-04,S1_Day7,1,2024-04-07 23:59:59,extended_historical_test,extended_historical_test,25.1,25.1,True,True,23.5,2024-01,2024-03-16,,CONSERVATIVE_MONTH_END_PLUS_45D_PROXY,False,3,22,23.5,2024-01,12.9114,0.0859991787465874,1.9259501780779065,False,,,,,,,5,2024-04-07,-0.01798130000837279,-1.2,0.8,0.2,0.2,0.6,0.0,0.0,0.0,0.0,0.0,0.2,0.0,0.0,0.0,0.0,0.0,0.6,-1.2,0.4,1.2,0.0,0.0,0.0,0.0,0.14285714285714285,0.14285714285714285,0.0,information timestamp <= nowcast cutoff,verified GSS release date where available; otherwise conservative observation month-end +45 days; target month itself always excluded,0.0,,True,4.0,2024-04-05,12.9071,12.9182,12.9071,12.9182,0.0046491934784436,0.0,,,,,,,,False,,,,TIMING_UNRESOLVED_OR_NOT_RELEASED,False,,,,TIMING_UNRESOLVED_OR_NOT_RELEASED,2024-04,0.10329153020680648,0.6363636363636364,0.0,0.8181818181818182,0.9090909090909091,0.0,-0.2727272727272727,0.2727272727272727,0.0,0.2857142857142857,0.0,0.0,-0.12127283021517928,-1.8363636363636364,0.0,-0.8181818181818182,-0.9090909090909091,-1.2,1.4727272727272727,-0.2727272727272727,0.0,-0.2857142857142857,0.0,0.0,0.10329153020680648,-0.12127283021517928,0.6363636363636364,-1.8363636363636364,0.0,0.0,0.8181818181818182,-0.8181818181818182,0.9090909090909091,-0.9090909090909091,0.0,-1.2,-0.2727272727272727,1.4727272727272727,0.2727272727272727,-0.2727272727272727,0.0,0.0,0.2857142857142857,-0.2857142857142857,0.0,0.0,0.0,0.0,-1.8363636363636364,1,-0.18796734844931232,0,1,1,1,0,1,1,0.7142857142857143,0.6482323589446156,0.6097973503053566,1,0,1,0.6482323589446156,1.944697076833847
2024-04,2024-04,S2_Day14,2,2024-04-14 23:59:59,extended_historical_test,extended_historical_test,25.1,25.1,True,True,23.2,2024-02,2024-04-14,,CONSERVATIVE_MONTH_END_PLUS_45D_PROXY,False,2,0,23.2,2024-02,12.9402125,0.6167148313718895,2.153403547929811,False,,,,,,,11,2024-04-13,-0.00817331818562399,-0.5454545454545454,0.7272727272727273,0.2727272727272727,0.2727272727272727,0.7272727272727273,0.0,0.0,0.0,0.0,0.0,0.18181818181818182,-0.5454545454545454,0.09090909090909091,0.18181818181818182,0.09090909090909091,0.18181818181818182,0.45454545454545453,-0.5454545454545454,0.2727272727272727,0.5454545454545454,0.0,0.0,0.0,0.0,0.42857142857142855,0.2857142857142857,0.14285714285714285,information timestamp <= nowcast cutoff,verified GSS release date where available; otherwise conservative observation month-end +45 days; target month itself always excluded,0.0,,True,8.0,2024-04-12,12.9071,12.9867,12.9071,12.9867,0.0300675255674626,0.0,,,,,,,,False,,,,TIMING_UNRESOLVED_OR_NOT_RELEASED,False,,,,TIMING_UNRESOLVED_OR_NOT_RELEASED,2024-04,0.10329153020680648,0.6363636363636364,0.0,0.8181818181818182,0.9090909090909091,0.0,-0.2727272727272727,0.2727272727272727,0.0,0.2857142857142857,0.0,0.0,-0.11146484839243047,-1.1818181818181817,-0.5454545454545454,-0.6363636363636365,-0.7272727272727273,-0.5454545454545454,0.8181818181818181,-0.2727272727272727,0.0,-0.14285714285714285,0.0,0.0,-0.01798130000837279,0.0098079818227488,-1.2,0.6545454545454545,0.0,-0.5454545454545454,0.0,0.18181818181818182,0.0,0.18181818181818182,-1.2,0.6545454545454545,1.2,-0.6545454545454545,0.0,0.0,0.0,0.0,0.0,0.14285714285714285,0.0,0.0,0.0,0.0,2.490909090909091,1,-0.10327264266771533,1,0,0,1,0,1,1,0.5714285714285714,0.5770285217319792,0.6097973503053566,0,0,0,0.5770285217319792,1.1540570434639583
2024-04,2024-04,S3_Day21,3,2024-04-21 23:59:59,extended_historical_test,extended_historical_test,25.1,25.1,True,True,23.2,2024-02,2024-04-14,,CONSERVATIVE_MONTH_END_PLUS_45D_PROXY,False,2,7,23.2,2024-02,12.968023076923076,1.1358089733557453,2.3729474763872105,False,,,,,,,16,2024-04-20,-0.005619156252616497,-0.375,0.6875,0.1875,0.1875,0.6875,0.0,0.0,0.0,0.0,0.0,0.125,-0.375,0.125,0.125,0.1875,0.125,0.3125,-0.375,0.25,0.375,0.0625,0.0,0.0,0.0,0.42857142857142855,0.2857142857142857,0.14285714285714285,information timestamp <= nowcast cutoff,verified GSS release date where available; otherwise conservative observation month-end +45 days; target month itself always excluded,0.0,,True,13.0,2024-04-19,12.9071,13.0537,12.9071,13.0537,0.0443375366902954,0.0,,,,,,,,False,,,,TIMING_UNRESOLVED_OR_NOT_RELEASED,False,,,,TIMING_UNRESOLVED_OR_NOT_RELEASED,2024-04,0.10329153020680648,0.6363636363636364,0.0,0.8181818181818182,0.9090909090909091,0.0,-0.2727272727272727,0.2727272727272727,0.0,0.2857142857142857,0.0,0.0,-0.10891068645942298,-1.0113636363636362,-0.375,-0.6931818181818182,-0.7840909090909091,-0.375,0.6477272727272727,-0.2727272727272727,0.0,-0.14285714285714285,0.0,0.0,-0.00817331818562399,0.0025541619330074934,-0.5454545454545454,0.17045454545454541,-0.5454545454545454,0.17045454545454541,0.18181818181818182,-0.05681818181818182,0.18181818181818182,-0.05681818181818182,-0.5454545454545454,0.17045454545454541,0.5454545454545454,-0.17045454545454541,0.0,0.0,0.0,0.0,0.14285714285714285,0.0,0.0,0.0,0.0,0.0,-0.4840909090909091,1,-0.06991905612433448,1,0,0,1,0,1,1,0.5714285714285714,0.46320059054713153,0.6097973503053566,0,0,0,0.46320059054713153,0.9264011810942631
2024-04,2024-04,S4_MonthEnd,4,2024-04-30 23:59:59,extended_historical_test,extended_historical_test,25.1,25.1,True,True,23.2,2024-02,2024-04-14,,CONSERVATIVE_MONTH_END_PLUS_45D_PROXY,False,2,16,23.2,2024-02,13.038060000000002,2.8418467355176613,2.925837165511913,False,,,,,,,21,2024-04-30,0.009979547554947196,-0.19047619047619047,0.5714285714285714,0.19047619047619047,0.19047619047619047,0.5714285714285714,0.0,0.0,0.0,0.0,0.0,0.14285714285714285,-0.38095238095238093,0.19047619047619047,0.09523809523809523,0.19047619047619047,0.2857142857142857,0.23809523809523808,-0.2857142857142857,0.19047619047619047,0.2857142857142857,0.047619047619047616,0.0,0.0,0.0,0.42857142857142855,0.2857142857142857,0.14285714285714285,information timestamp <= nowcast cutoff,verified GSS release date where available; otherwise conservative observation month-end +45 days; target month itself always excluded,0.0,,True,20.0,2024-04-30,12.9071,13.2739,12.9071,13.2739,0.1107375248052797,0.0,,,,,,,,False,,,,TIMING_UNRESOLVED_OR_NOT_RELEASED,False,,,,TIMING_UNRESOLVED_OR_NOT_RELEASED,2024-04,0.10329153020680648,0.6363636363636364,0.0,0.8181818181818182,0.9090909090909091,0.0,-0.2727272727272727,0.2727272727272727,0.0,0.2857142857142857,0.0,0.0,-0.09331198265185929,-0.8268398268398268,-0.38095238095238093,-0.722943722943723,-0.6233766233766234,-0.2857142857142857,0.5584415584415584,-0.2727272727272727,0.0,-0.14285714285714285,0.0,0.0,-0.005619156252616497,0.015598703807563693,-0.375,0.18452380952380953,-0.375,-0.005952380952380931,0.125,-0.029761904761904767,0.125,0.1607142857142857,-0.375,0.0892857142857143,0.375,-0.0892857142857143,0.0,0.0,0.0,0.0,0.14285714285714285,0.0,0.0,0.0,0.0,0.0,0.01406926406926412,1,-0.03299411254460888,1,0,0,1,0,1,1,0.5714285714285714,0.4023213111329059,0.6097973503053566,0,0,0,0.4023213111329059,0.8046426222658118
2024-05,2024-05,S1_Day7,1,2024-05-07 23:59:59,extended_historical_test,extended_historical_test,23.1,23.1,True,True,23.2,2024-02,2024-04-14,,CONSERVATIVE_MONTH_END_PLUS_45D_PROXY,False,3,23,23.2,2024-02,13.439625,0.9331957467809238,3.0799444089074424,False,,,,,,,8,2024-05-06,0.20834280120007892,1.25,0.875,0.25,0.0,0.625,0.0,0.0,0.0,0.0,0.0,0.0,0.0,0.125,0.75,0.125,0.0,0.0,0.0,0.0,0.0,0.0,0.0,0.0,0.0,0.14285714285714285,0.0,0.14285714285714285,information timestamp <= nowcast cutoff,verified GSS release date where available; otherwise conservative observation month-end +45 days; target month itself always excluded,0.0,,True,4.0,2024-05-07,13.3734,13.4982,13.3734,13.4982,0.0483272374029389,0.0,,,,,,,,False,,,,TIMING_UNRESOLVED_OR_NOT_RELEASED,False,,,,TIMING_UNRESOLVED_OR_NOT_RELEASED,2024-05,0.009979547554947196,-0.19047619047619047,-0.38095238095238093,0.09523809523809523,0.2857142857142857,-0.2857142857142857,0.2857142857142857,0.0,0.0,0.14285714285714285,0.0,0.0,0.19836325364513172,1.4404761904761905,0.38095238095238093,0.6547619047619048,-0.2857142857142857,0.2857142857142857,-0.2857142857142857,0.0,0.0,0.0,0.0,0.0,0.009979547554947196,0.19836325364513172,-0.19047619047619047,1.4404761904761905,-0.38095238095238093,0.38095238095238093,0.09523809523809523,0.6547619047619048,0.2857142857142857,-0.2857142857142857,-0.2857142857142857,0.2857142857142857,0.2857142857142857,-0.2857142857142857,0.0,0.0,0.0,0.0,0.14285714285714285,0.0,0.0,0.0,0.0,0.0,1.4404761904761905,1,0.2550063697177588,1,0,1,0,0,1,1,0.5714285714285714,0.5656712385731616,0.6097973503053566,0,0,0,0.5656712385731616,1.6970137157194847
2024-05,2024-05,S2_Day14,2,2024-05-14 23:59:59,extended_historical_test,extended_historical_test,23.1,23.1,True,True,23.2,2024-02,2024-04-14,,CONSERVATIVE_MONTH_END_PLUS_45D_PROXY,False,3,30,23.2,2024-02,13.567044444444443,2.6141444957901605,4.057232781904996,False,,,,,,,14,2024-05-14,0.16442081157056562,0.9285714285714286,0.7857142857142857,0.21428571428571427,0.0,0.5,0.0,0.0,0.0,0.0,0.0,0.0,0.0,0.21428571428571427,0.6428571428571429,0.14285714285714285,0.0,0.07142857142857142,0.0,0.0,0.0,0.07142857142857142,0.0,0.0,0.0,0.14285714285714285,0.0,0.14285714285714285,information timestamp <= nowcast cutoff,verified GSS release date where available; otherwise conservative observation month-end +45 days; target month itself always excluded,0.0,,True,9.0,2024-05-14,13.3734,13.723,13.3734,13.723,0.1273953436364412,0.0,,,,,,,,False,,,,TIMING_UNRESOLVED_OR_NOT_RELEASED,False,,,,TIMING_UNRESOLVED_OR_NOT_RELEASED,2024-05,0.009979547554947196,-0.19047619047619047,-0.38095238095238093,0.09523809523809523,0.2857142857142857,-0.2857142857142857,0.2857142857142857,0.0,0.0,0.14285714285714285,0.0,0.0,0.15444126401561842,1.119047619047619,0.38095238095238093,0.5476190476190477,-0.2857142857142857,0.2857142857142857,-0.2857142857142857,0.0,0.0,0.0,0.0,0.0,0.20834280120007892,-0.0439219896295133,1.25,-0.3214285714285714,0.0,0.0,0.75,-0.1071428571428571,0.0,0.0,0.0,0.0,0.0,0.0,0.0,0.0,0.0,0.0,0.14285714285714285,0.0,0.0,0.0,0.0,0.0,-1.7619047619047619,1,0.20551232649979864,1,0,1,0,0,1,1,0.5714285714285714,0.5408456862385701,0.6097973503053566,0,0,0,0.5408456862385701,1.6225370587157104
2024-05,2024-05,S3_Day21,3,2024-05-21 23:59:59,extended_historical_test,extended_historical_test,23.1,23.1,True,True,25.8,2024-03,2024-05-15,,CONSERVATIVE_MONTH_END_PLUS_45D_PROXY,False,2,6,25.8,2024-03,13.6517,3.755215577190541,4.706528425241174,False,,,,,,,19,2024-05-21,0.23020454290322137,1.263157894736842,0.7368421052631579,0.3157894736842105,0.0,0.42105263157894735,0.0,0.0,0.0,0.0,0.0,0.05263157894736842,0.2631578947368421,0.15789473684210525,0.47368421052631576,0.21052631578947367,0.47368421052631576,0.15789473684210525,0.10526315789473684,0.05263157894736842,0.21052631578947367,0.05263157894736842,0.0,0.0,0.0,0.7142857142857143,0.0,0.7142857142857143,information timestamp <= nowcast cutoff,verified GSS release date where available; otherwise conservative observation month-end +45 days; target month itself always excluded,0.0,,True,14.0,2024-05-21,13.3734,13.8756,13.3734,13.8756,0.1556124811373248,0.0,,,,,,,,False,,,,TIMING_UNRESOLVED_OR_NOT_RELEASED,False,,,,TIMING_UNRESOLVED_OR_NOT_RELEASED,2024-05,0.009979547554947196,-0.19047619047619047,-0.38095238095238093,0.09523809523809523,0.2857142857142857,-0.2857142857142857,0.2857142857142857,0.0,0.0,0.14285714285714285,0.0,0.0,0.22022499534827417,1.4536340852130325,0.644110275689223,0.37844611528822053,0.18796992481203006,0.39097744360902253,-0.07518796992481203,0.0,0.0,0.5714285714285714,0.0,0.0,0.16442081157056562,0.06578373133265575,0.9285714285714286,0.33458646616541343,0.0,0.2631578947368421,0.6428571428571429,-0.16917293233082714,0.0,0.47368421052631576,0.0,0.10526315789473684,0.0,0.21052631578947367,0.0,0.0,0.0,0.0,0.14285714285714285,0.5714285714285714,0.0,0.0,0.0,0.0,0.6560150375939848,1,0.3091641736497861,1,0,0,0,0,0,1,0.2857142857142857,0.5220422188074906,0.6097973503053566,0,0,0,0.5220422188074906,1.0440844376149812
2024-05,2024-05,S4_MonthEnd,4,2024-05-31 23:59:59,extended_historical_test,extended_historical_test,23.1,23.1,True,True,25.8,2024-03,2024-05-15,,CONSERVATIVE_MONTH_END_PLUS_45D_PROXY,False,2,16,25.8,2024-03,13.782322727272726,5.658246967861569,5.708385505763314,False,,,,,,,35,2024-05-29,0.12219768025802585,0.6285714285714286,0.6571428571428571,0.2571428571428571,0.08571428571428572,0.6,0.0,0.0,0.0,0.0,0.0,0.05714285714285714,0.14285714285714285,0.2571428571428571,0.6,0.17142857142857143,0.42857142857142855,0.22857142857142856,-0.34285714285714286,0.05714285714285714,0.11428571428571428,0.02857142857142857,0.0,0.0,0.0,0.5714285714285714,0.14285714285714285,0.42857142857142855,information timestamp <= nowcast cutoff,verified GSS release date where available; otherwise conservative observation month-end +45 days; target month itself always excluded,0.0,,True,22.0,2024-05-31,13.3734,14.1301,13.3734,14.1301,0.2173861978804671,0.0,,,,,,,,False,,,,TIMING_UNRESOLVED_OR_NOT_RELEASED,False,,,,TIMING_UNRESOLVED_OR_NOT_RELEASED,2024-05,0.009979547554947196,-0.19047619047619047,-0.38095238095238093,0.09523809523809523,0.2857142857142857,-0.2857142857142857,0.2857142857142857,0.0,0.0,0.14285714285714285,0.0,0.0,0.11221813270307866,0.819047619047619,0.5238095238095237,0.5047619047619047,0.14285714285714285,-0.05714285714285716,-0.17142857142857143,0.0,0.0,0.2857142857142857,0.0,0.0,0.23020454290322137,-0.10800686264519552,1.263157894736842,-0.6345864661654135,0.2631578947368421,-0.12030075187969924,0.47368421052631576,0.12631578947368421,0.47368421052631576,-0.045112781954887216,0.10526315789473684,-0.4481203007518797,0.21052631578947367,-0.09624060150375939,0.0,0.0,0.0,0.0,0.7142857142857143,-0.28571428571428575,0.0,0.0,0.0,0.0,-0.9691729323308269,1,0.20344388919440393,1,0,0,0,0,0,0,0.14285714285714285,0.43188171013600674,0.6097973503053566,0,0,0,0.43188171013600674,0.8637634202720135
2024-06,2024-06,S1_Day7,1,2024-06-07 23:59:59,extended_historical_test,extended_historical_test,22.8,22.8,True,True,25.8,2024-03,2024-05-15,,CONSERVATIVE_MONTH_END_PLUS_45D_PROXY,False,3,23,25.8,2024-03,14.14488,0.1564114541311001,2.630596307325161,False,,,,,,,10,2024-06-07,0.19367417108582105,1.3,0.6,0.3,0.1,0.8,0.0,0.0,0.0,0.0,0.0,0.0,0.0,0.3,0.9,0.1,-0.3,0.0,0.0,0.1,0.0,0.0,0.0,0.1,0.0,0.14285714285714285,0.14285714285714285,0.0,information timestamp <= nowcast cutoff,verified GSS release date where available; otherwise conservative observation month-end +45 days; target month itself always excluded,0.0,,True,5.0,2024-06-07,14.1294,14.1515,14.1294,14.1515,0.0080782176251941,0.0,,,,,,,,False,,,,TIMING_UNRESOLVED_OR_NOT_RELEASED,False,,,,TIMING_UNRESOLVED_OR_NOT_RELEASED,2024-06,0.12219768025802585,0.6285714285714286,0.14285714285714285,0.6,0.42857142857142855,-0.34285714285714286,0.11428571428571428,0.0,0.0,0.42857142857142855,0.0,0.0,0.0714764908277952,0.6714285714285715,-0.14285714285714285,0.30000000000000004,-0.7285714285714285,0.34285714285714286,-0.11428571428571428,0.0,0.0,-0.42857142857142855,0.0,0.0,0.12219768025802585,0.0714764908277952,0.6285714285714286,0.6714285714285715,0.14285714285714285,-0.14285714285714285,0.6,0.30000000000000004,0.42857142857142855,-0.7285714285714285,-0.34285714285714286,0.34285714285714286,0.11428571428571428,-0.11428571428571428,0.0,0.0,0.0,0.0,0.42857142857142855,-0.42857142857142855,0.0,0.0,0.0,0.0,0.6714285714285715,0,0.2484808355549604,1,0,1,0,0,1,1,0.5714285714285714,0.24039439497669768,0.6097973503053566,0,0,0,0.24039439497669768,0.721183184930093
2024-06,2024-06,S2_Day14,2,2024-06-14 23:59:59,extended_historical_test,extended_historical_test,22.8,22.8,True,True,25.1,2024-04,2024-06-14,,CONSERVATIVE_MONTH_END_PLUS_45D_PROXY,False,2,0,25.1,2024-04,14.20195,1.2180276586408525,3.044677454090583,False,,,,,,,14,2024-06-13,0.07368524694381029,0.5,0.7142857142857143,0.21428571428571427,0.14285714285714285,0.6428571428571429,0.0,0.0,0.0,0.0,0.0,0.0,0.0,0.21428571428571427,0.6428571428571429,0.07142857142857142,-0.21428571428571427,0.07142857142857142,0.0,0.07142857142857142,0.0,0.0,0.0,0.07142857142857142,0.0,0.14285714285714285,0.14285714285714285,0.0,information timestamp <= nowcast cutoff,verified GSS release date where available; otherwise conservative observation month-end +45 days; target month itself always excluded,0.0,,True,10.0,2024-06-14,14.1294,14.3015,14.1294,14.3015,0.0622444736502766,0.0,,,,,,,,False,,,,TIMING_UNRESOLVED_OR_NOT_RELEASED,False,,,,TIMING_UNRESOLVED_OR_NOT_RELEASED,2024-06,0.12219768025802585,0.6285714285714286,0.14285714285714285,0.6,0.42857142857142855,-0.34285714285714286,0.11428571428571428,0.0,0.0,0.42857142857142855,0.0,0.0,-0.048512433314215564,-0.12857142857142856,-0.14285714285714285,0.04285714285714293,-0.6428571428571428,0.34285714285714286,-0.11428571428571428,0.0,0.0,-0.42857142857142855,0.0,0.0,0.19367417108582105,-0.11998892414201076,1.3,-0.8,0.0,0.0,0.9,-0.2571428571428571,-0.3,0.08571428571428572,0.0,0.0,0.0,0.0,0.0,0.0,0.0,0.0,0.0,0.0,0.0,0.0,0.0,0.0,-1.4714285714285715,0,0.12166776801274724,1,0,1,0,0,1,1,0.5714285714285714,0.19502281224894583,0.6097973503053566,0,0,0,0.19502281224894583,0.39004562449789165
2024-06,2024-06,S3_Day21,3,2024-06-21 23:59:59,extended_historical_test,extended_historical_test,22.8,22.8,True,True,25.1,2024-04,2024-06-14,,CONSERVATIVE_MONTH_END_PLUS_45D_PROXY,False,2,7,25.1,2024-04,14.254335714285714,2.24567214460627,3.424770964613666,False,,,,,,,16,2024-06-21,0.064474591075834,0.4375,0.75,0.1875,0.125,0.6875,0.0,0.0,0.0,0.0,0.0,0.0,0.0,0.1875,0.5625,0.0625,-0.1875,0.0625,0.0,0.0625,0.0,0.0,0.0,0.0625,0.0,0.14285714285714285,0.14285714285714285,0.0,information timestamp <= nowcast cutoff,verified GSS release date where available; otherwise conservative observation month-end +45 days; target month itself always excluded,0.0,,True,14.0,2024-06-21,14.1294,14.4467,14.1294,14.4467,0.1011825761902206,0.0,,,,,,,,False,,,,TIMING_UNRESOLVED_OR_NOT_RELEASED,False,,,,TIMING_UNRESOLVED_OR_NOT_RELEASED,2024-06,0.12219768025802585,0.6285714285714286,0.14285714285714285,0.6,0.42857142857142855,-0.34285714285714286,0.11428571428571428,0.0,0.0,0.42857142857142855,0.0,0.0,-0.05772308918219185,-0.19107142857142856,-0.14285714285714285,-0.03749999999999998,-0.6160714285714286,0.34285714285714286,-0.11428571428571428,0.0,0.0,-0.42857142857142855,0.0,0.0,0.07368524694381029,-0.009210655867976286,0.5,-0.0625,0.0,0.0,0.6428571428571429,-0.0803571428571429,-0.21428571428571427,0.026785714285714274,0.0,0.0,0.0,0.0,0.0,0.0,0.0,0.0,0.0,0.0,0.0,0.0,0.0,0.0,0.7375,0,0.10712582683021632,1,0,1,0,0,1,1,0.5714285714285714,0.16484224977238296,0.6097973503053566,0,0,0,0.16484224977238296,0.3296844995447659
2024-06,2024-06,S4_MonthEnd,4,2024-06-30 23:59:59,extended_historical_test,extended_historical_test,22.8,22.8,True,True,25.1,2024-04,2024-06-14,,CONSERVATIVE_MONTH_END_PLUS_45D_PROXY,False,2,16,25.1,2024-04,14.32977894736842,3.2315597265276663,3.972162246733468,False,,,,,,,27,2024-06-28,0.13801760059403168,1.037037037037037,0.7407407407407407,0.2962962962962963,0.1111111111111111,0.6296296296296297,0.0,0.0,0.0,0.0,0.0,0.0,0.0,0.18518518518518517,1.1111111111111112,0.14814814814814814,0.18518518518518517,0.07407407407407407,0.0,0.037037037037037035,0.0,0.0,0.0,0.037037037037037035,0.0,0.2857142857142857,0.0,0.2857142857142857,information timestamp <= nowcast cutoff,verified GSS release date where available; otherwise conservative observation month-end +45 days; target month itself always excluded,0.0,,True,19.0,2024-06-28,14.1294,14.586,14.1294,14.586,0.1542004115597872,0.0,,,,,,,,False,,,,TIMING_UNRESOLVED_OR_NOT_RELEASED,False,,,,TIMING_UNRESOLVED_OR_NOT_RELEASED,2024-06,0.12219768025802585,0.6285714285714286,0.14285714285714285,0.6,0.42857142857142855,-0.34285714285714286,0.11428571428571428,0.0,0.0,0.42857142857142855,0.0,0.0,0.01581992033600582,0.4084656084656084,-0.14285714285714285,0.5111111111111112,-0.24338624338624337,0.34285714285714286,-0.11428571428571428,0.0,0.0,-0.14285714285714285,0.0,0.0,0.064474591075834,0.07354300951819767,0.4375,0.599537037037037,0.0,0.0,0.5625,0.5486111111111112,-0.1875,0.3726851851851852,0.0,0.0,0.0,0.0,0.0,0.0,0.0,0.0,0.0,0.2857142857142857,0.0,0.0,0.0,0.0,0.662037037037037,0,0.2660139897002335,1,0,0,0,0,1,1,0.42857142857142855,0.1684192820781098,0.6097973503053566,0,0,0,0.1684192820781098,0.3368385641562196
2024-07,2024-07,S1_Day7,1,2024-07-07 23:59:59,extended_historical_test,extended_historical_test,20.9,20.9,True,True,25.1,2024-04,2024-06-14,,CONSERVATIVE_MONTH_END_PLUS_45D_PROXY,False,3,23,25.1,2024-04,14.63922,0.5806938159879316,2.1594265603685825,False,,,,,,,5,2024-07-06,0.0,0.0,1.0,0.0,0.0,0.2,0.0,0.0,0.0,0.0,0.0,0.0,0.0,0.0,0.0,0.0,0.0,0.2,0.0,0.2,0.0,0.0,0.0,0.0,0.0,0.0,0.0,0.0,information timestamp <= nowcast cutoff,verified GSS release date where available; otherwise conservative observation month-end +45 days; target month itself always excluded,0.0,,True,5.0,2024-07-05,14.586,14.6707,14.586,14.6707,0.0309609689770843,0.0,,,,,,,,False,,,,TIMING_UNRESOLVED_OR_NOT_RELEASED,False,,,,TIMING_UNRESOLVED_OR_NOT_RELEASED,2024-07,0.13801760059403168,1.037037037037037,0.0,1.1111111111111112,0.18518518518518517,0.0,0.0,0.0,0.0,0.2857142857142857,0.0,0.0,-0.13801760059403168,-1.037037037037037,0.0,-1.1111111111111112,-0.18518518518518517,0.0,0.0,0.0,0.0,-0.2857142857142857,0.0,0.0,0.13801760059403168,-0.13801760059403168,1.037037037037037,-1.037037037037037,0.0,0.0,1.1111111111111112,-1.1111111111111112,0.18518518518518517,-0.18518518518518517,0.0,0.0,0.0,0.0,0.0,0.0,0.0,0.0,0.2857142857142857,-0.2857142857142857,0.0,0.0,0.0,0.0,-1.037037037037037,1,0.0,0,1,1,0,0,0,0,0.2857142857142857,0.4811350387729503,0.6097973503053566,0,0,0,0.4811350387729503,1.4434051163188508
2024-07,2024-07,S2_Day14,2,2024-07-14 23:59:59,extended_historical_test,extended_historical_test,20.9,20.9,True,True,25.1,2024-04,2024-06-14,,CONSERVATIVE_MONTH_END_PLUS_45D_PROXY,False,3,30,25.1,2024-04,14.67575,0.8994926641985534,2.4143502415654217,False,,,,,,,15,2024-07-14,0.05655224266383419,0.3333333333333333,0.6666666666666666,0.13333333333333333,0.06666666666666667,0.3333333333333333,0.0,0.0,0.0,0.0,0.0,0.0,0.0,0.13333333333333333,0.7333333333333333,0.0,0.0,0.06666666666666667,0.0,0.3333333333333333,0.0,0.06666666666666667,0.3333333333333333,0.06666666666666667,-0.4,0.2857142857142857,0.14285714285714285,0.14285714285714285,information timestamp <= nowcast cutoff,verified GSS release date where available; otherwise conservative observation month-end +45 days; target month itself always excluded,0.0,,True,10.0,2024-07-12,14.586,14.7172,14.586,14.7172,0.0426539388568042,0.0,,,,,,,,False,,,,TIMING_UNRESOLVED_OR_NOT_RELEASED,False,,,,TIMING_UNRESOLVED_OR_NOT_RELEASED,2024-07,0.13801760059403168,1.037037037037037,0.0,1.1111111111111112,0.18518518518518517,0.0,0.0,0.0,0.0,0.2857142857142857,0.0,0.0,-0.08146535793019749,-0.7037037037037037,0.0,-0.3777777777777779,-0.18518518518518517,0.0,0.0,0.3333333333333333,-0.4,-0.14285714285714285,0.0,0.0,0.0,0.05655224266383419,0.0,0.3333333333333333,0.0,0.0,0.0,0.7333333333333333,0.0,0.0,0.0,0.0,0.0,0.0,0.0,0.3333333333333333,0.0,-0.4,0.0,0.14285714285714285,0.0,0.0,0.0,0.0,1.3703703703703702,0,0.1242481738445314,0,0,1,1,1,0,0,0.42857142857142855,0.257537888942363,0.6097973503053566,0,0,0,0.257537888942363,0.7726136668270891
2024-07,2024-07,S3_Day21,3,2024-07-21 23:59:59,extended_historical_test,extended_historical_test,20.9,20.9,True,True,23.1,2024-05,2024-07-15,,CONSERVATIVE_MONTH_END_PLUS_45D_PROXY,False,2,6,23.1,2024-05,14.702326666666668,1.3375839846428097,2.5998148378043595,False,,,,,,,22,2024-07-20,0.03855834727079604,0.22727272727272727,0.7727272727272727,0.09090909090909091,0.045454545454545456,0.45454545454545453,0.0,0.0,0.0,0.0,0.0,0.0,0.0,0.13636363636363635,0.5,0.045454545454545456,0.0,0.13636363636363635,0.0,0.2727272727272727,0.0,0.045454545454545456,0.22727272727272727,0.045454545454545456,-0.2727272727272727,0.2857142857142857,0.14285714285714285,0.14285714285714285,information timestamp <= nowcast cutoff,verified GSS release date where available; otherwise conservative observation month-end +45 days; target month itself always excluded,0.0,,True,15.0,2024-07-19,14.586,14.7811,14.586,14.7811,0.0523850037913736,0.0,,,,,,,,False,,,,TIMING_UNRESOLVED_OR_NOT_RELEASED,False,,,,TIMING_UNRESOLVED_OR_NOT_RELEASED,2024-07,0.13801760059403168,1.037037037037037,0.0,1.1111111111111112,0.18518518518518517,0.0,0.0,0.0,0.0,0.2857142857142857,0.0,0.0,-0.09945925332323563,-0.8097643097643097,0.0,-0.6111111111111112,-0.18518518518518517,0.0,0.0,0.22727272727272727,-0.2727272727272727,-0.14285714285714285,0.0,0.0,0.05655224266383419,-0.017993895393038153,0.3333333333333333,-0.10606060606060605,0.0,0.0,0.7333333333333333,-0.23333333333333328,0.0,0.0,0.0,0.0,0.0,0.0,0.3333333333333333,-0.10606060606060605,-0.4,0.12727272727272732,0.14285714285714285,0.0,0.0,0.0,0.0,0.0,-0.43939393939393934,0,0.08802180705715874,0,0,1,1,1,0,0,0.42857142857142855,0.21687587725653262,0.6097973503053566,0,0,0,0.21687587725653262,0.43375175451306525
2024-07,2024-07,S4_MonthEnd,4,2024-07-31 23:59:59,extended_historical_test,extended_historical_test,20.9,20.9,True,True,23.1,2024-05,2024-07-15,,CONSERVATIVE_MONTH_END_PLUS_45D_PROXY,False,2,16,23.1,2024-05,14.746734782608694,2.1589195118606908,2.909715751873798,False,,,,,,,40,2024-07-31,0.0630084508378641,0.475,0.775,0.125,0.05,0.5,0.0,0.0,0.0,0.0,0.0,0.0,0.0,0.15,0.575,0.15,0.0,0.225,-0.15,0.275,0.225,0.025,0.125,0.025,-0.15,0.42857142857142855,0.2857142857142857,0.14285714285714285,information timestamp <= nowcast cutoff,verified GSS release date where available; otherwise conservative observation month-end +45 days; target month itself always excluded,0.0,,True,23.0,2024-07-31,14.586,14.9009,14.586,14.9009,0.0781212803424524,0.0,,,,,,,,False,,,,TIMING_UNRESOLVED_OR_NOT_RELEASED,False,,,,TIMING_UNRESOLVED_OR_NOT_RELEASED,2024-07,0.13801760059403168,1.037037037037037,0.0,1.1111111111111112,0.18518518518518517,0.0,0.0,0.0,0.0,0.2857142857142857,0.0,0.0,-0.07500914975616757,-0.562037037037037,0.0,-0.5361111111111112,-0.18518518518518517,-0.15,0.225,0.125,-0.15,-0.14285714285714285,0.0,0.0,0.03855834727079604,0.024450103567068067,0.22727272727272727,0.2477272727272727,0.0,0.0,0.5,0.07499999999999996,0.0,0.0,0.0,-0.15,0.0,0.225,0.22727272727272727,-0.10227272727272727,-0.2727272727272727,0.12272727272727271,0.14285714285714285,0.0,0.0,0.0,0.0,0.0,0.35378787878787876,0,0.13321312946947717,0,0,1,1,1,1,1,0.7142857142857143,0.20067879490258578,0.6097973503053566,0,0,0,0.20067879490258578,0.40135758980517156
2024-08,2024-08,S1_Day7,1,2024-08-07 23:59:59,extended_historical_test,extended_historical_test,20.4,20.4,True,True,23.1,2024-05,2024-07-15,,CONSERVATIVE_MONTH_END_PLUS_45D_PROXY,False,3,23,23.1,2024-05,14.983249999999998,0.4822710215985015,1.603848044180145,False,,,,,,,4,2024-08-07,0.1903985389889412,1.0,0.75,0.25,0.0,0.75,0.0,0.0,0.0,0.0,0.0,0.25,0.0,0.5,1.0,0.0,0.0,0.25,0.0,0.0,0.0,0.0,0.0,0.0,0.0,0.14285714285714285,0.0,0.14285714285714285,information timestamp <= nowcast cutoff,verified GSS release date where available; otherwise conservative observation month-end +45 days; target month itself always excluded,0.0,,True,4.0,2024-08-07,14.9501,15.0222,14.9501,15.0222,0.026758036176072,0.0,,,,,,,,False,,,,TIMING_UNRESOLVED_OR_NOT_RELEASED,False,,,,TIMING_UNRESOLVED_OR_NOT_RELEASED,2024-08,0.0630084508378641,0.475,0.0,0.575,0.0,-0.15,0.225,0.125,-0.15,0.14285714285714285,0.0,0.0,0.1273900881510771,0.525,0.0,0.42500000000000004,0.0,0.15,-0.225,-0.125,0.15,0.0,0.0,0.0,0.0630084508378641,0.1273900881510771,0.475,0.525,0.0,0.0,0.575,0.42500000000000004,0.0,0.0,-0.15,0.15,0.225,-0.225,0.125,-0.125,-0.15,0.15,0.14285714285714285,0.0,0.0,0.0,0.0,0.0,0.525,0,0.23820143577286199,0,0,0,1,1,1,1,0.5714285714285714,0.18545904543822336,0.6097973503053566,0,0,0,0.18545904543822336,0.5563771363146701
2024-08,2024-08,S2_Day14,2,2024-08-14 23:59:59,extended_historical_test,extended_historical_test,20.4,20.4,True,True,22.8,2024-06,2024-08-14,,CONSERVATIVE_MONTH_END_PLUS_45D_PROXY,False,2,0,22.8,2024-06,15.051633333333331,1.2213965123978987,2.0675665170585056,False,,,,,,,8,2024-08-14,0.05126610127395273,-0.375,0.75,0.25,0.125,0.5,0.0,0.0,0.0,0.0,0.0,0.125,0.0,0.375,0.875,0.125,-1.25,0.25,-1.25,0.0,0.0,0.0,0.0,0.0,0.0,0.14285714285714285,0.2857142857142857,-0.14285714285714285,information timestamp <= nowcast cutoff,verified GSS release date where available; otherwise conservative observation month-end +45 days; target month itself always excluded,0.0,,True,9.0,2024-08-14,14.9501,15.1327,14.9501,15.1341,0.0672375886936268,0.0,,,,,,,,False,,,,TIMING_UNRESOLVED_OR_NOT_RELEASED,False,,,,TIMING_UNRESOLVED_OR_NOT_RELEASED,2024-08,0.0630084508378641,0.475,0.0,0.575,0.0,-0.15,0.225,0.125,-0.15,0.14285714285714285,0.0,0.0,-0.011742349563911375,-0.85,0.0,0.30000000000000004,-1.25,-1.1,-0.225,-0.125,0.15,-0.2857142857142857,0.0,0.0,0.1903985389889412,-0.13913243771498848,1.0,-1.375,0.0,0.0,1.0,-0.125,0.0,-1.25,0.0,-1.25,0.0,0.0,0.0,0.0,0.0,0.0,0.14285714285714285,-0.2857142857142857,0.0,0.0,0.0,0.0,-1.9,1,-0.06573394099454084,0,0,1,1,1,1,0,0.5714285714285714,0.5227930288514531,0.6097973503053566,0,0,0,0.5227930288514531,1.0455860577029061
2024-08,2024-08,S3_Day21,3,2024-08-21 23:59:59,extended_historical_test,extended_historical_test,20.4,20.4,True,True,22.8,2024-06,2024-08-14,,CONSERVATIVE_MONTH_END_PLUS_45D_PROXY,False,2,7,22.8,2024-06,15.080142857142858,1.2033364325322315,2.2608942213252714,False,,,,,,,14,2024-08-21,-0.003713453362027707,-0.35714285714285715,0.5,0.14285714285714285,0.14285714285714285,0.42857142857142855,0.0,0.0,0.0,0.0,0.0,0.21428571428571427,-0.14285714285714285,0.21428571428571427,0.5,0.2857142857142857,-0.7142857142857143,0.14285714285714285,-0.7142857142857143,0.07142857142857142,0.0,0.0,0.0,0.0,0.0,0.14285714285714285,0.42857142857142855,-0.2857142857142857,information timestamp <= nowcast cutoff,verified GSS release date where available; otherwise conservative observation month-end +45 days; target month itself always excluded,0.0,,True,14.0,2024-08-21,14.9501,15.13,14.9501,15.1341,0.0661031522296318,0.0,,,,,,,,False,,,,TIMING_UNRESOLVED_OR_NOT_RELEASED,False,,,,TIMING_UNRESOLVED_OR_NOT_RELEASED,2024-08,0.0630084508378641,0.475,0.0,0.575,0.0,-0.15,0.225,0.125,-0.15,0.14285714285714285,0.0,0.0,-0.06672190419989181,-0.8321428571428571,-0.14285714285714285,-0.07499999999999996,-0.7142857142857143,-0.5642857142857143,-0.225,-0.125,0.15,-0.42857142857142855,0.0,0.0,0.05126610127395273,-0.054979554635980435,-0.375,0.01785714285714285,0.0,-0.14285714285714285,0.875,-0.375,-1.25,0.5357142857142857,-1.25,0.5357142857142857,0.0,0.0,0.0,0.0,0.0,0.0,-0.14285714285714285,-0.14285714285714285,0.0,0.0,0.0,0.0,1.3928571428571428,1,-0.08435754424219787,1,0,1,1,1,1,0,0.7142857142857143,0.5209370207359633,0.6097973503053566,0,0,0,0.5209370207359633,1.0418740414719265
2024-08,2024-08,S4_MonthEnd,4,2024-08-31 23:59:59,extended_historical_test,extended_historical_test,20.4,20.4,True,True,22.8,2024-06,2024-08-14,,CONSERVATIVE_MONTH_END_PLUS_45D_PROXY,False,2,17,22.8,2024-06,15.103657142857143,1.6040026488117087,2.420348406003603,False,,,,,,,17,2024-08-29,0.1313408306352298,0.4117647058823529,0.5294117647058824,0.29411764705882354,0.11764705882352941,0.5294117647058824,0.0,0.0,0.0,0.0,0.0,0.29411764705882354,0.35294117647058826,0.17647058823529413,0.4117647058823529,0.23529411764705882,-0.5882352941176471,0.11764705882352941,-0.5882352941176471,0.058823529411764705,0.0,0.0,0.0,0.0,0.0,0.2857142857142857,0.2857142857142857,0.0,information timestamp <= nowcast cutoff,verified GSS release date where available; otherwise conservative observation month-end +45 days; target month itself always excluded,0.0,,True,21.0,2024-08-30,14.9501,15.1899,14.9501,15.1899,0.0645891084097781,0.0,,,,,,,,False,,,,TIMING_UNRESOLVED_OR_NOT_RELEASED,False,,,,TIMING_UNRESOLVED_OR_NOT_RELEASED,2024-08,0.0630084508378641,0.475,0.0,0.575,0.0,-0.15,0.225,0.125,-0.15,0.14285714285714285,0.0,0.0,0.0683323797973657,-0.06323529411764706,0.35294117647058826,-0.16323529411764703,-0.5882352941176471,-0.43823529411764706,-0.225,-0.125,0.15,-0.14285714285714285,0.0,0.0,-0.003713453362027707,0.13505428399725752,-0.35714285714285715,0.76890756302521,-0.14285714285714285,0.4957983193277311,0.5,-0.08823529411764708,-0.7142857142857143,0.12605042016806722,-0.7142857142857143,0.12605042016806722,0.0,0.0,0.0,0.0,0.0,0.0,-0.2857142857142857,0.2857142857142857,0.0,0.0,0.0,0.0,0.7510504201680672,0,0.09911810637596644,1,0,1,1,1,1,0,0.7142857142857143,0.14345618020106943,0.6097973503053566,0,0,0,0.14345618020106943,0.28691236040213886
2024-09,2024-09,S1_Day7,1,2024-09-07 23:59:59,extended_historical_test,extended_historical_test,21.5,21.5,True,True,22.8,2024-06,2024-08-14,,CONSERVATIVE_MONTH_END_PLUS_45D_PROXY,False,3,24,22.8,2024-06,15.28516,0.7537655447728886,1.201714627299344,False,,,,,,,4,2024-09-04,0.23105857863000487,1.0,0.25,0.5,0.0,0.25,0.0,0.0,0.0,0.0,0.0,0.25,0.0,0.0,0.0,0.0,0.0,0.75,1.0,0.0,0.0,0.0,0.0,0.0,0.0,0.14285714285714285,0.0,0.14285714285714285,information timestamp <= nowcast cutoff,verified GSS release date where available; otherwise conservative observation month-end +45 days; target month itself always excluded,0.0,,True,5.0,2024-09-06,15.2302,15.345,15.2302,15.345,0.0436214901166844,0.0,,,,,,,,False,,,,TIMING_UNRESOLVED_OR_NOT_RELEASED,False,,,,TIMING_UNRESOLVED_OR_NOT_RELEASED,2024-09,0.1313408306352298,0.4117647058823529,0.35294117647058826,0.4117647058823529,-0.5882352941176471,-0.5882352941176471,0.0,0.0,0.0,0.0,0.0,0.0,0.09971774799477506,0.5882352941176471,-0.35294117647058826,-0.4117647058823529,0.5882352941176471,1.5882352941176472,0.0,0.0,0.0,0.14285714285714285,0.0,0.0,0.1313408306352298,0.09971774799477506,0.4117647058823529,0.5882352941176471,0.35294117647058826,-0.35294117647058826,0.4117647058823529,-0.4117647058823529,-0.5882352941176471,0.5882352941176471,-0.5882352941176471,1.5882352941176472,0.0,0.0,0.0,0.0,0.0,0.0,0.0,0.14285714285714285,0.0,0.0,0.0,0.0,0.5882352941176471,0,0.16888386218386053,1,1,1,0,0,0,1,0.5714285714285714,0.2072458521457974,0.6097973503053566,0,0,0,0.2072458521457974,0.6217375564373923
2024-09,2024-09,S2_Day14,2,2024-09-14 23:59:59,extended_historical_test,extended_historical_test,21.5,21.5,True,True,20.9,2024-07,2024-09-14,,CONSERVATIVE_MONTH_END_PLUS_45D_PROXY,False,2,0,20.9,2024-07,15.37778,2.700555475305655,1.814943589821194,False,,,,,,,6,2024-09-11,0.07701952621000162,0.3333333333333333,0.3333333333333333,0.3333333333333333,0.16666666666666666,0.16666666666666666,0.0,0.0,0.0,0.0,0.0,0.16666666666666666,0.0,0.16666666666666666,-0.3333333333333333,0.16666666666666666,-0.3333333333333333,0.5,0.6666666666666666,0.0,0.0,0.0,0.0,0.0,0.0,0.14285714285714285,0.2857142857142857,-0.14285714285714285,information timestamp <= nowcast cutoff,verified GSS release date where available; otherwise conservative observation month-end +45 days; target month itself always excluded,0.0,,True,10.0,2024-09-13,15.2302,15.6415,15.2302,15.6415,0.1223082237627545,0.0,,,,,,,,False,,,,TIMING_UNRESOLVED_OR_NOT_RELEASED,False,,,,TIMING_UNRESOLVED_OR_NOT_RELEASED,2024-09,0.1313408306352298,0.4117647058823529,0.35294117647058826,0.4117647058823529,-0.5882352941176471,-0.5882352941176471,0.0,0.0,0.0,0.0,0.0,0.0,-0.05432130442522819,-0.0784313725490196,-0.35294117647058826,-0.7450980392156863,0.25490196078431376,1.2549019607843137,0.0,0.0,0.0,-0.14285714285714285,0.0,0.0,0.23105857863000487,-0.15403905242000326,1.0,-0.6666666666666667,0.0,0.0,0.0,-0.3333333333333333,0.0,-0.3333333333333333,1.0,-0.33333333333333337,0.0,0.0,0.0,0.0,0.0,0.0,0.14285714285714285,-0.2857142857142857,0.0,0.0,0.0,0.0,-1.2549019607843137,0,0.009371184149605784,1,1,0,0,0,0,1,0.42857142857142855,0.1471626366571035,0.6097973503053566,0,0,0,0.1471626366571035,0.294325273314207
2024-09,2024-09,S3_Day21,3,2024-09-21 23:59:59,extended_historical_test,extended_historical_test,21.5,21.5,True,True,20.9,2024-07,2024-09-14,,CONSERVATIVE_MONTH_END_PLUS_45D_PROXY,False,2,7,20.9,2024-07,15.48664,3.451694659295357,2.5356961795440336,False,,,,,,,7,2024-09-19,0.06601673675142997,0.2857142857142857,0.42857142857142855,0.2857142857142857,0.14285714285714285,0.2857142857142857,0.0,0.0,0.0,0.0,0.0,0.14285714285714285,0.0,0.14285714285714285,-0.2857142857142857,0.14285714285714285,-0.2857142857142857,0.5714285714285714,0.5714285714285714,0.0,0.0,0.0,0.0,0.0,0.0,0.14285714285714285,0.2857142857142857,-0.14285714285714285,information timestamp <= nowcast cutoff,verified GSS release date where available; otherwise conservative observation month-end +45 days; target month itself always excluded,0.0,,True,15.0,2024-09-20,15.2302,15.7559,15.2302,15.7559,0.1860111136464701,0.0,,,,,,,,False,,,,TIMING_UNRESOLVED_OR_NOT_RELEASED,False,,,,TIMING_UNRESOLVED_OR_NOT_RELEASED,2024-09,0.1313408306352298,0.4117647058823529,0.35294117647058826,0.4117647058823529,-0.5882352941176471,-0.5882352941176471,0.0,0.0,0.0,0.0,0.0,0.0,-0.06532409388379984,-0.12605042016806722,-0.35294117647058826,-0.6974789915966386,0.3025210084033614,1.1596638655462184,0.0,0.0,0.0,-0.14285714285714285,0.0,0.0,0.07701952621000162,-0.011002789458571652,0.3333333333333333,-0.047619047619047616,0.0,0.0,-0.3333333333333333,0.047619047619047616,-0.3333333333333333,0.047619047619047616,0.6666666666666666,-0.09523809523809523,0.0,0.0,0.0,0.0,0.0,0.0,-0.14285714285714285,0.0,0.0,0.0,0.0,0.0,0.6190476190476191,0,0.007046462233836109,1,1,0,0,0,0,1,0.42857142857142855,0.11703023670231116,0.6097973503053566,0,0,0,0.11703023670231116,0.23406047340462233
2024-09,2024-09,S4_MonthEnd,4,2024-09-30 23:59:59,extended_historical_test,extended_historical_test,21.5,21.5,True,True,20.9,2024-07,2024-09-14,,CONSERVATIVE_MONTH_END_PLUS_45D_PROXY,False,2,16,20.9,2024-07,15.557485,3.7412509356410384,3.004754761382289,False,,,,,,,12,2024-09-27,-0.12733269584278759,-1.8333333333333333,0.4166666666666667,0.16666666666666666,0.25,0.4166666666666667,0.0,0.0,0.0,0.0,0.0,0.08333333333333333,0.0,0.08333333333333333,-0.16666666666666666,0.3333333333333333,-2.1666666666666665,0.6666666666666666,-1.6666666666666667,0.0,0.0,0.0,0.0,0.0,0.0,0.0,0.42857142857142855,-0.42857142857142855,information timestamp <= nowcast cutoff,verified GSS release date where available; otherwise conservative observation month-end +45 days; target month itself always excluded,0.0,,True,20.0,2024-09-30,15.2302,15.8,15.2302,15.83,0.2040750922454772,0.0,,,,,,,,False,,,,TIMING_UNRESOLVED_OR_NOT_RELEASED,False,,,,TIMING_UNRESOLVED_OR_NOT_RELEASED,2024-09,0.1313408306352298,0.4117647058823529,0.35294117647058826,0.4117647058823529,-0.5882352941176471,-0.5882352941176471,0.0,0.0,0.0,0.0,0.0,0.0,-0.2586735264780174,-2.2450980392156863,-0.35294117647058826,-0.5784313725490196,-1.5784313725490193,-1.0784313725490198,0.0,0.0,0.0,-0.42857142857142855,0.0,0.0,0.06601673675142997,-0.19334943259421755,0.2857142857142857,-2.119047619047619,0.0,0.0,-0.2857142857142857,0.11904761904761904,-0.2857142857142857,-1.880952380952381,0.5714285714285714,-2.238095238095238,0.0,0.0,0.0,0.0,0.0,0.0,-0.14285714285714285,-0.2857142857142857,0.0,0.0,0.0,0.0,-2.0714285714285716,1,-0.36685375153470606,1,1,0,0,0,0,0,0.2857142857142857,0.6493873081993313,0.6097973503053566,1,0,1,0.6493873081993313,1.2987746163986627
2024-10,2024-10,S1_Day7,1,2024-10-07 23:59:59,extended_historical_test,extended_historical_test,22.1,22.1,True,True,20.9,2024-07,2024-09-14,,CONSERVATIVE_MONTH_END_PLUS_45D_PROXY,False,3,23,20.9,2024-07,15.838,0.2525252525252597,1.803087067093423,False,,,,,,,7,2024-10-07,0.0632901566264081,0.5714285714285714,1.0,0.14285714285714285,0.14285714285714285,0.5714285714285714,0.0,0.0,0.0,0.0,0.0,0.2857142857142857,-0.2857142857142857,0.0,0.0,0.0,0.0,0.2857142857142857,0.0,0.0,0.0,0.0,0.0,0.0,0.0,0.0,0.14285714285714285,-0.14285714285714285,information timestamp <= nowcast cutoff,verified GSS release date where available; otherwise conservative observation month-end +45 days; target month itself always excluded,0.0,,True,5.0,2024-10-07,15.84,15.88,15.79,15.88,0.0381575680566782,0.0,,,,,,,,False,,,,TIMING_UNRESOLVED_OR_NOT_RELEASED,False,,,,TIMING_UNRESOLVED_OR_NOT_RELEASED,2024-10,-0.12733269584278759,-1.8333333333333333,0.0,-0.16666666666666666,-2.1666666666666665,-1.6666666666666667,0.0,0.0,0.0,-0.42857142857142855,0.0,0.0,0.1906228524691957,2.4047619047619047,-0.2857142857142857,0.16666666666666666,2.1666666666666665,1.6666666666666667,0.0,0.0,0.0,0.2857142857142857,0.0,0.0,-0.12733269584278759,0.1906228524691957,-1.8333333333333333,2.4047619047619047,0.0,-0.2857142857142857,-0.16666666666666666,0.16666666666666666,-2.1666666666666665,2.1666666666666665,-1.6666666666666667,1.6666666666666667,0.0,0.0,0.0,0.0,0.0,0.0,-0.42857142857142855,0.2857142857142857,0.0,0.0,0.0,0.0,2.4047619047619047,1,0.06893808540609882,1,1,1,0,0,0,1,0.5714285714285714,0.6886182739700302,0.6097973503053566,1,1,0,0.6886182739700302,2.0658548219100905
2024-10,2024-10,S2_Day14,2,2024-10-14 23:59:59,extended_historical_test,extended_historical_test,22.1,22.1,True,True,20.9,2024-07,2024-09-14,,CONSERVATIVE_MONTH_END_PLUS_45D_PROXY,False,3,30,20.9,2024-07,15.864,0.8207070707070718,1.970209195123762,False,,,,,,,9,2024-10-12,0.0492256773760952,0.4444444444444444,0.8888888888888888,0.1111111111111111,0.1111111111111111,0.5555555555555556,0.0,0.0,0.0,0.0,0.0,0.3333333333333333,-0.2222222222222222,0.1111111111111111,0.0,0.1111111111111111,0.0,0.2222222222222222,0.0,0.0,0.0,0.0,0.0,0.0,0.0,0.0,0.14285714285714285,-0.14285714285714285,information timestamp <= nowcast cutoff,verified GSS release date where available; otherwise conservative observation month-end +45 days; target month itself always excluded,0.0,,True,10.0,2024-10-14,15.84,15.97,15.79,15.97,0.0508330601085556,0.0,,,,,,,,False,,,,TIMING_UNRESOLVED_OR_NOT_RELEASED,False,,,,TIMING_UNRESOLVED_OR_NOT_RELEASED,2024-10,-0.12733269584278759,-1.8333333333333333,0.0,-0.16666666666666666,-2.1666666666666665,-1.6666666666666667,0.0,0.0,0.0,-0.42857142857142855,0.0,0.0,0.1765583732188828,2.2777777777777777,-0.2222222222222222,0.16666666666666666,2.1666666666666665,1.6666666666666667,0.0,0.0,0.0,0.2857142857142857,0.0,0.0,0.0632901566264081,-0.014064479250312907,0.5714285714285714,-0.12698412698412698,-0.2857142857142857,0.06349206349206349,0.0,0.0,0.0,0.0,0.0,0.0,0.0,0.0,0.0,0.0,0.0,0.0,-0.14285714285714285,0.0,0.0,0.0,0.0,0.0,-2.5317460317460316,1,0.05278100556892461,1,1,1,0,0,0,1,0.5714285714285714,0.6842437107046936,0.6097973503053566,1,1,0,0.6842437107046936,2.0527311321140806
2024-10,2024-10,S3_Day21,3,2024-10-21 23:59:59,extended_historical_test,extended_historical_test,22.1,22.1,True,True,20.4,2024-08,2024-10-15,,CONSERVATIVE_MONTH_END_PLUS_45D_PROXY,False,2,6,20.4,2024-08,15.897333333333336,1.0101010101010166,2.184468333624201,False,,,,,,,10,2024-10-19,0.13481793500297232,1.0,0.8,0.2,0.1,0.6,0.0,0.0,0.0,0.0,0.0,0.3,-0.2,0.2,0.6,0.1,0.0,0.2,0.0,0.0,0.0,0.0,0.0,0.0,0.0,0.14285714285714285,0.14285714285714285,0.0,information timestamp <= nowcast cutoff,verified GSS release date where available; otherwise conservative observation month-end +45 days; target month itself always excluded,0.0,,True,15.0,2024-10-21,15.84,16.0,15.79,16.0,0.0671780387395233,0.0,,,,,,,,False,,,,TIMING_UNRESOLVED_OR_NOT_RELEASED,False,,,,TIMING_UNRESOLVED_OR_NOT_RELEASED,2024-10,-0.12733269584278759,-1.8333333333333333,0.0,-0.16666666666666666,-2.1666666666666665,-1.6666666666666667,0.0,0.0,0.0,-0.42857142857142855,0.0,0.0,0.2621506308457599,2.833333333333333,-0.2,0.7666666666666666,2.1666666666666665,1.6666666666666667,0.0,0.0,0.0,0.42857142857142855,0.0,0.0,0.0492256773760952,0.08559225762687711,0.4444444444444444,0.5555555555555556,-0.2222222222222222,0.0222222222222222,0.0,0.6,0.0,0.0,0.0,0.0,0.0,0.0,0.0,0.0,0.0,0.0,-0.14285714285714285,0.14285714285714285,0.0,0.0,0.0,0.0,0.6825396825396826,1,0.19048769771499863,1,1,1,0,0,0,1,0.5714285714285714,0.6389785341552029,0.6097973503053566,1,1,0,0.6389785341552029,1.2779570683104058
2024-10,2024-10,S4_MonthEnd,4,2024-10-31 23:59:59,extended_historical_test,extended_historical_test,22.1,22.1,True,True,20.4,2024-08,2024-10-15,,CONSERVATIVE_MONTH_END_PLUS_45D_PROXY,False,2,16,20.4,2024-08,15.988904347826088,2.90404040404042,2.773066133929025,False,,,,,,,20,2024-10-29,0.21565699756755605,1.85,0.8,0.3,0.1,0.6,0.0,0.0,0.0,0.0,0.0,0.15,-0.1,0.25,0.75,0.05,0.0,0.25,-0.3,0.15,1.2,0.0,0.0,0.0,0.0,0.2857142857142857,0.2857142857142857,0.0,information timestamp <= nowcast cutoff,verified GSS release date where available; otherwise conservative observation month-end +45 days; target month itself always excluded,0.0,,True,23.0,2024-10-31,15.84,16.3,15.79,16.3,0.1465557364763994,0.0,,,,,,,,False,,,,TIMING_UNRESOLVED_OR_NOT_RELEASED,False,,,,TIMING_UNRESOLVED_OR_NOT_RELEASED,2024-10,-0.12733269584278759,-1.8333333333333333,0.0,-0.16666666666666666,-2.1666666666666665,-1.6666666666666667,0.0,0.0,0.0,-0.42857142857142855,0.0,0.0,0.34298969341034363,3.6833333333333336,-0.1,0.9166666666666666,2.1666666666666665,1.3666666666666667,1.2,0.0,0.0,0.42857142857142855,0.0,0.0,0.13481793500297232,0.08083906256458373,1.0,0.8500000000000001,-0.2,0.1,0.6,0.15000000000000002,0.0,0.0,0.0,-0.3,0.0,1.2,0.0,0.0,0.0,0.0,0.0,0.0,0.0,0.0,0.0,0.0,0.2944444444444445,1,0.3011488256025699,1,1,1,0,0,1,0,0.5714285714285714,0.6333307903975826,0.6097973503053566,1,1,0,0.6333307903975826,1.266661580795165
2024-11,2024-11,S1_Day7,1,2024-11-07 23:59:59,extended_historical_test,extended_historical_test,23.0,23.0,True,True,20.4,2024-08,2024-10-15,,CONSERVATIVE_MONTH_END_PLUS_45D_PROXY,False,3,23,20.4,2024-08,16.334,-0.613496932515345,2.158344591140371,False,,,,,,,4,2024-11-06,0.41668560240015784,2.5,0.25,0.5,0.0,0.75,0.0,0.0,0.0,0.0,0.0,0.0,0.0,0.5,0.0,0.25,1.0,0.0,0.0,0.0,0.0,0.0,0.0,0.0,0.0,0.14285714285714285,0.0,0.14285714285714285,information timestamp <= nowcast cutoff,verified GSS release date where available; otherwise conservative observation month-end +45 days; target month itself always excluded,0.0,,True,5.0,2024-11-07,16.3,16.2,16.2,16.42,0.0788923316932644,0.0,,,,,,,,False,,,,TIMING_UNRESOLVED_OR_NOT_RELEASED,False,,,,TIMING_UNRESOLVED_OR_NOT_RELEASED,2024-11,0.21565699756755605,1.85,-0.1,0.75,0.0,-0.3,1.2,0.0,0.0,0.0,0.0,0.0,0.2010286048326018,0.6499999999999999,0.1,-0.75,1.0,0.3,-1.2,0.0,0.0,0.14285714285714285,0.0,0.0,0.21565699756755605,0.2010286048326018,1.85,0.6499999999999999,-0.1,0.1,0.75,-0.75,0.0,1.0,-0.3,0.3,1.2,-1.2,0.0,0.0,0.0,0.0,0.0,0.14285714285714285,0.0,0.0,0.0,0.0,0.6499999999999999,0,0.3502538468539876,1,1,1,0,0,1,1,0.7142857142857143,0.23558189124492734,0.6097973503053566,0,0,0,0.23558189124492734,0.706745673734782
2024-11,2024-11,S2_Day14,2,2024-11-14 23:59:59,extended_historical_test,extended_historical_test,23.0,23.0,True,True,21.5,2024-09,2024-11-14,,CONSERVATIVE_MONTH_END_PLUS_45D_PROXY,False,2,0,21.5,2024-09,16.280009999999997,-1.3496932515337567,1.820672923179312,False,,,,,,,4,2024-11-06,0.41668560240015784,2.5,0.25,0.5,0.0,0.75,0.0,0.0,0.0,0.0,0.0,0.0,0.0,0.5,0.0,0.25,1.0,0.0,0.0,0.0,0.0,0.0,0.0,0.0,0.0,0.14285714285714285,0.0,0.14285714285714285,information timestamp <= nowcast cutoff,verified GSS release date where available; otherwise conservative observation month-end +45 days; target month itself always excluded,0.0,,True,10.0,2024-11-14,16.3,16.08,16.08,16.42,0.1043139535249248,0.0,,,,,,,,False,,,,TIMING_UNRESOLVED_OR_NOT_RELEASED,False,,,,TIMING_UNRESOLVED_OR_NOT_RELEASED,2024-11,0.21565699756755605,1.85,-0.1,0.75,0.0,-0.3,1.2,0.0,0.0,0.0,0.0,0.0,0.2010286048326018,0.6499999999999999,0.1,-0.75,1.0,0.3,-1.2,0.0,0.0,0.14285714285714285,0.0,0.0,0.41668560240015784,0.0,2.5,0.0,0.0,0.0,0.0,0.0,1.0,0.0,0.0,0.0,0.0,0.0,0.0,0.0,0.0,0.0,0.14285714285714285,0.0,0.0,0.0,0.0,0.0,-0.6499999999999999,0,0.3502538468539876,1,1,1,0,0,1,1,0.7142857142857143,0.23558189124492734,0.6097973503053566,0,0,0,0.23558189124492734,0.4711637824898547
2024-11,2024-11,S3_Day21,3,2024-11-21 23:59:59,extended_historical_test,extended_historical_test,23.0,23.0,True,True,21.5,2024-09,2024-11-14,,CONSERVATIVE_MONTH_END_PLUS_45D_PROXY,False,2,7,21.5,2024-09,16.15834,-2.7607361963190247,1.0597077103469577,False,,,,,,,10,2024-11-21,0.16667424096006314,1.0,0.5,0.2,0.0,0.5,0.0,0.0,0.0,0.0,0.0,0.0,0.0,0.2,0.0,0.4,0.4,0.2,0.0,0.1,0.0,0.0,0.0,0.0,0.0,0.14285714285714285,0.0,0.14285714285714285,information timestamp <= nowcast cutoff,verified GSS release date where available; otherwise conservative observation month-end +45 days; target month itself always excluded,0.0,,True,15.0,2024-11-21,16.3,15.85,15.85,16.42,0.1934290009279894,0.0,,,,,,,,False,,,,TIMING_UNRESOLVED_OR_NOT_RELEASED,False,,,,TIMING_UNRESOLVED_OR_NOT_RELEASED,2024-11,0.21565699756755605,1.85,-0.1,0.75,0.0,-0.3,1.2,0.0,0.0,0.0,0.0,0.0,-0.048982756607492905,-0.8500000000000001,0.1,-0.75,0.4,0.3,-1.2,0.0,0.0,0.14285714285714285,0.0,0.0,0.41668560240015784,-0.2500113614400947,2.5,-1.5,0.0,0.0,0.0,0.0,1.0,-0.6,0.0,0.0,0.0,0.0,0.0,0.0,0.0,0.0,0.14285714285714285,0.0,0.0,0.0,0.0,0.0,-1.5,0,0.18862139420635093,1,1,1,0,0,1,1,0.7142857142857143,0.3142407711613027,0.6097973503053566,0,0,0,0.3142407711613027,0.6284815423226054
2024-11,2024-11,S4_MonthEnd,4,2024-11-30 23:59:59,extended_historical_test,extended_historical_test,23.0,23.0,True,True,21.5,2024-09,2024-11-14,,CONSERVATIVE_MONTH_END_PLUS_45D_PROXY,False,2,16,21.5,2024-09,15.983433333333338,-6.319018404907983,-0.0342175697204294,False,,,,,,,19,2024-11-30,0.07250826565620522,0.47368421052631576,0.631578947368421,0.15789473684210525,0.10526315789473684,0.6842105263157895,0.0,0.0,0.0,0.0,0.0,0.0,0.0,0.21052631578947367,0.15789473684210525,0.2631578947368421,0.21052631578947367,0.2631578947368421,-0.21052631578947367,0.05263157894736842,0.0,0.0,0.0,0.0,0.0,0.2857142857142857,0.14285714285714285,0.14285714285714285,information timestamp <= nowcast cutoff,verified GSS release date where available; otherwise conservative observation month-end +45 days; target month itself always excluded,0.0,,True,21.0,2024-11-29,16.3,15.27,15.27,16.42,0.3363289536738774,0.0,,,,,,,,False,,,,TIMING_UNRESOLVED_OR_NOT_RELEASED,False,,,,TIMING_UNRESOLVED_OR_NOT_RELEASED,2024-11,0.21565699756755605,1.85,-0.1,0.75,0.0,-0.3,1.2,0.0,0.0,0.0,0.0,0.0,-0.14314873191135083,-1.3763157894736844,0.1,-0.5921052631578947,0.21052631578947367,0.08947368421052632,-1.2,0.0,0.0,0.14285714285714285,0.0,0.0,0.16667424096006314,-0.09416597530385792,1.0,-0.5263157894736843,0.0,0.0,0.0,0.15789473684210525,0.4,-0.18947368421052635,0.0,-0.21052631578947367,0.0,0.0,0.0,0.0,0.0,0.0,0.14285714285714285,0.0,0.0,0.0,0.0,0.0,0.9736842105263157,0,0.11082680151979937,1,0,1,0,0,1,0,0.42857142857142855,0.3266350225591877,0.6097973503053566,0,0,0,0.3266350225591877,0.6532700451183754
2024-12,2024-12,S1_Day7,1,2024-12-07 23:59:59,extended_historical_test,extended_historical_test,23.8,23.8,True,True,21.5,2024-09,2024-11-14,,CONSERVATIVE_MONTH_END_PLUS_45D_PROXY,False,3,23,21.5,2024-09,15.025,-2.138861467588027,-5.99641712356338,False,,,,,,,8,2024-12-06,0.11314353170560831,0.75,0.75,0.125,0.0,0.375,0.0,0.0,0.0,0.0,0.0,0.125,0.0,0.25,0.0,0.125,0.0,0.25,0.0,0.125,0.0,0.0,0.0,0.0,0.0,0.0,0.0,0.0,information timestamp <= nowcast cutoff,verified GSS release date where available; otherwise conservative observation month-end +45 days; target month itself always excluded,0.0,,True,4.0,2024-12-05,15.195,14.87,14.87,15.195,0.1342106553146958,0.0,,,,,,,,False,,,,TIMING_UNRESOLVED_OR_NOT_RELEASED,False,,,,TIMING_UNRESOLVED_OR_NOT_RELEASED,2024-12,0.07250826565620522,0.47368421052631576,0.0,0.15789473684210525,0.21052631578947367,-0.21052631578947367,0.0,0.0,0.0,0.14285714285714285,0.0,0.0,0.040635266049403096,0.27631578947368424,0.0,-0.15789473684210525,-0.21052631578947367,0.21052631578947367,0.0,0.0,0.0,-0.14285714285714285,0.0,0.0,0.07250826565620522,0.040635266049403096,0.47368421052631576,0.27631578947368424,0.0,0.0,0.15789473684210525,-0.15789473684210525,0.21052631578947367,-0.21052631578947367,-0.21052631578947367,0.21052631578947367,0.0,0.0,0.0,0.0,0.0,0.0,0.14285714285714285,-0.14285714285714285,0.0,0.0,0.0,0.0,0.27631578947368424,0,0.12542508942277508,0,1,1,0,0,0,1,0.42857142857142855,0.11864276017873034,0.6097973503053566,0,0,0,0.11864276017873034,0.355928280536191
2024-12,2024-12,S2_Day14,2,2024-12-14 23:59:59,extended_historical_test,extended_historical_test,23.8,23.8,True,True,21.5,2024-09,2024-11-14,,CONSERVATIVE_MONTH_END_PLUS_45D_PROXY,False,3,30,21.5,2024-09,14.866666666666667,-2.994406054623233,-6.9870261499928255,False,,,,,,,10,2024-12-12,0.16667424096006314,1.0,0.8,0.2,0.0,0.5,0.0,0.0,0.0,0.0,0.0,0.2,0.4,0.2,0.0,0.1,0.0,0.2,0.0,0.1,0.0,0.0,0.0,0.0,0.0,0.14285714285714285,0.0,0.14285714285714285,information timestamp <= nowcast cutoff,verified GSS release date where available; otherwise conservative observation month-end +45 days; target month itself always excluded,0.0,,True,9.0,2024-12-13,15.195,14.74,14.68,15.195,0.1699509733227007,0.0,,,,,,,,False,,,,TIMING_UNRESOLVED_OR_NOT_RELEASED,False,,,,TIMING_UNRESOLVED_OR_NOT_RELEASED,2024-12,0.07250826565620522,0.47368421052631576,0.0,0.15789473684210525,0.21052631578947367,-0.21052631578947367,0.0,0.0,0.0,0.14285714285714285,0.0,0.0,0.09416597530385792,0.5263157894736843,0.4,-0.15789473684210525,-0.21052631578947367,0.21052631578947367,0.0,0.0,0.0,0.0,0.0,0.0,0.11314353170560831,0.05353070925445483,0.75,0.25,0.0,0.4,0.0,0.0,0.0,0.0,0.0,0.0,0.0,0.0,0.0,0.0,0.0,0.0,0.0,0.14285714285714285,0.0,0.0,0.0,0.0,-0.026315789473684237,0,0.19849016021759613,1,1,1,0,0,0,1,0.5714285714285714,0.14915282091079854,0.6097973503053566,0,0,0,0.14915282091079854,0.44745846273239565
2024-12,2024-12,S3_Day21,3,2024-12-21 23:59:59,extended_historical_test,extended_historical_test,23.8,23.8,True,True,22.1,2024-10,2024-12-15,,CONSERVATIVE_MONTH_END_PLUS_45D_PROXY,False,2,6,22.1,2024-10,14.815714285714284,-3.257650542941759,-7.305808603610742,False,,,,,,,17,2024-12-19,0.17686005319154882,0.9411764705882353,0.7058823529411765,0.29411764705882354,0.058823529411764705,0.5882352941176471,1.0,0.0,1.0,1.0,0.058823529411764705,0.11764705882352941,0.23529411764705882,0.23529411764705882,0.17647058823529413,0.17647058823529413,0.47058823529411764,0.17647058823529413,0.23529411764705882,0.11764705882352941,0.0,0.0,0.0,0.0,0.0,0.5714285714285714,0.0,0.5714285714285714,information timestamp <= nowcast cutoff,verified GSS release date where available; otherwise conservative observation month-end +45 days; target month itself always excluded,0.0,,True,14.0,2024-12-20,15.195,14.7,14.68,15.195,0.1526650996562778,0.0,,,,,,,,False,,,,TIMING_UNRESOLVED_OR_NOT_RELEASED,False,,,,TIMING_UNRESOLVED_OR_NOT_RELEASED,2024-12,0.07250826565620522,0.47368421052631576,0.0,0.15789473684210525,0.21052631578947367,-0.21052631578947367,0.0,0.0,0.0,0.14285714285714285,0.0,0.0,0.1043517875353436,0.4674922600619195,0.23529411764705882,0.018575851393188875,0.26006191950464397,0.4458204334365325,0.0,0.0,0.0,0.42857142857142855,1.0,0.058823529411764705,0.16667424096006314,0.01018581223148568,1.0,-0.05882352941176472,0.4,-0.1647058823529412,0.0,0.17647058823529413,0.0,0.47058823529411764,0.0,0.23529411764705882,0.0,0.0,0.0,0.0,0.0,0.0,0.14285714285714285,0.42857142857142855,0.0,1.0,0.0,0.058823529411764705,-0.3088235294117647,0,0.28597923335803366,1,0,0,0,0,0,1,0.2857142857142857,0.18274421187225087,0.6097973503053566,0,0,0,0.18274421187225087,0.36548842374450174
2024-12,2024-12,S4_MonthEnd,4,2024-12-31 23:59:59,extended_historical_test,extended_historical_test,23.8,23.8,True,True,22.1,2024-10,2024-12-15,,CONSERVATIVE_MONTH_END_PLUS_45D_PROXY,False,2,16,22.1,2024-10,14.780526315789473,-3.257650542941759,-7.525961365479661,False,,,,,,,19,2024-12-31,0.15824320548717527,0.8421052631578947,0.7368421052631579,0.2631578947368421,0.05263157894736842,0.5789473684210527,1.0,0.0,1.0,1.0,0.05263157894736842,0.10526315789473684,0.21052631578947367,0.21052631578947367,0.15789473684210525,0.15789473684210525,0.42105263157894735,0.2631578947368421,0.21052631578947367,0.10526315789473684,0.0,0.0,0.0,0.0,0.0,0.5714285714285714,0.0,0.5714285714285714,information timestamp <= nowcast cutoff,verified GSS release date where available; otherwise conservative observation month-end +45 days; target month itself always excluded,0.0,,True,19.0,2024-12-31,15.195,14.7,14.65,15.195,0.1443031780738597,0.0,,,,,,,,False,,,,TIMING_UNRESOLVED_OR_NOT_RELEASED,False,,,,TIMING_UNRESOLVED_OR_NOT_RELEASED,2024-12,0.07250826565620522,0.47368421052631576,0.0,0.15789473684210525,0.21052631578947367,-0.21052631578947367,0.0,0.0,0.0,0.14285714285714285,0.0,0.0,0.08573493983097005,0.3684210526315789,0.21052631578947367,0.0,0.21052631578947367,0.42105263157894735,0.0,0.0,0.0,0.42857142857142855,1.0,0.05263157894736842,0.17686005319154882,-0.01861684770437355,0.9411764705882353,-0.09907120743034059,0.23529411764705882,-0.024767801857585148,0.17647058823529413,-0.018575851393188875,0.47058823529411764,-0.049535603715170295,0.23529411764705882,-0.024767801857585148,0.0,0.0,0.0,0.0,0.0,0.0,0.5714285714285714,0.0,1.0,0.0,0.058823529411764705,-0.006191950464396287,-0.04024767801857587,0,0.2661033237344935,1,0,0,0,0,0,1,0.2857142857142857,0.1430881337548472,0.6097973503053566,0,0,0,0.1430881337548472,0.2861762675096944
2025-01,2025-01,S1_Day7,1,2025-01-07 23:59:59,extended_historical_test,extended_historical_test,23.5,23.5,True,True,22.1,2024-10,2024-12-15,,CONSERVATIVE_MONTH_END_PLUS_45D_PROXY,False,3,23,22.1,2024-10,14.716666666666669,0.0,-0.4320526059656382,False,,,,,,,4,2025-01-07,0.0,0.0,1.0,0.0,0.0,0.5,0.0,0.0,0.0,0.0,0.0,0.0,0.0,0.0,0.0,0.25,0.0,0.0,0.0,0.0,0.0,0.0,0.0,0.0,0.0,0.0,0.0,0.0,information timestamp <= nowcast cutoff,verified GSS release date where available; otherwise conservative observation month-end +45 days; target month itself always excluded,0.0,,True,3.0,2025-01-06,14.7,14.7,14.7,14.75,0.0235702260395519,0.0,,,,,,,,False,,,,TIMING_UNRESOLVED_OR_NOT_RELEASED,False,,,,TIMING_UNRESOLVED_OR_NOT_RELEASED,2025-01,0.15824320548717527,0.8421052631578947,0.21052631578947367,0.15789473684210525,0.42105263157894735,0.21052631578947367,0.0,0.0,0.0,0.5714285714285714,1.0,0.05263157894736842,-0.15824320548717527,-0.8421052631578947,-0.21052631578947367,-0.15789473684210525,-0.42105263157894735,-0.21052631578947367,0.0,0.0,0.0,-0.5714285714285714,-1.0,-0.05263157894736842,0.15824320548717527,-0.15824320548717527,0.8421052631578947,-0.8421052631578947,0.21052631578947367,-0.21052631578947367,0.15789473684210525,-0.15789473684210525,0.42105263157894735,-0.42105263157894735,0.21052631578947367,-0.21052631578947367,0.0,0.0,0.0,0.0,0.0,0.0,0.5714285714285714,-0.5714285714285714,1.0,-1.0,0.05263157894736842,-0.05263157894736842,-0.8421052631578947,1,0.0,1,1,1,0,0,0,1,0.5714285714285714,0.48462270912530303,0.6097973503053566,0,0,0,0.48462270912530303,1.453868127375909
2025-01,2025-01,S2_Day14,2,2025-01-14 23:59:59,extended_historical_test,extended_historical_test,23.5,23.5,True,True,23.0,2024-11,2025-01-14,,CONSERVATIVE_MONTH_END_PLUS_45D_PROXY,False,2,0,23.0,2024-11,14.76175,0.9795918367347056,-0.1270341487732751,False,,,,,,,14,2025-01-14,0.0,0.0,0.8571428571428571,0.14285714285714285,0.14285714285714285,0.2857142857142857,0.0,0.0,0.0,0.0,0.0,0.21428571428571427,0.0,0.07142857142857142,0.0,0.14285714285714285,0.0,0.0,0.0,0.21428571428571427,-0.2857142857142857,0.07142857142857142,0.0,0.0,0.0,0.0,0.14285714285714285,-0.14285714285714285,information timestamp <= nowcast cutoff,verified GSS release date where available; otherwise conservative observation month-end +45 days; target month itself always excluded,0.0,,True,8.0,2025-01-14,14.7,14.844,14.7,14.844,0.0470790558528951,0.0,,,,,,,,False,,,,TIMING_UNRESOLVED_OR_NOT_RELEASED,False,,,,TIMING_UNRESOLVED_OR_NOT_RELEASED,2025-01,0.15824320548717527,0.8421052631578947,0.21052631578947367,0.15789473684210525,0.42105263157894735,0.21052631578947367,0.0,0.0,0.0,0.5714285714285714,1.0,0.05263157894736842,-0.15824320548717527,-0.8421052631578947,-0.21052631578947367,-0.15789473684210525,-0.42105263157894735,-0.21052631578947367,-0.2857142857142857,0.0,0.0,-0.7142857142857142,-1.0,-0.05263157894736842,0.0,0.0,0.0,0.0,0.0,0.0,0.0,0.0,0.0,0.0,0.0,0.0,0.0,-0.2857142857142857,0.0,0.0,0.0,0.0,0.0,-0.14285714285714285,0.0,0.0,0.0,0.0,0.8421052631578947,1,-0.007142857142857143,1,1,1,0,0,1,1,0.7142857142857143,0.5060512805538744,0.6097973503053566,0,0,0,0.5060512805538744,1.0121025611077488
2025-01,2025-01,S3_Day21,3,2025-01-21 23:59:59,extended_historical_test,extended_historical_test,23.5,23.5,True,True,23.0,2024-11,2025-01-14,,CONSERVATIVE_MONTH_END_PLUS_45D_PROXY,False,2,7,23.0,2024-11,14.833353846153845,2.174149659863956,0.3574130530652031,False,,,,,,,23,2025-01-20,0.1119089293908302,0.7391304347826086,0.8260869565217391,0.21739130434782608,0.08695652173913043,0.391304347826087,0.0,0.0,0.0,0.0,0.0,0.30434782608695654,0.17391304347826086,0.13043478260869565,0.5652173913043478,0.17391304347826086,0.5652173913043478,0.0,0.0,0.17391304347826086,-0.17391304347826086,0.043478260869565216,0.0,0.0,0.0,0.42857142857142855,0.14285714285714285,0.2857142857142857,information timestamp <= nowcast cutoff,verified GSS release date where available; otherwise conservative observation month-end +45 days; target month itself always excluded,0.0,,True,13.0,2025-01-21,14.7,15.0196,14.7,15.0196,0.1047333362209776,0.0,,,,,,,,False,,,,TIMING_UNRESOLVED_OR_NOT_RELEASED,False,,,,TIMING_UNRESOLVED_OR_NOT_RELEASED,2025-01,0.15824320548717527,0.8421052631578947,0.21052631578947367,0.15789473684210525,0.42105263157894735,0.21052631578947367,0.0,0.0,0.0,0.5714285714285714,1.0,0.05263157894736842,-0.046334276096345064,-0.10297482837528604,-0.03661327231121281,0.40732265446224253,0.14416475972540044,-0.21052631578947367,-0.17391304347826086,0.0,0.0,-0.2857142857142857,-1.0,-0.05263157894736842,0.0,0.1119089293908302,0.0,0.7391304347826086,0.0,0.17391304347826086,0.0,0.5652173913043478,0.0,0.5652173913043478,0.0,0.0,-0.2857142857142857,0.11180124223602483,0.0,0.0,0.0,0.0,-0.14285714285714285,0.42857142857142855,0.0,0.0,0.0,0.0,0.7391304347826086,0,0.21988983096953335,0,0,0,0,0,1,1,0.2857142857142857,0.1139035338711454,0.6097973503053566,0,0,0,0.1139035338711454,0.2278070677422908
2025-01,2025-01,S4_MonthEnd,4,2025-01-31 23:59:59,extended_historical_test,extended_historical_test,23.5,23.5,True,True,23.0,2024-11,2025-01-14,,CONSERVATIVE_MONTH_END_PLUS_45D_PROXY,False,2,17,23.0,2024-11,14.971957142857145,4.081632653061229,1.2951556864600589,False,,,,,,,29,2025-01-31,-0.01108111672514596,-0.4482758620689655,0.8620689655172413,0.1724137931034483,0.1724137931034483,0.4482758620689655,0.0,0.0,0.0,0.0,0.0,0.3448275862068966,-0.4827586206896552,0.10344827586206896,0.4482758620689655,0.1724137931034483,0.4482758620689655,0.13793103448275862,-1.0344827586206897,0.1724137931034483,-0.5517241379310345,0.034482758620689655,0.0,0.0,0.0,0.2857142857142857,0.42857142857142855,-0.14285714285714285,information timestamp <= nowcast cutoff,verified GSS release date where available; otherwise conservative observation month-end +45 days; target month itself always excluded,0.0,,True,21.0,2025-01-31,14.7,15.3,14.7,15.3,0.2022035715652458,0.0,,,,,,,,False,,,,TIMING_UNRESOLVED_OR_NOT_RELEASED,False,,,,TIMING_UNRESOLVED_OR_NOT_RELEASED,2025-01,0.15824320548717527,0.8421052631578947,0.21052631578947367,0.15789473684210525,0.42105263157894735,0.21052631578947367,0.0,0.0,0.0,0.5714285714285714,1.0,0.05263157894736842,-0.16932432221232124,-1.2903811252268602,-0.6932849364791289,0.29038112522686027,0.02722323049001818,-1.2450090744101634,-0.5517241379310345,0.0,0.0,-0.7142857142857142,-1.0,-0.05263157894736842,0.1119089293908302,-0.12299004611597616,0.7391304347826086,-1.1874062968515742,0.17391304347826086,-0.656671664167916,0.5652173913043478,-0.11694152923538226,0.5652173913043478,-0.11694152923538226,0.0,-1.0344827586206897,-0.17391304347826086,-0.3778110944527736,0.0,0.0,0.0,0.0,0.2857142857142857,-0.42857142857142855,0.0,0.0,0.0,0.0,-1.9265367316341828,1,-0.06470842374391475,1,0,0,0,0,1,1,0.42857142857142855,0.5893792904919966,0.6097973503053566,0,0,0,0.5893792904919966,1.178758580983993
2025-02,2025-02,S1_Day7,1,2025-02-07 23:59:59,extended_historical_test,extended_historical_test,23.1,23.1,True,True,23.0,2024-11,2025-01-14,,CONSERVATIVE_MONTH_END_PLUS_45D_PROXY,False,3,24,23.0,2024-11,15.413,1.209150326797381,2.945792944333059,False,,,,,,,11,2025-02-07,0.0198525943091355,-0.6363636363636364,0.5454545454545454,0.2727272727272727,0.18181818181818182,0.6363636363636364,1.0,0.0,1.0,1.0,0.09090909090909091,0.0,0.0,0.2727272727272727,0.5454545454545454,0.2727272727272727,0.7272727272727273,0.09090909090909091,0.0,0.0,0.0,0.09090909090909091,0.0,0.0,0.0,0.2857142857142857,0.0,0.2857142857142857,information timestamp <= nowcast cutoff,verified GSS release date where available; otherwise conservative observation month-end +45 days; target month itself always excluded,0.0,,True,5.0,2025-02-07,15.3,15.485,15.3,15.485,0.0659999999999993,0.0,,,,,,,,False,,,,TIMING_UNRESOLVED_OR_NOT_RELEASED,False,,,,TIMING_UNRESOLVED_OR_NOT_RELEASED,2025-02,-0.01108111672514596,-0.4482758620689655,-0.4827586206896552,0.4482758620689655,0.4482758620689655,-1.0344827586206897,-0.5517241379310345,0.0,0.0,-0.14285714285714285,0.0,0.0,0.03093371103428146,-0.18808777429467083,0.4827586206896552,0.09717868338557989,0.27899686520376177,1.0344827586206897,0.5517241379310345,0.0,0.0,0.42857142857142855,1.0,0.09090909090909091,-0.01108111672514596,0.03093371103428146,-0.4482758620689655,-0.18808777429467083,-0.4827586206896552,0.4827586206896552,0.4482758620689655,0.09717868338557989,0.4482758620689655,0.27899686520376177,-1.0344827586206897,1.0344827586206897,-0.5517241379310345,0.5517241379310345,0.0,0.0,0.0,0.0,-0.14285714285714285,0.42857142857142855,0.0,1.0,0.0,0.09090909090909091,-0.18808777429467083,0,0.031299430719811436,1,0,0,0,0,1,1,0.42857142857142855,0.1566240673265631,0.6097973503053566,0,0,0,0.1566240673265631,0.46987220197968926
2025-02,2025-02,S2_Day14,2,2025-02-14 23:59:59,extended_historical_test,extended_historical_test,23.1,23.1,True,True,23.8,2024-12,2025-02-14,,CONSERVATIVE_MONTH_END_PLUS_45D_PROXY,False,2,0,23.8,2024-12,15.445,1.3071895424836557,3.159525856434442,False,,,,,,,14,2025-02-12,0.06999804952544682,-0.21428571428571427,0.6428571428571429,0.2857142857142857,0.14285714285714285,0.6428571428571429,1.0,0.0,1.0,1.0,0.07142857142857142,0.0,0.0,0.2857142857142857,0.42857142857142855,0.21428571428571427,0.5714285714285714,0.14285714285714285,0.0,0.0,0.0,0.07142857142857142,0.0,0.0,0.0,0.2857142857142857,0.0,0.2857142857142857,information timestamp <= nowcast cutoff,verified GSS release date where available; otherwise conservative observation month-end +45 days; target month itself always excluded,0.0,,True,10.0,2025-02-14,15.3,15.5,15.3,15.5,0.0579655069847574,0.0,,,,,,,,False,,,,TIMING_UNRESOLVED_OR_NOT_RELEASED,False,,,,TIMING_UNRESOLVED_OR_NOT_RELEASED,2025-02,-0.01108111672514596,-0.4482758620689655,-0.4827586206896552,0.4482758620689655,0.4482758620689655,-1.0344827586206897,-0.5517241379310345,0.0,0.0,-0.14285714285714285,0.0,0.0,0.08107916625059278,0.23399014778325125,0.4827586206896552,-0.019704433497536977,0.12315270935960587,1.0344827586206897,0.5517241379310345,0.0,0.0,0.42857142857142855,1.0,0.07142857142857142,0.0198525943091355,0.05014545521631132,-0.6363636363636364,0.42207792207792205,0.0,0.0,0.5454545454545454,-0.11688311688311687,0.7272727272727273,-0.1558441558441559,0.0,0.0,0.0,0.0,0.0,0.0,0.0,0.0,0.2857142857142857,0.0,1.0,0.0,0.09090909090909091,-0.019480519480519487,0.6101656963725929,0,0.08640684852470323,1,0,0,0,0,1,1,0.42857142857142855,0.18515604152477294,0.6097973503053566,0,0,0,0.18515604152477294,0.3703120830495459
2025-02,2025-02,S3_Day21,3,2025-02-21 23:59:59,extended_historical_test,extended_historical_test,23.1,23.1,True,True,23.8,2024-12,2025-02-14,,CONSERVATIVE_MONTH_END_PLUS_45D_PROXY,False,2,7,23.8,2024-12,15.472666666666669,1.5686274509803866,3.3443157700221,False,,,,,,,16,2025-02-18,0.06124829333476596,-0.1875,0.625,0.25,0.125,0.625,1.0,0.0,1.0,1.0,0.0625,0.0,0.0,0.25,0.375,0.1875,0.5,0.125,0.0,0.125,0.0,0.0625,0.0,0.0,0.0,0.2857142857142857,0.0,0.2857142857142857,information timestamp <= nowcast cutoff,verified GSS release date where available; otherwise conservative observation month-end +45 days; target month itself always excluded,0.0,,True,15.0,2025-02-21,15.3,15.54,15.3,15.55,0.0628454895402648,0.0,,,,,,,,False,,,,TIMING_UNRESOLVED_OR_NOT_RELEASED,False,,,,TIMING_UNRESOLVED_OR_NOT_RELEASED,2025-02,-0.01108111672514596,-0.4482758620689655,-0.4827586206896552,0.4482758620689655,0.4482758620689655,-1.0344827586206897,-0.5517241379310345,0.0,0.0,-0.14285714285714285,0.0,0.0,0.07232941005991192,0.2607758620689655,0.4827586206896552,-0.07327586206896552,0.051724137931034475,1.0344827586206897,0.5517241379310345,0.0,0.0,0.42857142857142855,1.0,0.0625,0.06999804952544682,-0.008749756190680857,-0.21428571428571427,0.026785714285714274,0.0,0.0,0.42857142857142855,-0.05357142857142855,0.5714285714285714,-0.0714285714285714,0.0,0.0,0.0,0.0,0.0,0.0,0.0,0.0,0.2857142857142857,0.0,1.0,0.0,0.07142857142857142,-0.008928571428571425,-0.39529220779220775,0,0.08386085412307642,1,0,0,0,0,1,1,0.42857142857142855,0.1701814303385038,0.6097973503053566,0,0,0,0.1701814303385038,0.3403628606770076
2025-02,2025-02,S4_MonthEnd,4,2025-02-28 23:59:59,extended_historical_test,extended_historical_test,23.1,23.1,True,True,23.8,2024-12,2025-02-14,,CONSERVATIVE_MONTH_END_PLUS_45D_PROXY,False,2,14,23.8,2024-12,15.485999999999995,1.5032679738562038,3.433371150064324,False,,,,,,,31,2025-02-28,0.0521006982497917,0.0,0.7096774193548387,0.16129032258064516,0.06451612903225806,0.5806451612903226,1.0,0.0,1.0,1.0,0.03225806451612903,0.12903225806451613,0.0,0.25806451612903225,0.2903225806451613,0.0967741935483871,0.25806451612903225,0.3548387096774194,0.0,0.12903225806451613,0.0967741935483871,0.03225806451612903,0.0,0.0,0.0,0.42857142857142855,0.0,0.42857142857142855,information timestamp <= nowcast cutoff,verified GSS release date where available; otherwise conservative observation month-end +45 days; target month itself always excluded,0.0,,True,20.0,2025-02-28,15.3,15.53,15.3,15.55,0.0595105032746319,0.0,,,,,,,,False,,,,TIMING_UNRESOLVED_OR_NOT_RELEASED,False,,,,TIMING_UNRESOLVED_OR_NOT_RELEASED,2025-02,-0.01108111672514596,-0.4482758620689655,-0.4827586206896552,0.4482758620689655,0.4482758620689655,-1.0344827586206897,-0.5517241379310345,0.0,0.0,-0.14285714285714285,0.0,0.0,0.06318181497493766,0.4482758620689655,0.4827586206896552,-0.15795328142380421,-0.19021134593993327,1.0344827586206897,0.6484983314794216,0.0,0.0,0.5714285714285714,1.0,0.03225806451612903,0.06124829333476596,-0.009147595084974258,-0.1875,0.1875,0.0,0.0,0.375,-0.08467741935483869,0.5,-0.24193548387096775,0.0,0.0,0.0,0.0967741935483871,0.0,0.0,0.0,0.0,0.2857142857142857,0.14285714285714285,1.0,0.0,0.0625,-0.03024193548387097,0.16071428571428573,1,0.10588319220570536,1,0,0,0,0,1,1,0.42857142857142855,0.3767457561808297,0.6097973503053566,0,0,0,0.3767457561808297,0.7534915123616595
2025-03,2025-03,S1_Day7,1,2025-03-07 23:59:59,extended_historical_test,extended_historical_test,22.4,22.4,True,True,23.8,2024-12,2025-02-14,,CONSERVATIVE_MONTH_END_PLUS_45D_PROXY,False,3,21,23.8,2024-12,15.529999999999998,0.1287830006439172,0.2841275991217973,False,,,,,,,5,2025-03-07,0.0,0.0,0.4,0.0,0.0,0.6,0.0,0.0,0.0,0.0,0.0,0.0,0.0,0.4,0.0,0.6,0.0,0.4,0.0,0.2,0.0,0.0,0.0,0.2,0.0,0.0,0.0,0.0,information timestamp <= nowcast cutoff,verified GSS release date where available; otherwise conservative observation month-end +45 days; target month itself always excluded,0.0,,True,4.0,2025-03-07,15.53,15.55,15.52,15.55,0.0122474487139163,0.0,,,,,,,,False,,,,TIMING_UNRESOLVED_OR_NOT_RELEASED,False,,,,TIMING_UNRESOLVED_OR_NOT_RELEASED,2025-03,0.0521006982497917,0.0,0.0,0.2903225806451613,0.25806451612903225,0.0,0.0967741935483871,0.0,0.0,0.42857142857142855,1.0,0.03225806451612903,-0.0521006982497917,0.0,0.0,-0.2903225806451613,-0.25806451612903225,0.0,-0.0967741935483871,0.0,0.0,-0.42857142857142855,-1.0,-0.03225806451612903,0.0521006982497917,-0.0521006982497917,0.0,0.0,0.0,0.0,0.2903225806451613,-0.2903225806451613,0.25806451612903225,-0.25806451612903225,0.0,0.0,0.0967741935483871,-0.0967741935483871,0.0,0.0,0.0,0.0,0.42857142857142855,-0.42857142857142855,1.0,-1.0,0.03225806451612903,-0.03225806451612903,0.0,0,0.0,0,1,1,0,0,0,0,0.2857142857142857,0.05,0.6097973503053566,0,0,0,0.05,0.15000000000000002
2025-03,2025-03,S2_Day14,2,2025-03-14 23:59:59,extended_historical_test,extended_historical_test,22.4,22.4,True,True,23.8,2024-12,2025-02-14,,CONSERVATIVE_MONTH_END_PLUS_45D_PROXY,False,3,28,23.8,2024-12,15.533333333333331,0.0,0.3056524172371011,False,,,,,,,15,2025-03-14,0.012807857066828706,-0.06666666666666667,0.4,0.13333333333333333,0.06666666666666667,0.7333333333333333,0.0,0.0,0.0,0.0,0.0,0.0,0.0,0.3333333333333333,-0.4,0.2,0.0,0.13333333333333333,0.0,0.6,-0.06666666666666667,0.13333333333333333,0.0,0.13333333333333333,0.0,0.0,0.2857142857142857,-0.2857142857142857,information timestamp <= nowcast cutoff,verified GSS release date where available; otherwise conservative observation month-end +45 days; target month itself always excluded,0.0,,True,9.0,2025-03-14,15.53,15.53,15.52,15.55,0.0094280904158207,0.0,,,,,,,,False,,,,TIMING_UNRESOLVED_OR_NOT_RELEASED,False,,,,TIMING_UNRESOLVED_OR_NOT_RELEASED,2025-03,0.0521006982497917,0.0,0.0,0.2903225806451613,0.25806451612903225,0.0,0.0967741935483871,0.0,0.0,0.42857142857142855,1.0,0.03225806451612903,-0.039292841182962994,-0.06666666666666667,0.0,-0.6903225806451614,-0.25806451612903225,0.0,-0.16344086021505377,0.0,0.0,-0.7142857142857142,-1.0,-0.03225806451612903,0.0,0.012807857066828706,0.0,-0.06666666666666667,0.0,0.0,0.0,-0.4,0.0,0.0,0.0,0.0,0.0,-0.06666666666666667,0.0,0.0,0.0,0.0,0.0,-0.2857142857142857,0.0,0.0,0.0,0.0,-0.06666666666666667,0,-0.055554359918037886,0,1,1,0,0,1,0,0.42857142857142855,0.09523192514084,0.6097973503053566,0,0,0,0.09523192514084,0.28569577542252
2025-03,2025-03,S3_Day21,3,2025-03-21 23:59:59,extended_historical_test,extended_historical_test,22.4,22.4,True,True,23.5,2025-01,2025-03-17,,CONSERVATIVE_MONTH_END_PLUS_45D_PROXY,False,2,4,23.5,2025-01,15.533571428571426,0.0,0.3071899042453196,False,,,,,,,25,2025-03-21,0.09630667627459279,0.48,0.44,0.2,0.04,0.72,2.0,0.0,2.0,1.0,0.08,0.0,0.0,0.28,0.0,0.24,0.28,0.24,0.24,0.6,-0.04,0.12,0.08,0.08,0.0,0.42857142857142855,0.14285714285714285,0.2857142857142857,information timestamp <= nowcast cutoff,verified GSS release date where available; otherwise conservative observation month-end +45 days; target month itself always excluded,0.0,,True,14.0,2025-03-21,15.53,15.53,15.52,15.55,0.0081127262082861,0.0,,,,,,,,False,,,,TIMING_UNRESOLVED_OR_NOT_RELEASED,False,,,,TIMING_UNRESOLVED_OR_NOT_RELEASED,2025-03,0.0521006982497917,0.0,0.0,0.2903225806451613,0.25806451612903225,0.0,0.0967741935483871,0.0,0.0,0.42857142857142855,1.0,0.03225806451612903,0.044205978024801085,0.48,0.0,-0.2903225806451613,0.021935483870967776,0.24,-0.1367741935483871,0.08,0.0,-0.14285714285714285,0.0,0.04774193548387097,0.012807857066828706,0.08349881920776409,-0.06666666666666667,0.5466666666666666,0.0,0.0,-0.4,0.4,0.0,0.28,0.0,0.24,-0.06666666666666667,0.026666666666666665,0.0,0.08,0.0,0.0,-0.2857142857142857,0.5714285714285714,0.0,1.0,0.0,0.08,0.6133333333333333,1,0.16461633944315074,0,1,0,0,0,1,1,0.42857142857142855,0.4170337538351973,0.6097973503053566,0,0,0,0.4170337538351973,0.8340675076703946
2025-03,2025-03,S4_MonthEnd,4,2025-03-31 23:59:59,extended_historical_test,extended_historical_test,22.4,22.4,True,True,23.5,2025-01,2025-03-17,,CONSERVATIVE_MONTH_END_PLUS_45D_PROXY,False,2,14,23.5,2025-01,15.531578947368416,0.0,0.294323565597443,False,,,,,,,37,2025-03-31,-0.06453496922932715,-0.972972972972973,0.5405405405405406,0.13513513513513514,0.16216216216216217,0.7297297297297297,2.0,0.0,2.0,1.0,0.05405405405405406,0.02702702702702703,-0.32432432432432434,0.21621621621621623,0.0,0.16216216216216217,0.1891891891891892,0.43243243243243246,-1.135135135135135,0.5405405405405406,-0.1891891891891892,0.08108108108108109,0.05405405405405406,0.05405405405405406,0.0,0.2857142857142857,0.42857142857142855,-0.14285714285714285,information timestamp <= nowcast cutoff,verified GSS release date where available; otherwise conservative observation month-end +45 days; target month itself always excluded,0.0,,True,19.0,2025-03-28,15.53,15.53,15.52,15.55,0.0081196045371271,0.0,,,,,,,,False,,,,TIMING_UNRESOLVED_OR_NOT_RELEASED,False,,,,TIMING_UNRESOLVED_OR_NOT_RELEASED,2025-03,0.0521006982497917,0.0,0.0,0.2903225806451613,0.25806451612903225,0.0,0.0967741935483871,0.0,0.0,0.42857142857142855,1.0,0.03225806451612903,-0.11663566747911885,-0.972972972972973,-0.32432432432432434,-0.2903225806451613,-0.06887532693984305,-1.135135135135135,-0.28596338273757627,0.05405405405405406,0.0,-0.5714285714285714,0.0,0.021795989537925026,0.09630667627459279,-0.16084164550391994,0.48,-1.452972972972973,0.0,-0.32432432432432434,0.0,0.0,0.28,-0.09081081081081083,0.24,-1.375135135135135,-0.04,-0.1491891891891892,0.08,-0.025945945945945945,0.0,0.0,0.2857142857142857,-0.42857142857142855,1.0,0.0,0.08,-0.025945945945945945,-1.9996396396396396,1,-0.12712096943450613,1,1,0,0,0,1,1,0.5714285714285714,0.5849672582379766,0.6097973503053566,0,0,0,0.5849672582379766,1.1699345164759531
2025-04,2025-04,S1_Day7,1,2025-04-07 23:59:59,extended_historical_test,extended_historical_test,21.2,21.2,True,True,23.5,2025-01,2025-03-17,,CONSERVATIVE_MONTH_END_PLUS_45D_PROXY,False,3,21,23.5,2025-01,15.52875,-0.0643915003219586,-0.0182141646899114,False,,,,,,,4,2025-04-06,0.2087275566145369,-2.25,0.75,0.5,0.25,0.0,0.0,0.0,0.0,0.0,0.0,0.25,2.5,0.25,1.25,0.25,1.25,0.5,-6.0,0.25,0.0,0.0,0.0,0.0,0.0,0.42857142857142855,0.14285714285714285,0.2857142857142857,information timestamp <= nowcast cutoff,verified GSS release date where available; otherwise conservative observation month-end +45 days; target month itself always excluded,0.0,,True,4.0,2025-04-07,15.53,15.52,15.52,15.535,0.0054486236794259,0.0,,,,,,,,False,,,,TIMING_UNRESOLVED_OR_NOT_RELEASED,False,,,,TIMING_UNRESOLVED_OR_NOT_RELEASED,2025-04,-0.06453496922932715,-0.972972972972973,-0.32432432432432434,0.0,0.1891891891891892,-1.135135135135135,-0.1891891891891892,0.05405405405405406,0.0,-0.14285714285714285,1.0,0.05405405405405406,0.27326252584386407,-1.277027027027027,2.8243243243243246,1.25,1.0608108108108107,-4.864864864864865,0.1891891891891892,-0.05405405405405406,0.0,0.42857142857142855,-1.0,-0.05405405405405406,-0.06453496922932715,0.27326252584386407,-0.972972972972973,-1.277027027027027,-0.32432432432432434,2.8243243243243246,0.0,1.25,0.1891891891891892,1.0608108108108107,-1.135135135135135,-4.864864864864865,-0.1891891891891892,0.1891891891891892,0.05405405405405406,-0.05405405405405406,0.0,0.0,-0.14285714285714285,0.42857142857142855,1.0,-1.0,0.05405405405405406,-0.05405405405405406,-1.277027027027027,0,-0.0030771837039365642,1,1,0,0,0,1,0,0.42857142857142855,0.3462290000003013,0.6097973503053566,0,0,0,0.3462290000003013,1.038687000000904
2025-04,2025-04,S2_Day14,2,2025-04-14 23:59:59,extended_historical_test,extended_historical_test,21.2,21.2,True,True,23.1,2025-02,2025-04-14,,CONSERVATIVE_MONTH_END_PLUS_45D_PROXY,False,2,0,23.1,2025-02,15.525,-0.0965872504829268,-0.0423585225347133,False,,,,,,,12,2025-04-14,0.06483713439756617,-0.8333333333333334,0.6666666666666666,0.25,0.16666666666666666,0.4166666666666667,1.0,0.0,1.0,1.0,0.08333333333333333,0.08333333333333333,0.8333333333333334,0.16666666666666666,0.4166666666666667,0.16666666666666666,0.8333333333333334,0.25,-2.5,0.3333333333333333,0.0,0.0,0.0,0.0,0.0,0.42857142857142855,0.14285714285714285,0.2857142857142857,information timestamp <= nowcast cutoff,verified GSS release date where available; otherwise conservative observation month-end +45 days; target month itself always excluded,0.0,,True,9.0,2025-04-14,15.53,15.515,15.515,15.535,0.0062360956446231,0.0,,,,,,,,False,,,,TIMING_UNRESOLVED_OR_NOT_RELEASED,False,,,,TIMING_UNRESOLVED_OR_NOT_RELEASED,2025-04,-0.06453496922932715,-0.972972972972973,-0.32432432432432434,0.0,0.1891891891891892,-1.135135135135135,-0.1891891891891892,0.05405405405405406,0.0,-0.14285714285714285,1.0,0.05405405405405406,0.12937210362689333,0.13963963963963966,1.1576576576576576,0.4166666666666667,0.6441441441441442,-1.364864864864865,0.1891891891891892,-0.05405405405405406,0.0,0.42857142857142855,0.0,0.02927927927927927,0.2087275566145369,-0.14389042221697074,-2.25,1.4166666666666665,2.5,-1.6666666666666665,1.25,-0.8333333333333333,1.25,-0.41666666666666663,-6.0,3.5,0.0,0.0,0.0,0.0,0.0,0.0,0.2857142857142857,0.0,0.0,1.0,0.0,0.08333333333333333,2.6936936936936933,0,0.05567945888618033,1,1,0,0,0,1,0,0.42857142857142855,0.26134573553265034,0.6097973503053566,0,0,0,0.26134573553265034,0.5226914710653007
2025-04,2025-04,S3_Day21,3,2025-04-21 23:59:59,extended_historical_test,extended_historical_test,21.2,21.2,True,True,23.1,2025-02,2025-04-14,,CONSERVATIVE_MONTH_END_PLUS_45D_PROXY,False,2,7,23.1,2025-02,15.5175,-0.4507405022536881,-0.0906472382242951,False,,,,,,,15,2025-04-20,0.051869707518052935,-0.6666666666666666,0.7333333333333333,0.2,0.13333333333333333,0.3333333333333333,1.0,0.0,1.0,1.0,0.06666666666666667,0.06666666666666667,0.6666666666666666,0.13333333333333333,0.3333333333333333,0.13333333333333333,0.6666666666666666,0.2,-2.0,0.26666666666666666,0.0,0.0,0.0,0.0,0.0,0.42857142857142855,0.14285714285714285,0.2857142857142857,information timestamp <= nowcast cutoff,verified GSS release date where available; otherwise conservative observation month-end +45 days; target month itself always excluded,0.0,,True,12.0,2025-04-17,15.53,15.46,15.46,15.535,0.0189846429164904,0.0,,,,,,,,False,,,,TIMING_UNRESOLVED_OR_NOT_RELEASED,False,,,,TIMING_UNRESOLVED_OR_NOT_RELEASED,2025-04,-0.06453496922932715,-0.972972972972973,-0.32432432432432434,0.0,0.1891891891891892,-1.135135135135135,-0.1891891891891892,0.05405405405405406,0.0,-0.14285714285714285,1.0,0.05405405405405406,0.11640467674738009,0.3063063063063064,0.990990990990991,0.3333333333333333,0.47747747747747743,-0.8648648648648649,0.1891891891891892,-0.05405405405405406,0.0,0.42857142857142855,0.0,0.012612612612612609,0.06483713439756617,-0.01296742687951323,-0.8333333333333334,0.16666666666666674,0.8333333333333334,-0.16666666666666674,0.4166666666666667,-0.08333333333333337,0.8333333333333334,-0.16666666666666674,-2.5,0.5,0.0,0.0,0.0,0.0,0.0,0.0,0.2857142857142857,0.0,1.0,0.0,0.08333333333333333,-0.016666666666666663,-1.2499999999999998,0,0.05690550247124526,1,1,0,0,0,1,0,0.42857142857142855,0.23399739808884817,0.6097973503053566,0,0,0,0.23399739808884817,0.46799479617769635
2025-04,2025-04,S4_MonthEnd,4,2025-04-30 23:59:59,extended_historical_test,extended_historical_test,21.2,21.2,True,True,23.1,2025-02,2025-04-14,,CONSERVATIVE_MONTH_END_PLUS_45D_PROXY,False,2,16,23.1,2025-02,15.22157894736842,-8.886027044430133,-1.9959335818366508,False,,,,,,,28,2025-04-30,0.02778734331324265,-0.35714285714285715,0.7142857142857143,0.14285714285714285,0.10714285714285714,0.42857142857142855,1.0,0.0,1.0,1.0,0.03571428571428571,0.07142857142857142,0.35714285714285715,0.14285714285714285,0.17857142857142858,0.10714285714285714,0.35714285714285715,0.17857142857142858,-0.8571428571428571,0.32142857142857145,0.21428571428571427,0.0,0.0,0.0,0.0,0.5714285714285714,0.14285714285714285,0.42857142857142855,information timestamp <= nowcast cutoff,verified GSS release date where available; otherwise conservative observation month-end +45 days; target month itself always excluded,0.0,,True,19.0,2025-04-30,15.53,14.15,14.15,15.535,0.484819696902008,0.0,,,,,,,,False,,,,TIMING_UNRESOLVED_OR_NOT_RELEASED,False,,,,TIMING_UNRESOLVED_OR_NOT_RELEASED,2025-04,-0.06453496922932715,-0.972972972972973,-0.32432432432432434,0.0,0.1891891891891892,-1.135135135135135,-0.1891891891891892,0.05405405405405406,0.0,-0.14285714285714285,1.0,0.05405405405405406,0.0923223125425698,0.6158301158301158,0.6814671814671815,0.17857142857142858,0.16795366795366795,0.277992277992278,0.40347490347490345,-0.05405405405405406,0.0,0.5714285714285714,0.0,-0.018339768339768345,0.051869707518052935,-0.024082364204810285,-0.6666666666666666,0.3095238095238095,0.6666666666666666,-0.3095238095238095,0.3333333333333333,-0.15476190476190474,0.6666666666666666,-0.3095238095238095,-2.0,1.1428571428571428,0.0,0.21428571428571427,0.0,0.0,0.0,0.0,0.2857142857142857,0.14285714285714285,1.0,0.0,0.06666666666666667,-0.030952380952380953,0.14285714285714274,0,0.06711622771645717,1,1,0,0,0,1,0,0.42857142857142855,0.20447052186363823,0.6097973503053566,0,0,0,0.20447052186363823,0.40894104372727647
2025-05,2025-05,S1_Day7,1,2025-05-07 23:59:59,extended_historical_test,extended_historical_test,18.4,18.4,True,True,23.1,2025-02,2025-04-14,,CONSERVATIVE_MONTH_END_PLUS_45D_PROXY,False,3,23,23.1,2025-02,13.575,-4.316546762589923,-10.817399121745442,False,,,,,,,10,2025-05-07,-0.2815996866316316,-2.0,0.8,0.0,0.4,0.6,0.0,0.0,0.0,0.0,0.0,0.1,0.0,0.3,-0.4,0.3,-0.2,0.1,0.0,0.2,0.0,0.0,0.0,0.0,0.0,0.0,0.2857142857142857,-0.2857142857142857,information timestamp <= nowcast cutoff,verified GSS release date where available; otherwise conservative observation month-end +45 days; target month itself always excluded,0.0,,True,4.0,2025-05-07,13.9,13.3,13.3,13.9,0.225,0.0,,,,,,,,False,,,,TIMING_UNRESOLVED_OR_NOT_RELEASED,False,,,,TIMING_UNRESOLVED_OR_NOT_RELEASED,2025-05,0.02778734331324265,-0.35714285714285715,0.35714285714285715,0.17857142857142858,0.35714285714285715,-0.8571428571428571,0.21428571428571427,0.0,0.0,0.42857142857142855,1.0,0.03571428571428571,-0.30938702994487427,-1.6428571428571428,-0.35714285714285715,-0.5785714285714286,-0.5571428571428572,0.8571428571428571,-0.21428571428571427,0.0,0.0,-0.7142857142857142,-1.0,-0.03571428571428571,0.02778734331324265,-0.30938702994487427,-0.35714285714285715,-1.6428571428571428,0.35714285714285715,-0.35714285714285715,0.17857142857142858,-0.5785714285714286,0.35714285714285715,-0.5571428571428572,-0.8571428571428571,0.8571428571428571,0.21428571428571427,-0.21428571428571427,0.0,0.0,0.0,0.0,0.42857142857142855,-0.7142857142857142,1.0,-1.0,0.03571428571428571,-0.03571428571428571,-1.6428571428571428,0,-0.32041676636646316,1,1,1,0,0,1,1,0.7142857142857143,0.44506619163634314,0.6097973503053566,0,0,0,0.44506619163634314,1.3351985749090294
2025-05,2025-05,S2_Day14,2,2025-05-14 23:59:59,extended_historical_test,extended_historical_test,18.4,18.4,True,True,23.1,2025-02,2025-04-14,,CONSERVATIVE_MONTH_END_PLUS_45D_PROXY,False,3,30,23.1,2025-02,13.170833333333334,-10.44964028776979,-13.472620817629622,False,,,,,,,25,2025-05-14,-0.2080776593656094,-1.72,0.52,0.04,0.36,0.6,0.0,1.0,1.0,-1.0,0.04,0.08,-0.08,0.4,-0.92,0.32,-0.2,0.04,0.0,0.2,-0.08,0.0,0.0,0.08,0.0,0.0,0.5714285714285714,-0.5714285714285714,information timestamp <= nowcast cutoff,verified GSS release date where available; otherwise conservative observation month-end +45 days; target month itself always excluded,0.0,,True,9.0,2025-05-14,13.9,12.4475,12.4475,13.9,0.445932232021364,0.0,,,,,,,,False,,,,TIMING_UNRESOLVED_OR_NOT_RELEASED,False,,,,TIMING_UNRESOLVED_OR_NOT_RELEASED,2025-05,0.02778734331324265,-0.35714285714285715,0.35714285714285715,0.17857142857142858,0.35714285714285715,-0.8571428571428571,0.21428571428571427,0.0,0.0,0.42857142857142855,1.0,0.03571428571428571,-0.23586500267885205,-1.3628571428571428,-0.43714285714285717,-1.0985714285714285,-0.5571428571428572,0.8571428571428571,-0.29428571428571426,0.0,0.0,-1.0,-2.0,0.0042857142857142885,-0.2815996866316316,0.0735220272660222,-2.0,0.28,0.0,-0.08,-0.4,-0.52,-0.2,0.0,0.0,0.0,0.0,-0.08,0.0,0.0,0.0,0.0,-0.2857142857142857,-0.2857142857142857,0.0,-1.0,0.0,0.04,1.9228571428571428,0,-0.40273784723123407,1,1,1,0,0,1,1,0.7142857142857143,0.4605221486435015,0.6097973503053566,0,0,0,0.4605221486435015,1.3815664459305044
2025-05,2025-05,S3_Day21,3,2025-05-21 23:59:59,extended_historical_test,extended_historical_test,18.4,18.4,True,True,22.4,2025-03,2025-05-15,,CONSERVATIVE_MONTH_END_PLUS_45D_PROXY,False,2,6,22.4,2025-03,12.816964285714285,-14.748201438848929,-15.797406234718236,False,,,,,,,44,2025-05-21,-0.23429963879783228,-1.8181818181818181,0.4772727272727273,0.06818181818181818,0.38636363636363635,0.5454545454545454,0.0,2.0,2.0,-1.0,0.045454545454545456,0.045454545454545456,-0.045454545454545456,0.4090909090909091,-0.45454545454545453,0.25,-0.3181818181818182,0.20454545454545456,-0.7727272727272727,0.1590909090909091,-0.13636363636363635,0.022727272727272728,0.0,0.045454545454545456,0.0,0.0,0.7142857142857143,-0.7142857142857143,information timestamp <= nowcast cutoff,verified GSS release date where available; otherwise conservative observation month-end +45 days; target month itself always excluded,0.0,,True,14.0,2025-05-21,13.9,11.85,11.85,13.9,0.605399940543608,0.0,,,,,,,,False,,,,TIMING_UNRESOLVED_OR_NOT_RELEASED,False,,,,TIMING_UNRESOLVED_OR_NOT_RELEASED,2025-05,0.02778734331324265,-0.35714285714285715,0.35714285714285715,0.17857142857142858,0.35714285714285715,-0.8571428571428571,0.21428571428571427,0.0,0.0,0.42857142857142855,1.0,0.03571428571428571,-0.26208698211107495,-1.461038961038961,-0.4025974025974026,-0.6331168831168831,-0.6753246753246753,0.08441558441558439,-0.35064935064935066,0.0,0.0,-1.1428571428571428,-2.0,0.009740259740259744,-0.2080776593656094,-0.026221979432222875,-1.72,-0.09818181818181815,-0.08,0.034545454545454546,-0.92,0.4654545454545455,-0.2,-0.11818181818181817,0.0,-0.7727272727272727,-0.08,-0.05636363636363635,0.0,0.0,0.0,0.0,-0.5714285714285714,-0.1428571428571429,-1.0,0.0,0.04,0.005454545454545455,-0.3781818181818182,0,-0.3906583015128685,1,1,1,0,0,1,0,0.5714285714285714,0.38322740928376586,0.6097973503053566,0,0,0,0.38322740928376586,0.7664548185675317
2025-05,2025-05,S4_MonthEnd,4,2025-05-31 23:59:59,extended_historical_test,extended_historical_test,18.4,18.4,True,True,22.4,2025-03,2025-05-15,,CONSERVATIVE_MONTH_END_PLUS_45D_PROXY,False,2,16,22.4,2025-03,12.075119047619047,-26.043165467625904,-20.67104806031536,False,,,,,,,72,2025-05-31,-0.30842162168934517,-2.3194444444444446,0.4722222222222222,0.06944444444444445,0.4722222222222222,0.5277777777777778,0.0,9.0,9.0,-1.0,0.125,0.08333333333333333,-0.2777777777777778,0.3194444444444444,-0.2777777777777778,0.2638888888888889,-0.5138888888888888,0.2638888888888889,-0.9305555555555556,0.1111111111111111,-0.08333333333333333,0.1388888888888889,-0.6666666666666666,0.027777777777777776,0.0,0.0,0.8571428571428571,-0.8571428571428571,information timestamp <= nowcast cutoff,verified GSS release date where available; otherwise conservative observation month-end +45 days; target month itself always excluded,0.0,,True,21.0,2025-05-30,13.9,10.28,10.28,13.9,1.1922938266891252,0.0,,,,,,,,False,,,,TIMING_UNRESOLVED_OR_NOT_RELEASED,False,,,,TIMING_UNRESOLVED_OR_NOT_RELEASED,2025-05,0.02778734331324265,-0.35714285714285715,0.35714285714285715,0.17857142857142858,0.35714285714285715,-0.8571428571428571,0.21428571428571427,0.0,0.0,0.42857142857142855,1.0,0.03571428571428571,-0.33620896500258785,-1.9623015873015874,-0.6349206349206349,-0.4563492063492064,-0.871031746031746,-0.07341269841269848,-0.2976190476190476,-0.6666666666666666,0.0,-1.2857142857142856,-2.0,0.08928571428571429,-0.23429963879783228,-0.0741219828915129,-1.8181818181818181,-0.5012626262626265,-0.045454545454545456,-0.23232323232323232,-0.45454545454545453,0.17676767676767674,-0.3181818181818182,-0.19570707070707066,-0.7727272727272727,-0.15782828282828287,-0.13636363636363635,0.053030303030303025,0.0,-0.6666666666666666,0.0,0.0,-0.7142857142857143,-0.1428571428571428,-1.0,0.0,0.045454545454545456,0.07954545454545454,-0.4030808080808084,0,-0.47888501877873585,1,1,1,1,0,1,0,0.7142857142857143,0.49178985008156184,0.6097973503053566,0,0,0,0.49178985008156184,0.9835797001631237
2025-06,2025-06,S1_Day7,1,2025-06-07 23:59:59,extended_historical_test,extended_historical_test,13.7,13.7,True,True,22.4,2025-03,2025-05-15,,CONSERVATIVE_MONTH_END_PLUS_45D_PROXY,False,3,23,22.4,2025-03,10.245,0.0,-15.156115980321603,False,,,,,,,15,2025-06-05,-0.19748743128884688,-3.466666666666667,0.4,0.2,0.4666666666666667,0.4666666666666667,2.0,0.0,2.0,1.0,0.13333333333333333,0.13333333333333333,-3.066666666666667,0.2,-0.7333333333333333,0.4666666666666667,-0.4,0.26666666666666666,-3.2,0.2,0.13333333333333333,0.06666666666666667,-0.26666666666666666,0.0,0.0,0.14285714285714285,0.7142857142857143,-0.5714285714285714,information timestamp <= nowcast cutoff,verified GSS release date where available; otherwise conservative observation month-end +45 days; target month itself always excluded,0.0,,True,4.0,2025-06-05,10.25,10.25,10.23,10.25,0.0086602540378442,0.0,,,,,,,,False,,,,TIMING_UNRESOLVED_OR_NOT_RELEASED,False,,,,TIMING_UNRESOLVED_OR_NOT_RELEASED,2025-06,-0.30842162168934517,-2.3194444444444446,-0.2777777777777778,-0.2777777777777778,-0.5138888888888888,-0.9305555555555556,-0.08333333333333333,-0.6666666666666666,0.0,-0.8571428571428571,-1.0,0.125,0.11093419040049829,-1.1472222222222221,-2.788888888888889,-0.4555555555555555,0.11388888888888882,-2.269444444444445,0.21666666666666667,0.39999999999999997,0.0,0.2857142857142857,2.0,0.008333333333333331,-0.30842162168934517,0.11093419040049829,-2.3194444444444446,-1.1472222222222221,-0.2777777777777778,-2.788888888888889,-0.2777777777777778,-0.4555555555555555,-0.5138888888888888,0.11388888888888882,-0.9305555555555556,-2.269444444444445,-0.08333333333333333,0.21666666666666667,-0.6666666666666666,0.39999999999999997,0.0,0.0,-0.8571428571428571,0.2857142857142857,-1.0,2.0,0.125,0.008333333333333331,-1.1472222222222221,0,-0.5296807453602915,0,0,0,0,0,1,0,0.14285714285714285,0.3542412740481999,0.6097973503053566,0,0,0,0.3542412740481999,1.0627238221445996
2025-06,2025-06,S2_Day14,2,2025-06-14 23:59:59,extended_historical_test,extended_historical_test,13.7,13.7,True,True,21.2,2025-04,2025-06-14,,CONSERVATIVE_MONTH_END_PLUS_45D_PROXY,False,2,0,21.2,2025-04,10.258888888888889,0.9756097560975618,-15.041095260160454,False,,,,,,,21,2025-06-13,-0.270369344298443,-3.3333333333333335,0.42857142857142855,0.14285714285714285,0.47619047619047616,0.5238095238095238,2.0,2.0,4.0,0.0,0.19047619047619047,0.09523809523809523,-2.1904761904761907,0.3333333333333333,-1.380952380952381,0.3333333333333333,-0.2857142857142857,0.19047619047619047,-2.2857142857142856,0.14285714285714285,0.09523809523809523,0.14285714285714285,-0.7619047619047619,0.0,0.0,0.14285714285714285,0.7142857142857143,-0.5714285714285714,information timestamp <= nowcast cutoff,verified GSS release date where available; otherwise conservative observation month-end +45 days; target month itself always excluded,0.0,,True,9.0,2025-06-13,10.25,10.35,10.23,10.35,0.0328107179116296,0.0,,,,,,,,False,,,,TIMING_UNRESOLVED_OR_NOT_RELEASED,False,,,,TIMING_UNRESOLVED_OR_NOT_RELEASED,2025-06,-0.30842162168934517,-2.3194444444444446,-0.2777777777777778,-0.2777777777777778,-0.5138888888888888,-0.9305555555555556,-0.08333333333333333,-0.6666666666666666,0.0,-0.8571428571428571,-1.0,0.125,0.03805227739090217,-1.0138888888888888,-1.912698412698413,-1.1031746031746033,0.22817460317460314,-1.35515873015873,0.17857142857142855,-0.09523809523809523,0.0,0.2857142857142857,1.0,0.06547619047619047,-0.19748743128884688,-0.07288191300959612,-3.466666666666667,0.1333333333333333,-3.066666666666667,0.8761904761904762,-0.7333333333333333,-0.6476190476190476,-0.4,0.11428571428571432,-3.2,0.9142857142857146,0.13333333333333333,-0.0380952380952381,-0.26666666666666666,-0.4952380952380952,0.0,0.0,-0.5714285714285714,0.0,1.0,-1.0,0.13333333333333333,0.057142857142857134,1.2805555555555554,0,-0.6145630130926802,0,0,0,0,0,1,0,0.14285714285714285,0.3722191873781598,0.6097973503053566,0,0,0,0.3722191873781598,0.7444383747563196
2025-06,2025-06,S3_Day21,3,2025-06-21 23:59:59,extended_historical_test,extended_historical_test,13.7,13.7,True,True,21.2,2025-04,2025-06-14,,CONSERVATIVE_MONTH_END_PLUS_45D_PROXY,False,2,7,21.2,2025-04,10.27357142857143,0.4878048780487809,-14.919501927418644,False,,,,,,,35,2025-06-20,-0.22922993588317123,-2.4857142857142858,0.45714285714285713,0.14285714285714285,0.42857142857142855,0.5428571428571428,2.0,4.0,6.0,-0.3333333333333333,0.17142857142857143,0.05714285714285714,-1.3142857142857143,0.2857142857142857,-1.1142857142857143,0.4,-0.11428571428571428,0.17142857142857143,-1.4857142857142858,0.11428571428571428,0.05714285714285714,0.14285714285714285,-0.8857142857142857,0.0,0.0,0.14285714285714285,0.7142857142857143,-0.5714285714285714,information timestamp <= nowcast cutoff,verified GSS release date where available; otherwise conservative observation month-end +45 days; target month itself always excluded,0.0,,True,14.0,2025-06-20,10.25,10.3,10.23,10.35,0.032864905915221,0.0,,,,,,,,False,,,,TIMING_UNRESOLVED_OR_NOT_RELEASED,False,,,,TIMING_UNRESOLVED_OR_NOT_RELEASED,2025-06,-0.30842162168934517,-2.3194444444444446,-0.2777777777777778,-0.2777777777777778,-0.5138888888888888,-0.9305555555555556,-0.08333333333333333,-0.6666666666666666,0.0,-0.8571428571428571,-1.0,0.125,0.07919168580617394,-0.16626984126984112,-1.0365079365079364,-0.8365079365079365,0.39960317460317457,-0.5551587301587302,0.14047619047619048,-0.21904761904761905,0.0,0.2857142857142857,0.6666666666666667,0.04642857142857143,-0.270369344298443,0.04113940841527178,-3.3333333333333335,0.8476190476190477,-2.1904761904761907,0.8761904761904764,-1.380952380952381,0.2666666666666666,-0.2857142857142857,0.17142857142857143,-2.2857142857142856,0.7999999999999998,0.09523809523809523,-0.03809523809523809,-0.7619047619047619,-0.12380952380952381,0.0,0.0,-0.5714285714285714,0.0,0.0,-0.3333333333333333,0.19047619047619047,-0.019047619047619035,0.7142857142857144,0,-0.5510881362241902,0,0,0,0,0,1,0,0.14285714285714285,0.19472032303027006,0.6097973503053566,0,0,0,0.19472032303027006,0.38944064606054013
2025-06,2025-06,S4_MonthEnd,4,2025-06-30 23:59:59,extended_historical_test,extended_historical_test,13.7,13.7,True,True,21.2,2025-04,2025-06-14,,CONSERVATIVE_MONTH_END_PLUS_45D_PROXY,False,2,16,21.2,2025-04,10.284,0.5853658536585371,-14.833137798109064,False,,,,,,,42,2025-06-29,-0.18344011181762107,-2.0714285714285716,0.47619047619047616,0.16666666666666666,0.38095238095238093,0.5476190476190477,2.0,4.0,6.0,-0.3333333333333333,0.14285714285714285,0.09523809523809523,-1.2380952380952381,0.23809523809523808,-0.9285714285714286,0.4523809523809524,-0.047619047619047616,0.16666666666666666,-1.2380952380952381,0.11904761904761904,0.047619047619047616,0.14285714285714285,-0.7380952380952381,0.0,0.0,0.14285714285714285,0.7142857142857143,-0.5714285714285714,information timestamp <= nowcast cutoff,verified GSS release date where available; otherwise conservative observation month-end +45 days; target month itself always excluded,0.0,,True,20.0,2025-06-30,10.25,10.31,10.23,10.35,0.0320000000000001,0.0,,,,,,,,False,,,,TIMING_UNRESOLVED_OR_NOT_RELEASED,False,,,,TIMING_UNRESOLVED_OR_NOT_RELEASED,2025-06,-0.30842162168934517,-2.3194444444444446,-0.2777777777777778,-0.2777777777777778,-0.5138888888888888,-0.9305555555555556,-0.08333333333333333,-0.6666666666666666,0.0,-0.8571428571428571,-1.0,0.125,0.1249815098717241,0.24801587301587302,-0.9603174603174603,-0.6507936507936508,0.4662698412698412,-0.30753968253968256,0.13095238095238093,-0.07142857142857151,0.0,0.2857142857142857,0.6666666666666667,0.01785714285714285,-0.22922993588317123,0.045789824065550155,-2.4857142857142858,0.41428571428571415,-1.3142857142857143,0.07619047619047614,-1.1142857142857143,0.18571428571428572,-0.11428571428571428,0.06666666666666667,-1.4857142857142858,0.24761904761904763,0.05714285714285714,-0.009523809523809525,-0.8857142857142857,0.14761904761904754,0.0,0.0,-0.5714285714285714,0.0,-0.3333333333333333,0.0,0.17142857142857143,-0.02857142857142858,-0.43333333333333357,0,-0.5022062450718197,0,0,0,0,0,1,0,0.14285714285714285,0.1751824624937557,0.6097973503053566,0,0,0,0.1751824624937557,0.3503649249875114
2025-07,2025-07,S1_Day7,1,2025-07-07 23:59:59,extended_historical_test,extended_historical_test,12.1,12.1,True,True,21.2,2025-04,2025-06-14,,CONSERVATIVE_MONTH_END_PLUS_45D_PROXY,False,3,23,21.2,2025-04,10.330925,0.1577363383879815,0.4562913263321588,False,,,,,,,4,2025-07-04,-0.059598388923757684,-5.0,1.0,0.25,0.25,0.75,0.0,0.0,0.0,0.0,0.0,0.0,0.0,0.0,0.0,0.0,0.0,0.25,0.0,0.0,0.0,0.0,0.0,0.0,0.0,0.0,0.0,0.0,information timestamp <= nowcast cutoff,verified GSS release date where available; otherwise conservative observation month-end +45 days; target month itself always excluded,0.0,,True,4.0,2025-07-07,10.3337,10.35,10.32,10.35,0.0123517964280502,0.0,,,,,,,,False,,,,TIMING_UNRESOLVED_OR_NOT_RELEASED,False,,,,TIMING_UNRESOLVED_OR_NOT_RELEASED,2025-07,-0.18344011181762107,-2.0714285714285716,-1.2380952380952381,-0.9285714285714286,-0.047619047619047616,-1.2380952380952381,0.047619047619047616,-0.7380952380952381,0.0,-0.5714285714285714,-0.3333333333333333,0.14285714285714285,0.12384172289386339,-2.9285714285714284,1.2380952380952381,0.9285714285714286,0.047619047619047616,1.2380952380952381,-0.047619047619047616,0.7380952380952381,0.0,0.5714285714285714,0.3333333333333333,-0.14285714285714285,-0.18344011181762107,0.12384172289386339,-2.0714285714285716,-2.9285714285714284,-1.2380952380952381,1.2380952380952381,-0.9285714285714286,0.9285714285714286,-0.047619047619047616,0.047619047619047616,-1.2380952380952381,1.2380952380952381,0.047619047619047616,-0.047619047619047616,-0.7380952380952381,0.7380952380952381,0.0,0.0,-0.5714285714285714,0.5714285714285714,-0.3333333333333333,0.3333333333333333,0.14285714285714285,-0.14285714285714285,-2.9285714285714284,0,-0.3453150043530006,1,1,0,1,0,0,1,0.5714285714285714,0.534955172618909,0.6097973503053566,0,0,0,0.534955172618909,1.604865517856727
2025-07,2025-07,S2_Day14,2,2025-07-14 23:59:59,extended_historical_test,extended_historical_test,12.1,12.1,True,True,21.2,2025-04,2025-06-14,,CONSERVATIVE_MONTH_END_PLUS_45D_PROXY,False,3,30,21.2,2025-04,10.35818888888889,0.6415901371241706,0.7214010977138141,False,,,,,,,15,2025-07-12,-0.01589290371300205,-1.3333333333333333,0.6,0.06666666666666667,0.06666666666666667,0.5333333333333333,0.0,0.0,0.0,0.0,0.0,0.0,0.0,0.3333333333333333,0.0,0.26666666666666666,0.0,0.13333333333333333,0.0,0.06666666666666667,0.0,0.0,0.0,0.2,0.0,0.0,0.0,0.0,information timestamp <= nowcast cutoff,verified GSS release date where available; otherwise conservative observation month-end +45 days; target month itself always excluded,0.0,,True,9.0,2025-07-14,10.3337,10.4,10.32,10.4,0.0315562441239429,0.0,,,,,,,,False,,,,TIMING_UNRESOLVED_OR_NOT_RELEASED,False,,,,TIMING_UNRESOLVED_OR_NOT_RELEASED,2025-07,-0.18344011181762107,-2.0714285714285716,-1.2380952380952381,-0.9285714285714286,-0.047619047619047616,-1.2380952380952381,0.047619047619047616,-0.7380952380952381,0.0,-0.5714285714285714,-0.3333333333333333,0.14285714285714285,0.167547208104619,0.7380952380952384,1.2380952380952381,0.9285714285714286,0.047619047619047616,1.2380952380952381,-0.047619047619047616,0.7380952380952381,0.0,0.5714285714285714,0.3333333333333333,-0.14285714285714285,-0.059598388923757684,0.04370548521075564,-5.0,3.666666666666667,0.0,0.0,0.0,0.0,0.0,0.0,0.0,0.0,0.0,0.0,0.0,0.0,0.0,0.0,0.0,0.0,0.0,0.0,0.0,0.0,6.595238095238095,0,-0.20397403087176852,1,1,0,1,0,0,1,0.5714285714285714,0.35891022485031665,0.6097973503053566,0,0,0,0.35891022485031665,1.07673067455095
2025-07,2025-07,S3_Day21,3,2025-07-21 23:59:59,extended_historical_test,extended_historical_test,12.1,12.1,True,True,18.4,2025-05,2025-07-15,,CONSERVATIVE_MONTH_END_PLUS_45D_PROXY,False,2,6,18.4,2025-05,10.38312142857143,1.1254439358603374,0.9638411957548554,False,,,,,,,27,2025-07-21,-0.154006806216232,-2.259259259259259,0.5555555555555556,0.07407407407407407,0.2222222222222222,0.5555555555555556,1.0,0.0,1.0,1.0,0.037037037037037035,0.037037037037037035,0.0,0.2962962962962963,-0.1111111111111111,0.18518518518518517,0.0,0.25925925925925924,-1.4444444444444444,0.14814814814814814,0.07407407407407407,0.037037037037037035,-0.14814814814814814,0.1111111111111111,0.0,0.14285714285714285,0.42857142857142855,-0.2857142857142857,information timestamp <= nowcast cutoff,verified GSS release date where available; otherwise conservative observation month-end +45 days; target month itself always excluded,0.0,,True,14.0,2025-07-21,10.3337,10.45,10.32,10.45,0.0430176737527964,0.0,,,,,,,,False,,,,TIMING_UNRESOLVED_OR_NOT_RELEASED,False,,,,TIMING_UNRESOLVED_OR_NOT_RELEASED,2025-07,-0.18344011181762107,-2.0714285714285716,-1.2380952380952381,-0.9285714285714286,-0.047619047619047616,-1.2380952380952381,0.047619047619047616,-0.7380952380952381,0.0,-0.5714285714285714,-0.3333333333333333,0.14285714285714285,0.02943330560138907,-0.18783068783068746,1.2380952380952381,0.8174603174603174,0.047619047619047616,-0.20634920634920628,0.026455026455026454,0.58994708994709,0.0,0.2857142857142857,1.3333333333333333,-0.10582010582010581,-0.01589290371300205,-0.13811390250322994,-1.3333333333333333,-0.9259259259259258,0.0,0.0,0.0,-0.1111111111111111,0.0,0.0,0.0,-1.4444444444444444,0.0,0.07407407407407407,0.0,-0.14814814814814814,0.0,0.0,0.0,-0.2857142857142857,0.0,1.0,0.0,0.037037037037037035,-4.592592592592593,0,-0.26381673676508366,1,0,0,0,0,0,0,0.14285714285714285,0.22685650204411364,0.6097973503053566,0,0,0,0.22685650204411364,0.4537130040882273
2025-07,2025-07,S4_MonthEnd,4,2025-07-31 23:59:59,extended_historical_test,extended_historical_test,12.1,12.1,True,True,18.4,2025-05,2025-07-15,,CONSERVATIVE_MONTH_END_PLUS_45D_PROXY,False,2,16,18.4,2025-05,10.416986363636362,1.6092977345965045,1.2931385028817743,False,,,,,,,66,2025-07-31,-0.12464224984420019,-1.803030303030303,0.6212121212121212,0.09090909090909091,0.22727272727272727,0.5454545454545454,2.0,0.0,2.0,1.0,0.030303030303030304,0.015151515151515152,0.0,0.2878787878787879,-0.18181818181818182,0.12121212121212122,0.07575757575757576,0.3181818181818182,-1.6818181818181819,0.3484848484848485,-0.10606060606060606,0.045454545454545456,-0.06060606060606061,0.045454545454545456,0.0,0.14285714285714285,0.5714285714285714,-0.42857142857142855,information timestamp <= nowcast cutoff,verified GSS release date where available; otherwise conservative observation month-end +45 days; target month itself always excluded,0.0,,True,22.0,2025-07-31,10.3337,10.5,10.32,10.5,0.0579372253976392,0.0,,,,,,,,False,,,,TIMING_UNRESOLVED_OR_NOT_RELEASED,False,,,,TIMING_UNRESOLVED_OR_NOT_RELEASED,2025-07,-0.18344011181762107,-2.0714285714285716,-1.2380952380952381,-0.9285714285714286,-0.047619047619047616,-1.2380952380952381,0.047619047619047616,-0.7380952380952381,0.0,-0.5714285714285714,-0.3333333333333333,0.14285714285714285,0.05879786197342088,0.26839826839826864,1.2380952380952381,0.7467532467532467,0.12337662337662338,-0.44372294372294374,-0.1536796536796537,0.6774891774891776,0.0,0.14285714285714285,1.3333333333333333,-0.11255411255411255,-0.154006806216232,0.029364556372031808,-2.259259259259259,0.4562289562289561,0.0,0.0,-0.1111111111111111,-0.07070707070707072,0.0,0.07575757575757576,-1.4444444444444444,-0.23737373737373746,0.07407407407407407,-0.18013468013468015,-0.14814814814814814,0.08754208754208753,0.0,0.0,-0.2857142857142857,-0.14285714285714285,1.0,0.0,0.037037037037037035,-0.006734006734006731,1.382154882154882,0,-0.23523298889836897,1,0,1,0,0,1,0,0.42857142857142855,0.2016423214007234,0.6097973503053566,0,0,0,0.2016423214007234,0.4032846428014468
2025-08,2025-08,S1_Day7,1,2025-08-07 23:59:59,extended_historical_test,extended_historical_test,11.5,11.5,True,True,18.4,2025-05,2025-07-15,,CONSERVATIVE_MONTH_END_PLUS_45D_PROXY,False,3,23,18.4,2025-05,10.522,0.0,1.008099969586418,False,,,,,,,7,2025-08-06,0.16088548777378645,2.7142857142857144,0.42857142857142855,0.2857142857142857,0.14285714285714285,0.5714285714285714,1.0,1.0,2.0,0.0,0.2857142857142857,0.14285714285714285,0.0,0.0,0.0,0.14285714285714285,-0.42857142857142855,0.42857142857142855,0.5714285714285714,0.14285714285714285,0.0,0.2857142857142857,2.142857142857143,0.0,0.0,0.2857142857142857,0.14285714285714285,0.14285714285714285,information timestamp <= nowcast cutoff,verified GSS release date where available; otherwise conservative observation month-end +45 days; target month itself always excluded,0.0,,True,5.0,2025-08-07,10.5,10.5,10.5,10.55,0.0231516738055808,0.0,,,,,,,,False,,,,TIMING_UNRESOLVED_OR_NOT_RELEASED,False,,,,TIMING_UNRESOLVED_OR_NOT_RELEASED,2025-08,-0.12464224984420019,-1.803030303030303,0.0,-0.18181818181818182,0.07575757575757576,-1.6818181818181819,-0.10606060606060606,-0.06060606060606061,0.0,-0.42857142857142855,1.0,0.030303030303030304,0.28552773761798667,4.517316017316017,0.0,0.18181818181818182,-0.5043290043290043,2.2532467532467533,0.10606060606060606,2.2034632034632033,0.0,0.5714285714285714,-1.0,0.2554112554112554,-0.12464224984420019,0.28552773761798667,-1.803030303030303,4.517316017316017,0.0,0.0,-0.18181818181818182,0.18181818181818182,0.07575757575757576,-0.5043290043290043,-1.6818181818181819,2.2532467532467533,-0.10606060606060606,0.10606060606060606,-0.06060606060606061,2.2034632034632033,0.0,0.0,-0.42857142857142855,0.5714285714285714,1.0,-1.0,0.030303030303030304,0.2554112554112554,4.517316017316017,1,0.37154129953418624,0,1,1,1,0,1,1,0.7142857142857143,0.8891996326550227,0.6097973503053566,1,1,0,0.8891996326550227,2.667598897965068
2025-08,2025-08,S2_Day14,2,2025-08-14 23:59:59,extended_historical_test,extended_historical_test,11.5,11.5,True,True,13.7,2025-06,2025-08-14,,CONSERVATIVE_MONTH_END_PLUS_45D_PROXY,False,2,0,13.7,2025-06,10.59906,2.857142857142869,1.7478532658852464,False,,,,,,,22,2025-08-14,-0.022350019806309546,-0.4090909090909091,0.5909090909090909,0.22727272727272727,0.22727272727272727,0.6818181818181818,3.0,2.0,5.0,0.2,0.22727272727272727,0.045454545454545456,0.0,0.22727272727272727,0.13636363636363635,0.18181818181818182,-0.045454545454545456,0.4090909090909091,-1.4545454545454546,0.09090909090909091,0.0,0.22727272727272727,0.5454545454545454,0.0,0.0,0.2857142857142857,0.2857142857142857,0.0,information timestamp <= nowcast cutoff,verified GSS release date where available; otherwise conservative observation month-end +45 days; target month itself always excluded,0.0,,True,10.0,2025-08-14,10.5,10.8,10.5,10.8,0.0983216781793315,0.0,,,,,,,,False,,,,TIMING_UNRESOLVED_OR_NOT_RELEASED,False,,,,TIMING_UNRESOLVED_OR_NOT_RELEASED,2025-08,-0.12464224984420019,-1.803030303030303,0.0,-0.18181818181818182,0.07575757575757576,-1.6818181818181819,-0.10606060606060606,-0.06060606060606061,0.0,-0.42857142857142855,1.0,0.030303030303030304,0.10229223003789065,1.3939393939393938,0.0,0.3181818181818182,-0.12121212121212122,0.2272727272727273,0.10606060606060606,0.606060606060606,0.0,0.42857142857142855,-0.8,0.19696969696969696,0.16088548777378645,-0.183235507580096,2.7142857142857144,-3.1233766233766236,0.0,0.0,0.0,0.13636363636363635,-0.42857142857142855,0.3831168831168831,0.5714285714285714,-2.025974025974026,0.0,0.0,2.142857142857143,-1.5974025974025974,0.0,0.0,0.14285714285714285,-0.14285714285714285,0.0,0.2,0.2857142857142857,-0.05844155844155843,-7.640692640692641,0,-0.026053721216185037,0,1,1,1,0,1,0,0.5714285714285714,0.5392816293580388,0.6097973503053566,0,0,0,0.5392816293580388,1.0785632587160776
2025-08,2025-08,S3_Day21,3,2025-08-21 23:59:59,extended_historical_test,extended_historical_test,11.5,11.5,True,True,13.7,2025-06,2025-08-14,,CONSERVATIVE_MONTH_END_PLUS_45D_PROXY,False,2,7,13.7,2025-06,10.667366666666664,4.285714285714271,2.403577141123381,False,,,,,,,28,2025-08-20,-0.08673007666417931,-0.7857142857142857,0.6071428571428571,0.21428571428571427,0.2857142857142857,0.6785714285714286,3.0,2.0,5.0,0.2,0.17857142857142858,0.03571428571428571,0.0,0.21428571428571427,0.21428571428571427,0.14285714285714285,-0.03571428571428571,0.35714285714285715,-1.3571428571428572,0.10714285714285714,0.0,0.21428571428571427,0.2857142857142857,0.0,0.0,0.2857142857142857,0.2857142857142857,0.0,information timestamp <= nowcast cutoff,verified GSS release date where available; otherwise conservative observation month-end +45 days; target month itself always excluded,0.0,,True,15.0,2025-08-21,10.5,10.95,10.5,10.95,0.1371049119794359,0.0,,,,,,,,False,,,,TIMING_UNRESOLVED_OR_NOT_RELEASED,False,,,,TIMING_UNRESOLVED_OR_NOT_RELEASED,2025-08,-0.12464224984420019,-1.803030303030303,0.0,-0.18181818181818182,0.07575757575757576,-1.6818181818181819,-0.10606060606060606,-0.06060606060606061,0.0,-0.42857142857142855,1.0,0.030303030303030304,0.03791217318002088,1.0173160173160172,0.0,0.39610389610389607,-0.11147186147186147,0.3246753246753247,0.10606060606060606,0.3463203463203463,0.0,0.42857142857142855,-0.8,0.14826839826839827,-0.022350019806309546,-0.06438005685786977,-0.4090909090909091,-0.3766233766233766,0.0,0.0,0.13636363636363635,0.07792207792207792,-0.045454545454545456,0.009740259740259744,-1.4545454545454546,0.09740259740259738,0.0,0.0,0.5454545454545454,-0.2597402597402597,0.0,0.0,0.0,0.0,0.2,0.0,0.22727272727272727,-0.04870129870129869,2.746753246753247,0,-0.09242324854748496,0,1,1,1,0,1,0,0.5714285714285714,0.4638906836398194,0.6097973503053566,0,0,0,0.4638906836398194,0.9277813672796388
2025-08,2025-08,S4_MonthEnd,4,2025-08-31 23:59:59,extended_historical_test,extended_historical_test,11.5,11.5,True,True,13.7,2025-06,2025-08-14,,CONSERVATIVE_MONTH_END_PLUS_45D_PROXY,False,2,17,13.7,2025-06,10.787642857142858,8.571428571428585,3.5581931334803807,False,,,,,,,42,2025-08-29,-0.062142460630808166,-1.2619047619047619,0.5476190476190477,0.21428571428571427,0.2619047619047619,0.6190476190476191,4.0,2.0,6.0,0.3333333333333333,0.14285714285714285,0.047619047619047616,-0.047619047619047616,0.3333333333333333,-0.5476190476190477,0.14285714285714285,-0.8809523809523809,0.30952380952380953,-1.7619047619047619,0.07142857142857142,0.0,0.16666666666666666,0.19047619047619047,0.0,0.0,0.14285714285714285,0.5714285714285714,-0.42857142857142855,information timestamp <= nowcast cutoff,verified GSS release date where available; otherwise conservative observation month-end +45 days; target month itself always excluded,0.0,,True,21.0,2025-08-29,10.5,11.4,10.5,11.4,0.2422644846943474,0.0,,,,,,,,False,,,,TIMING_UNRESOLVED_OR_NOT_RELEASED,False,,,,TIMING_UNRESOLVED_OR_NOT_RELEASED,2025-08,-0.12464224984420019,-1.803030303030303,0.0,-0.18181818181818182,0.07575757575757576,-1.6818181818181819,-0.10606060606060606,-0.06060606060606061,0.0,-0.42857142857142855,1.0,0.030303030303030304,0.062499789213392026,0.5411255411255411,-0.047619047619047616,-0.36580086580086585,-0.9567099567099567,-0.08008658008657998,0.10606060606060606,0.2510822510822511,0.0,0.0,-0.6666666666666667,0.11255411255411255,-0.08673007666417931,0.024587616033371146,-0.7857142857142857,-0.47619047619047616,0.0,-0.047619047619047616,0.21428571428571427,-0.761904761904762,-0.03571428571428571,-0.8452380952380952,-1.3571428571428572,-0.40476190476190466,0.0,0.0,0.2857142857142857,-0.09523809523809523,0.0,0.0,0.0,-0.42857142857142855,0.2,0.1333333333333333,0.17857142857142858,-0.035714285714285726,-0.09956709956709958,0,-0.27586403143196053,0,0,1,1,0,1,0,0.42857142857142855,0.2141990295757023,0.6097973503053566,0,0,0,0.2141990295757023,0.4283980591514046
2025-09,2025-09,S1_Day7,1,2025-09-07 23:59:59,formal_frozen_test,formal_frozen_test,9.4,9.4,True,True,13.7,2025-06,2025-08-14,,CONSERVATIVE_MONTH_END_PLUS_45D_PROXY,False,3,24,13.7,2025-06,11.832,3.1034482758620863,9.681050408205149,False,,,,,,,6,2025-09-04,-0.24163534604516382,-7.833333333333333,0.6666666666666666,0.3333333333333333,0.5,0.6666666666666666,0.0,0.0,0.0,0.0,0.0,0.3333333333333333,-7.333333333333333,0.16666666666666666,1.0,0.3333333333333333,0.5,0.16666666666666666,-2.0,0.0,0.0,0.16666666666666666,-2.0,0.0,0.0,0.2857142857142857,0.42857142857142855,-0.14285714285714285,information timestamp <= nowcast cutoff,verified GSS release date where available; otherwise conservative observation month-end +45 days; target month itself always excluded,0.0,,True,5.0,2025-09-05,11.6,11.96,11.6,11.96,0.1381882773609977,0.0,,,,,,,,False,,,,TIMING_UNRESOLVED_OR_NOT_RELEASED,False,,,,TIMING_UNRESOLVED_OR_NOT_RELEASED,2025-09,-0.062142460630808166,-1.2619047619047619,-0.047619047619047616,-0.5476190476190477,-0.8809523809523809,-1.7619047619047619,0.0,0.19047619047619047,0.0,-0.42857142857142855,0.3333333333333333,0.14285714285714285,-0.17949288541435565,-6.571428571428571,-7.285714285714286,1.5476190476190477,1.380952380952381,-0.23809523809523814,0.0,-2.1904761904761907,0.0,0.2857142857142857,-0.3333333333333333,-0.14285714285714285,-0.062142460630808166,-0.17949288541435565,-1.2619047619047619,-6.571428571428571,-0.047619047619047616,-7.285714285714286,-0.5476190476190477,1.5476190476190477,-0.8809523809523809,1.380952380952381,-1.7619047619047619,-0.23809523809523814,0.0,0.0,0.19047619047619047,-2.1904761904761907,0.0,0.0,-0.42857142857142855,0.2857142857142857,0.3333333333333333,-0.3333333333333333,0.14285714285714285,-0.14285714285714285,-6.571428571428571,0,-0.4890196416150653,0,1,1,1,0,0,0,0.42857142857142855,0.5557450175593681,0.6097973503053566,0,0,0,0.5557450175593681,1.6672350526781043
2025-09,2025-09,S2_Day14,2,2025-09-14 23:59:59,formal_frozen_test,formal_frozen_test,9.4,9.4,True,True,12.1,2025-07,2025-09-14,,CONSERVATIVE_MONTH_END_PLUS_45D_PROXY,False,2,0,12.1,2025-07,11.968,4.74137931034484,10.9417521370351,False,,,,,,,12,2025-09-13,-0.14331761479404684,-4.166666666666667,0.4166666666666667,0.25,0.3333333333333333,0.5,0.0,0.0,0.0,0.0,0.0,0.16666666666666666,-3.6666666666666665,0.5,0.75,0.16666666666666666,0.25,0.08333333333333333,-1.0,0.0,0.0,0.08333333333333333,-1.0,0.0,0.0,0.2857142857142857,0.42857142857142855,-0.14285714285714285,information timestamp <= nowcast cutoff,verified GSS release date where available; otherwise conservative observation month-end +45 days; target month itself always excluded,0.0,,True,10.0,2025-09-12,11.6,12.15,11.6,12.15,0.1690443728729235,0.0,,,,,,,,False,,,,TIMING_UNRESOLVED_OR_NOT_RELEASED,False,,,,TIMING_UNRESOLVED_OR_NOT_RELEASED,2025-09,-0.062142460630808166,-1.2619047619047619,-0.047619047619047616,-0.5476190476190477,-0.8809523809523809,-1.7619047619047619,0.0,0.19047619047619047,0.0,-0.42857142857142855,0.3333333333333333,0.14285714285714285,-0.08117515416323867,-2.904761904761905,-3.619047619047619,1.2976190476190477,1.130952380952381,0.7619047619047619,0.0,-1.1904761904761905,0.0,0.2857142857142857,-0.3333333333333333,-0.14285714285714285,-0.24163534604516382,0.09831773125111698,-7.833333333333333,3.666666666666666,-7.333333333333333,3.6666666666666665,1.0,-0.25,0.5,-0.25,-2.0,1.0,0.0,0.0,-2.0,1.0,0.0,0.0,-0.14285714285714285,0.0,0.0,0.0,0.0,0.0,10.238095238095237,0,-0.46900132722868426,0,1,1,1,0,0,0,0.42857142857142855,0.5207890566841344,0.6097973503053566,0,0,0,0.5207890566841344,1.0415781133682689
2025-09,2025-09,S3_Day21,3,2025-09-21 23:59:59,formal_frozen_test,formal_frozen_test,9.4,9.4,True,True,12.1,2025-07,2025-09-14,,CONSERVATIVE_MONTH_END_PLUS_45D_PROXY,False,2,7,12.1,2025-07,12.056666666666668,5.7758620689655205,11.763680224948736,False,,,,,,,26,2025-09-21,-0.2105665278847596,-4.423076923076923,0.5384615384615384,0.23076923076923078,0.4230769230769231,0.6153846153846154,2.0,0.0,2.0,1.0,0.07692307692307693,0.07692307692307693,-1.6923076923076923,0.2692307692307692,0.5,0.34615384615384615,-1.3461538461538463,0.5,-3.1153846153846154,0.0,0.0,0.038461538461538464,-0.46153846153846156,0.0,0.0,0.14285714285714285,0.5714285714285714,-0.42857142857142855,information timestamp <= nowcast cutoff,verified GSS release date where available; otherwise conservative observation month-end +45 days; target month itself always excluded,0.0,,True,15.0,2025-09-19,11.6,12.27,11.6,12.27,0.1872134847944689,0.0,,,,,,,,False,,,,TIMING_UNRESOLVED_OR_NOT_RELEASED,False,,,,TIMING_UNRESOLVED_OR_NOT_RELEASED,2025-09,-0.062142460630808166,-1.2619047619047619,-0.047619047619047616,-0.5476190476190477,-0.8809523809523809,-1.7619047619047619,0.0,0.19047619047619047,0.0,-0.42857142857142855,0.3333333333333333,0.14285714285714285,-0.14842406725395144,-3.1611721611721615,-1.6446886446886446,1.0476190476190477,-0.4652014652014653,-1.3534798534798536,0.0,-0.652014652014652,0.0,0.0,0.6666666666666667,-0.06593406593406592,-0.14331761479404684,-0.06724891309071276,-4.166666666666667,-0.2564102564102564,-3.6666666666666665,1.9743589743589742,0.75,-0.25,0.25,-1.5961538461538463,-1.0,-2.1153846153846154,0.0,0.0,-1.0,0.5384615384615384,0.0,0.0,-0.14285714285714285,-0.2857142857142857,0.0,1.0,0.0,0.07692307692307693,-3.9230769230769225,0,-0.46112630915725167,0,1,0,1,0,0,0,0.2857142857142857,0.5327567050508308,0.6097973503053566,0,0,0,0.5327567050508308,1.0655134101016617
2025-09,2025-09,S4_MonthEnd,4,2025-09-30 23:59:59,formal_frozen_test,formal_frozen_test,9.4,9.4,True,True,12.1,2025-07,2025-09-14,,CONSERVATIVE_MONTH_END_PLUS_45D_PROXY,False,2,16,12.1,2025-07,12.1443,7.068965517241388,12.576029451687454,True,13.2,13.2,0.0,13.6,13.6,0.0,43,2025-09-30,-0.08533675675497616,-2.2790697674418605,0.5813953488372093,0.23255813953488372,0.3023255813953488,0.5116279069767442,4.0,0.0,4.0,1.0,0.09302325581395349,0.06976744186046512,-0.8372093023255814,0.20930232558139536,0.3023255813953488,0.32558139534883723,-0.46511627906976744,0.37209302325581395,-2.0232558139534884,0.0,0.0,0.023255813953488372,-0.27906976744186046,0.09302325581395349,0.09302325581395349,0.2857142857142857,0.5714285714285714,-0.2857142857142857,information timestamp <= nowcast cutoff,verified GSS release date where available; otherwise conservative observation month-end +45 days; target month itself always excluded,0.0,,True,21.0,2025-09-30,11.6,12.42,11.6,12.42,0.2120055929181384,2.0,2025-09-30,13.2,13.2,13.2,13.6,13.6,13.6,False,,,,TIMING_UNRESOLVED_OR_NOT_RELEASED,False,,,,TIMING_UNRESOLVED_OR_NOT_RELEASED,2025-09,-0.062142460630808166,-1.2619047619047619,-0.047619047619047616,-0.5476190476190477,-0.8809523809523809,-1.7619047619047619,0.0,0.19047619047619047,0.0,-0.42857142857142855,0.3333333333333333,0.14285714285714285,-0.023194296124168,-1.0171650055370987,-0.7895902547065339,0.8499446290143965,0.4158361018826135,-0.26135105204872655,0.0,-0.4695459579180509,0.09302325581395349,0.14285714285714285,0.6666666666666667,-0.04983388704318936,-0.2105665278847596,0.12522977112978345,-4.423076923076923,2.144007155635063,-1.6923076923076923,0.8550983899821109,0.5,-0.19767441860465118,-1.3461538461538463,0.8810375670840789,-3.1153846153846154,1.092128801431127,0.0,0.0,-0.46153846153846156,0.1824686940966011,0.0,0.09302325581395349,-0.42857142857142855,0.14285714285714285,1.0,0.0,0.07692307692307693,0.01610017889087656,2.400417412045319,0,-0.32052083672453535,0,1,0,1,0,0,0,0.2857142857142857,0.3713776583620221,0.6097973503053566,0,0,0,0.3713776583620221,0.7427553167240442
2025-10,2025-10,S1_Day7,1,2025-10-07 23:59:59,formal_frozen_test,formal_frozen_test,8.0,8.0,True,True,12.1,2025-07,2025-09-14,,CONSERVATIVE_MONTH_END_PLUS_45D_PROXY,False,3,23,12.1,2025-07,12.502,-0.3212851405622441,2.9454147213095583,True,13.264,13.3,0.7575757575757791,13.636,13.65,0.3676470588235281,12,2025-10-07,-0.1123482791691436,-0.8333333333333334,0.5833333333333334,0.16666666666666666,0.25,0.8333333333333334,0.0,0.0,0.0,0.0,0.0,0.16666666666666666,-0.8333333333333334,0.25,0.0,0.3333333333333333,0.5,0.3333333333333333,-0.5,0.0,0.0,0.08333333333333333,0.3333333333333333,0.0,0.0,0.2857142857142857,0.2857142857142857,0.0,information timestamp <= nowcast cutoff,verified GSS release date where available; otherwise conservative observation month-end +45 days; target month itself always excluded,0.0,,True,5.0,2025-10-07,12.45,12.41,12.41,12.55,0.060133185513492,5.0,2025-10-07,13.2,13.2,13.3,13.6,13.6,13.65,False,,,,TIMING_UNRESOLVED_OR_NOT_RELEASED,False,,,,TIMING_UNRESOLVED_OR_NOT_RELEASED,2025-10,-0.08533675675497616,-2.2790697674418605,-0.8372093023255814,0.3023255813953488,-0.46511627906976744,-2.0232558139534884,0.0,-0.27906976744186046,0.09302325581395349,-0.2857142857142857,1.0,0.09302325581395349,-0.027011522414167433,1.445736434108527,0.003875968992248069,-0.3023255813953488,0.9651162790697674,1.5232558139534884,0.0,0.6124031007751938,-0.09302325581395349,0.2857142857142857,-1.0,-0.09302325581395349,-0.08533675675497616,-0.027011522414167433,-2.2790697674418605,1.445736434108527,-0.8372093023255814,0.003875968992248069,0.3023255813953488,-0.3023255813953488,-0.46511627906976744,0.9651162790697674,-2.0232558139534884,1.5232558139534884,0.0,0.0,-0.27906976744186046,0.6124031007751938,0.09302325581395349,-0.09302325581395349,-0.2857142857142857,0.2857142857142857,1.0,-1.0,0.09302325581395349,-0.09302325581395349,1.445736434108527,0,-0.15605337643257344,0,1,1,1,0,0,0,0.42857142857142855,0.36648425679107105,0.6097973503053566,0,0,0,0.36648425679107105,1.099452770373213
2025-10,2025-10,S2_Day14,2,2025-10-14 23:59:59,formal_frozen_test,formal_frozen_test,8.0,8.0,True,True,12.1,2025-07,2025-09-14,,CONSERVATIVE_MONTH_END_PLUS_45D_PROXY,False,3,30,12.1,2025-07,12.2725,-8.032128514056225,1.0556392710983742,True,13.293450000000002,13.3229,0.9310606060606076,13.643,13.65,0.3676470588235281,23,2025-10-14,-0.21850595557811056,-1.5217391304347827,0.6521739130434783,0.17391304347826086,0.391304347826087,0.8260869565217391,1.0,0.0,1.0,1.0,0.043478260869565216,0.13043478260869565,-0.21739130434782608,0.21739130434782608,0.2608695652173913,0.2608695652173913,0.21739130434782608,0.34782608695652173,-1.0434782608695652,0.08695652173913043,-0.2608695652173913,0.043478260869565216,0.17391304347826086,0.0,0.0,0.42857142857142855,0.42857142857142855,0.0,information timestamp <= nowcast cutoff,verified GSS release date where available; otherwise conservative observation month-end +45 days; target month itself always excluded,0.0,,True,10.0,2025-10-14,12.45,11.45,11.45,12.55,0.3354493255321885,10.0,2025-10-14,13.2,13.2,13.3229,13.6,13.6,13.65,False,,,,TIMING_UNRESOLVED_OR_NOT_RELEASED,False,,,,TIMING_UNRESOLVED_OR_NOT_RELEASED,2025-10,-0.08533675675497616,-2.2790697674418605,-0.8372093023255814,0.3023255813953488,-0.46511627906976744,-2.0232558139534884,0.0,-0.27906976744186046,0.09302325581395349,-0.2857142857142857,1.0,0.09302325581395349,-0.13316919882313438,0.7573306370070778,0.6198179979777554,-0.04145601617795752,0.6825075834175935,0.9797775530839232,-0.2608695652173913,0.4529828109201213,-0.09302325581395349,0.2857142857142857,0.0,-0.04954499494438827,-0.1123482791691436,-0.10615767640896696,-0.8333333333333334,-0.6884057971014493,-0.8333333333333334,0.6159420289855073,0.0,0.2608695652173913,0.5,-0.28260869565217395,-0.5,-0.5434782608695652,0.0,-0.2608695652173913,0.3333333333333333,-0.15942028985507245,0.0,0.0,0.0,0.0,0.0,1.0,0.0,0.043478260869565216,-2.1341422312099763,0,-0.15184077079916464,0,0,1,1,0,1,0,0.42857142857142855,0.32367700266902644,0.6097973503053566,0,0,0,0.32367700266902644,0.9710310080070793
2025-10,2025-10,S3_Day21,3,2025-10-21 23:59:59,formal_frozen_test,formal_frozen_test,8.0,8.0,True,True,11.5,2025-08,2025-10-15,,CONSERVATIVE_MONTH_END_PLUS_45D_PROXY,False,2,6,11.5,2025-08,11.795,-13.654618473895574,-2.876246469537158,True,13.28216,13.165,-0.2651515151515182,13.624333333333334,13.5,-0.7352941176470562,36,2025-10-20,-0.23753026544739875,-1.6111111111111112,0.5833333333333334,0.1388888888888889,0.4444444444444444,0.7222222222222222,1.0,0.0,1.0,1.0,0.027777777777777776,0.1388888888888889,-0.5833333333333334,0.3055555555555556,-0.1111111111111111,0.2222222222222222,0.08333333333333333,0.2777777777777778,-0.5555555555555556,0.05555555555555555,-0.16666666666666666,0.027777777777777776,0.1111111111111111,0.0,0.0,0.2857142857142857,0.5714285714285714,-0.2857142857142857,information timestamp <= nowcast cutoff,verified GSS release date where available; otherwise conservative observation month-end +45 days; target month itself always excluded,0.0,,True,15.0,2025-10-21,12.45,10.75,10.7,12.55,0.7385774615209072,15.0,2025-10-21,13.2,13.165,13.3479,13.6,13.5,13.65,False,,,,TIMING_UNRESOLVED_OR_NOT_RELEASED,False,,,,TIMING_UNRESOLVED_OR_NOT_RELEASED,2025-10,-0.08533675675497616,-2.2790697674418605,-0.8372093023255814,0.3023255813953488,-0.46511627906976744,-2.0232558139534884,0.0,-0.27906976744186046,0.09302325581395349,-0.2857142857142857,1.0,0.09302325581395349,-0.1521935086924226,0.6679586563307494,0.25387596899224807,-0.4134366925064599,0.5484496124031008,1.4677002583979328,-0.16666666666666666,0.39018087855297157,-0.09302325581395349,0.0,0.0,-0.06524547803617571,-0.21850595557811056,-0.019024309869288186,-1.5217391304347827,-0.08937198067632846,-0.21739130434782608,-0.3659420289855073,0.2608695652173913,-0.3719806763285024,0.21739130434782608,-0.13405797101449274,-1.0434782608695652,0.4879227053140096,-0.2608695652173913,0.09420289855072464,0.17391304347826086,-0.06280193236714976,0.0,0.0,0.0,-0.2857142857142857,1.0,0.0,0.043478260869565216,-0.01570048309178744,0.5990338164251209,0,-0.23894250895525515,0,1,1,1,0,1,0,0.5714285714285714,0.22739445663116412,0.6097973503053566,0,0,0,0.22739445663116412,0.45478891326232823
2025-10,2025-10,S4_MonthEnd,4,2025-10-31 23:59:59,formal_frozen_test,formal_frozen_test,8.0,8.0,True,True,11.5,2025-08,2025-10-15,,CONSERVATIVE_MONTH_END_PLUS_45D_PROXY,False,2,16,11.5,2025-08,11.460652173913044,-12.449799196787136,-5.629372018864453,True,13.20214168797954,13.0,-1.5151515151515138,13.565869565217394,13.43,-1.2499999999999956,50,2025-10-30,-0.17383708656674265,-0.94,0.66,0.18,0.42,0.68,1.0,1.0,2.0,0.0,0.04,0.14,-0.58,0.24,-0.24,0.2,-0.08,0.28,-0.08,0.06,-0.16,0.02,0.08,0.0,0.0,0.14285714285714285,0.7142857142857143,-0.5714285714285714,information timestamp <= nowcast cutoff,verified GSS release date where available; otherwise conservative observation month-end +45 days; target month itself always excluded,0.0,,True,23.0,2025-10-31,12.45,10.9,10.7,12.55,0.7526219449766873,23.0,2025-10-31,13.2,13.0,13.3479,13.6,13.43,13.65,False,,,,TIMING_UNRESOLVED_OR_NOT_RELEASED,False,,,,TIMING_UNRESOLVED_OR_NOT_RELEASED,2025-10,-0.08533675675497616,-2.2790697674418605,-0.8372093023255814,0.3023255813953488,-0.46511627906976744,-2.0232558139534884,0.0,-0.27906976744186046,0.09302325581395349,-0.2857142857142857,1.0,0.09302325581395349,-0.08850032981176649,1.3390697674418606,0.2572093023255815,-0.5423255813953488,0.3851162790697674,1.9432558139534883,-0.16,0.3590697674418605,-0.09302325581395349,-0.2857142857142857,-1.0,-0.053023255813953486,-0.23753026544739875,0.06369317888065609,-1.6111111111111112,0.6711111111111112,-0.5833333333333334,0.0033333333333334103,-0.1111111111111111,-0.1288888888888889,0.08333333333333333,-0.16333333333333333,-0.5555555555555556,0.47555555555555556,-0.16666666666666666,0.006666666666666654,0.1111111111111111,-0.031111111111111103,0.0,0.0,-0.2857142857142857,-0.2857142857142857,1.0,-1.0,0.027777777777777776,0.012222222222222225,0.7604830917874397,0,-0.24217550544350028,0,1,0,1,0,1,0,0.42857142857142855,0.3362162862488809,0.6097973503053566,0,0,0,0.3362162862488809,0.6724325724977618
2025-11,2025-11,S1_Day7,1,2025-11-07 23:59:59,formal_frozen_test,formal_frozen_test,6.3,6.3,True,True,11.5,2025-08,2025-10-15,,CONSERVATIVE_MONTH_END_PLUS_45D_PROXY,False,3,23,11.5,2025-08,10.914,0.1834862385321045,-4.769817333409221,True,12.814000000000002,12.7,-2.157164869029282,13.110000000000005,12.95,-2.9962546816479474,7,2025-11-06,-0.6397791229127262,-10.857142857142858,0.7142857142857143,0.0,0.7142857142857143,0.42857142857142855,0.0,0.0,0.0,0.0,0.0,0.2857142857142857,-8.0,0.14285714285714285,-0.42857142857142855,0.14285714285714285,-0.7142857142857143,0.2857142857142857,-0.42857142857142855,0.0,0.0,0.14285714285714285,-4.857142857142857,0.0,0.0,0.0,0.7142857142857143,-0.7142857142857143,information timestamp <= nowcast cutoff,verified GSS release date where available; otherwise conservative observation month-end +45 days; target month itself always excluded,0.0,,True,5.0,2025-11-07,10.9,10.92,10.9,10.92,0.0073484692283493,5.0,2025-11-07,12.98,12.7,12.98,13.35,12.95,13.35,False,,,,TIMING_UNRESOLVED_OR_NOT_RELEASED,False,,,,TIMING_UNRESOLVED_OR_NOT_RELEASED,2025-11,-0.17383708656674265,-0.94,-0.58,-0.24,-0.08,-0.08,-0.16,0.08,0.0,-0.5714285714285714,0.0,0.04,-0.4659420363459835,-9.917142857142858,-7.42,-0.18857142857142856,-0.6342857142857143,-0.34857142857142853,0.16,-4.937142857142857,0.0,-0.1428571428571429,0.0,-0.04,-0.17383708656674265,-0.4659420363459835,-0.94,-9.917142857142858,-0.58,-7.42,-0.24,-0.18857142857142856,-0.08,-0.6342857142857143,-0.08,-0.34857142857142853,-0.16,0.16,0.08,-4.937142857142857,0.0,0.0,-0.5714285714285714,-0.1428571428571429,0.0,0.0,0.04,-0.04,-9.917142857142858,0,-0.6999868889469477,0,0,0,1,0,1,0,0.2857142857142857,0.5356649662715065,0.6097973503053566,0,0,0,0.5356649662715065,1.6069948988145195
2025-11,2025-11,S2_Day14,2,2025-11-14 23:59:59,formal_frozen_test,formal_frozen_test,6.3,6.3,True,True,9.4,2025-09,2025-11-14,,CONSERVATIVE_MONTH_END_PLUS_45D_PROXY,False,2,0,9.4,2025-09,10.93448,0.6422018348623881,-4.591118951421713,True,12.714759607843137,12.6,-2.927580893682591,12.982,12.85,-3.745318352059923,31,2025-11-14,-0.23786166520669066,-3.4193548387096775,0.7419354838709677,0.03225806451612903,0.2903225806451613,0.3870967741935484,0.0,0.0,0.0,0.0,0.0,0.0967741935483871,-1.8064516129032258,0.16129032258064516,-0.22580645161290322,0.16129032258064516,-0.41935483870967744,0.0967741935483871,-0.4838709677419355,0.5483870967741935,-0.5806451612903226,0.03225806451612903,-1.096774193548387,0.0,0.0,0.0,0.8571428571428571,-0.8571428571428571,information timestamp <= nowcast cutoff,verified GSS release date where available; otherwise conservative observation month-end +45 days; target month itself always excluded,0.0,,True,10.0,2025-11-14,10.9,10.97,10.9,10.97,0.0250206634604283,10.0,2025-11-14,12.98,12.6,12.98,13.35,12.85,13.35,False,,,,TIMING_UNRESOLVED_OR_NOT_RELEASED,False,,,,TIMING_UNRESOLVED_OR_NOT_RELEASED,2025-11,-0.17383708656674265,-0.94,-0.58,-0.24,-0.08,-0.08,-0.16,0.08,0.0,-0.5714285714285714,0.0,0.04,-0.06402457863994801,-2.4793548387096775,-1.226451612903226,0.014193548387096772,-0.3393548387096774,-0.4038709677419355,-0.4206451612903226,-1.176774193548387,0.0,-0.2857142857142857,0.0,-0.04,-0.6397791229127262,0.40191745770603554,-10.857142857142858,7.43778801843318,-8.0,6.193548387096774,-0.42857142857142855,0.20276497695852533,-0.7142857142857143,0.29493087557603687,-0.42857142857142855,-0.05529953917050695,0.0,-0.5806451612903226,-4.857142857142857,3.7603686635944698,0.0,0.0,-0.7142857142857143,-0.1428571428571428,0.0,0.0,0.0,0.0,17.354930875576038,0,-0.5658103689380801,0,0,0,1,0,0,0,0.14285714285714285,0.47444866903750454,0.6097973503053566,0,0,0,0.47444866903750454,0.9488973380750091
2025-11,2025-11,S3_Day21,3,2025-11-21 23:59:59,formal_frozen_test,formal_frozen_test,6.3,6.3,True,True,9.4,2025-09,2025-11-14,,CONSERVATIVE_MONTH_END_PLUS_45D_PROXY,False,2,7,9.4,2025-09,10.968986666666666,2.0183486238531945,-4.290030792187527,True,12.677338242274256,12.6,-2.927580893682591,12.937392083333332,12.91,-3.2958801498127355,41,2025-11-19,-0.21960769091418117,-2.951219512195122,0.6585365853658537,0.024390243902439025,0.2682926829268293,0.4146341463414634,0.0,0.0,0.0,0.0,0.0,0.0975609756097561,-1.3658536585365855,0.1951219512195122,-0.24390243902439024,0.17073170731707318,-0.3902439024390244,0.0975609756097561,-0.36585365853658536,0.5121951219512195,-0.43902439024390244,0.04878048780487805,-0.8292682926829268,0.0,0.0,0.0,0.8571428571428571,-0.8571428571428571,information timestamp <= nowcast cutoff,verified GSS release date where available; otherwise conservative observation month-end +45 days; target month itself always excluded,0.0,,True,15.0,2025-11-21,10.9,11.12,10.9,11.12,0.0611346259405329,15.0,2025-11-21,12.98,12.55,12.98,13.35,12.76,13.35,False,,,,TIMING_UNRESOLVED_OR_NOT_RELEASED,False,,,,TIMING_UNRESOLVED_OR_NOT_RELEASED,2025-11,-0.17383708656674265,-0.94,-0.58,-0.24,-0.08,-0.08,-0.16,0.08,0.0,-0.5714285714285714,0.0,0.04,-0.045770604347438515,-2.011219512195122,-0.7858536585365855,-0.0039024390243902474,-0.3102439024390244,-0.28585365853658534,-0.27902439024390246,-0.9092682926829267,0.0,-0.2857142857142857,0.0,-0.04,-0.23786166520669066,0.018253974292509495,-3.4193548387096775,0.4681353265145556,-1.8064516129032258,0.4405979543666403,-0.22580645161290322,-0.01809598741148702,-0.41935483870967744,0.02911093627065303,-0.4838709677419355,0.11801730920535014,-0.5806451612903226,0.14162077104642018,-1.096774193548387,0.2675059008654602,0.0,0.0,-0.8571428571428571,0.0,0.0,0.0,0.0,0.0,-6.969652691918624,0,-0.5238055925037172,0,0,0,1,0,0,0,0.14285714285714285,0.4456687214445274,0.6097973503053566,0,0,0,0.4456687214445274,0.8913374428890548
2025-11,2025-11,S4_MonthEnd,4,2025-11-30 23:59:59,formal_frozen_test,formal_frozen_test,6.3,6.3,True,True,9.4,2025-09,2025-11-14,,CONSERVATIVE_MONTH_END_PLUS_45D_PROXY,False,2,16,9.4,2025-09,11.023740000000002,3.394495412844023,-3.8122802025835063,True,12.657253681705692,12.595,-2.966101694915257,12.9230440625,12.86,-3.670411985018729,47,2025-11-27,-0.2108311400239637,-2.702127659574468,0.6808510638297872,0.02127659574468085,0.2553191489361702,0.44680851063829785,0.0,0.0,0.0,0.0,0.0,0.10638297872340426,-1.1914893617021276,0.2127659574468085,-0.2127659574468085,0.14893617021276595,-0.3404255319148936,0.1276595744680851,-0.44680851063829785,0.48936170212765956,-0.3829787234042553,0.0425531914893617,-0.723404255319149,0.0,0.0,0.0,0.8571428571428571,-0.8571428571428571,information timestamp <= nowcast cutoff,verified GSS release date where available; otherwise conservative observation month-end +45 days; target month itself always excluded,0.0,,True,20.0,2025-11-28,10.9,11.27,10.9,11.27,0.1116282419462028,20.0,2025-11-28,12.98,12.55,12.98,13.35,12.76,13.35,False,,,,TIMING_UNRESOLVED_OR_NOT_RELEASED,False,,,,TIMING_UNRESOLVED_OR_NOT_RELEASED,2025-11,-0.17383708656674265,-0.94,-0.58,-0.24,-0.08,-0.08,-0.16,0.08,0.0,-0.5714285714285714,0.0,0.04,-0.03699405345722104,-1.762127659574468,-0.6114893617021276,0.02723404255319148,-0.2604255319148936,-0.36680851063829784,-0.2229787234042553,-0.8034042553191489,0.0,-0.2857142857142857,0.0,-0.04,-0.21960769091418117,0.008776550890217477,-2.951219512195122,0.24909185262065403,-1.3658536585365855,0.17436429683445787,-0.24390243902439024,0.031136481577581726,-0.3902439024390244,0.049818370524130795,-0.36585365853658536,-0.0809548521017125,-0.43902439024390244,0.056045666839647124,-0.8292682926829268,0.10586403736377781,0.0,0.0,-0.8571428571428571,0.0,0.0,0.0,0.0,0.0,-0.21904347389390155,0,-0.4963933345825821,0,0,0,1,0,0,0,0.14285714285714285,0.29236747105550137,0.6097973503053566,0,0,0,0.29236747105550137,0.5847349421110027
2025-12,2025-12,S1_Day7,1,2025-12-07 23:59:59,formal_frozen_test,formal_frozen_test,5.4,5.4,True,True,9.4,2025-09,2025-11-14,,CONSERVATIVE_MONTH_END_PLUS_45D_PROXY,False,3,23,9.4,2025-09,11.35425,0.9734513274336276,2.998165776769035,True,12.633177368421052,12.6,-0.4952295068802903,12.9875,12.98,-0.0769822940723585,4,2025-12-07,0.15878723809682183,0.75,0.75,0.25,0.0,0.75,0.0,0.0,0.0,0.0,0.0,0.0,0.0,0.0,0.0,0.25,0.75,0.25,0.0,0.0,0.0,0.0,0.0,0.0,0.0,0.14285714285714285,0.0,0.14285714285714285,information timestamp <= nowcast cutoff,verified GSS release date where available; otherwise conservative observation month-end +45 days; target month itself always excluded,0.0,,True,4.0,2025-12-04,11.3,11.41,11.3,11.41,0.0400523095463918,4.0,2025-12-04,12.66270947368421,12.6,12.66270947368421,12.99,12.98,12.99,False,,,,TIMING_UNRESOLVED_OR_NOT_RELEASED,False,,,,TIMING_UNRESOLVED_OR_NOT_RELEASED,2025-12,-0.2108311400239637,-2.702127659574468,-1.1914893617021276,-0.2127659574468085,-0.3404255319148936,-0.44680851063829785,-0.3829787234042553,-0.723404255319149,0.0,-0.8571428571428571,0.0,0.0,0.3696183781207855,3.452127659574468,1.1914893617021276,0.2127659574468085,1.0904255319148937,0.44680851063829785,0.3829787234042553,0.723404255319149,0.0,1.0,0.0,0.0,-0.2108311400239637,0.3696183781207855,-2.702127659574468,3.452127659574468,-1.1914893617021276,1.1914893617021276,-0.2127659574468085,0.2127659574468085,-0.3404255319148936,1.0904255319148937,-0.44680851063829785,0.44680851063829785,-0.3829787234042553,0.3829787234042553,-0.723404255319149,0.723404255319149,0.0,0.0,-0.8571428571428571,1.0,0.0,0.0,0.0,0.0,3.452127659574468,1,0.16840368640071082,1,1,1,1,0,1,1,0.8571428571428571,0.80500881440345,0.6097973503053566,1,1,0,0.80500881440345,2.41502644321035
2025-12,2025-12,S2_Day14,2,2025-12-14 23:59:59,formal_frozen_test,formal_frozen_test,5.4,5.4,True,True,9.4,2025-09,2025-11-14,,CONSERVATIVE_MONTH_END_PLUS_45D_PROXY,False,3,30,9.4,2025-09,11.406333333333333,1.6814159292035449,3.470630959486809,True,12.593634385964911,12.55,-0.8900897072498082,12.955555555555556,12.925,-0.5003849114703529,6,2025-12-11,-0.05998430021657386,-1.5,0.8333333333333334,0.16666666666666666,0.16666666666666666,0.8333333333333334,0.0,0.0,0.0,0.0,0.0,0.0,0.0,0.0,0.0,0.16666666666666666,0.5,0.3333333333333333,-2.0,0.0,0.0,0.0,0.0,0.0,0.0,0.14285714285714285,0.14285714285714285,0.0,information timestamp <= nowcast cutoff,verified GSS release date where available; otherwise conservative observation month-end +45 days; target month itself always excluded,0.0,,True,9.0,2025-12-12,11.3,11.49,11.3,11.49,0.0575692819324872,9.0,2025-12-12,12.66270947368421,12.55,12.66270947368421,12.99,12.925,12.99,False,,,,TIMING_UNRESOLVED_OR_NOT_RELEASED,False,,,,TIMING_UNRESOLVED_OR_NOT_RELEASED,2025-12,-0.2108311400239637,-2.702127659574468,-1.1914893617021276,-0.2127659574468085,-0.3404255319148936,-0.44680851063829785,-0.3829787234042553,-0.723404255319149,0.0,-0.8571428571428571,0.0,0.0,0.15084683980738983,1.2021276595744679,1.1914893617021276,0.2127659574468085,0.8404255319148937,-1.5531914893617023,0.3829787234042553,0.723404255319149,0.0,0.8571428571428571,0.0,0.0,0.15878723809682183,-0.21877153831339569,0.75,-2.25,0.0,0.0,0.0,0.0,0.75,-0.25,0.0,-2.0,0.0,0.0,0.0,0.0,0.0,0.0,0.14285714285714285,-0.14285714285714285,0.0,0.0,0.0,0.0,-5.702127659574468,0,-0.19781026709517963,1,1,1,1,0,1,0,0.7142857142857143,0.45151953758473284,0.6097973503053566,0,0,0,0.45151953758473284,1.3545586127541984
2025-12,2025-12,S3_Day21,3,2025-12-21 23:59:59,formal_frozen_test,formal_frozen_test,5.4,5.4,True,True,8.0,2025-10,2025-12-15,,CONSERVATIVE_MONTH_END_PLUS_45D_PROXY,False,2,6,8.0,2025-10,11.439071428571427,1.6814159292035449,3.767609074337974,True,12.55233639097744,12.39,-2.153642348432272,12.91428751803752,12.75502525252526,-1.8088895109679812,16,2025-12-20,-0.07551184007855975,-0.875,0.75,0.125,0.1875,0.8125,0.0,1.0,1.0,-1.0,0.0625,0.0,0.0,0.25,-0.3125,0.125,-0.125,0.25,-0.375,0.125,-0.375,0.0,0.0,0.0,0.0,0.0,0.5714285714285714,-0.5714285714285714,information timestamp <= nowcast cutoff,verified GSS release date where available; otherwise conservative observation month-end +45 days; target month itself always excluded,0.0,,True,14.0,2025-12-19,11.3,11.49,11.3,11.51,0.063873160343331,14.0,2025-12-19,12.66270947368421,12.39,12.66270947368421,12.99,12.75502525252526,12.99,False,,,,TIMING_UNRESOLVED_OR_NOT_RELEASED,False,,,,TIMING_UNRESOLVED_OR_NOT_RELEASED,2025-12,-0.2108311400239637,-2.702127659574468,-1.1914893617021276,-0.2127659574468085,-0.3404255319148936,-0.44680851063829785,-0.3829787234042553,-0.723404255319149,0.0,-0.8571428571428571,0.0,0.0,0.13531929994540393,1.8271276595744679,1.1914893617021276,-0.09973404255319149,0.2154255319148936,0.07180851063829785,0.007978723404255317,0.723404255319149,0.0,0.2857142857142857,-1.0,0.0625,-0.05998430021657386,-0.015527539861985892,-1.5,0.625,0.0,0.0,0.0,-0.3125,0.5,-0.625,-2.0,1.625,0.0,-0.375,0.0,0.0,0.0,0.0,0.0,-0.5714285714285714,0.0,-1.0,0.0,0.0625,2.875,0,-0.2521114322878312,1,0,0,1,0,0,0,0.2857142857142857,0.46107957948230094,0.6097973503053566,0,0,0,0.46107957948230094,0.9221591589646019
2025-12,2025-12,S4_MonthEnd,4,2025-12-31 23:59:59,formal_frozen_test,formal_frozen_test,5.4,5.4,True,True,8.0,2025-10,2025-12-15,,CONSERVATIVE_MONTH_END_PLUS_45D_PROXY,False,2,16,8.0,2025-10,11.27835,-7.522123893805322,2.3096517152980445,True,12.48068996230245,12.332469696969696,-2.6079708880695884,12.851364784205696,12.72,-2.0785219399538035,20,2025-12-31,-0.08351532992584829,-0.8,0.7,0.15,0.25,0.75,0.0,1.0,1.0,-1.0,0.05,0.0,0.0,0.3,-0.25,0.2,-0.5,0.2,-0.3,0.1,-0.3,0.0,0.0,0.0,0.0,0.0,0.5714285714285714,-0.5714285714285714,information timestamp <= nowcast cutoff,verified GSS release date where available; otherwise conservative observation month-end +45 days; target month itself always excluded,0.0,,True,20.0,2025-12-31,11.3,10.45,10.45,11.51,0.3348816619344811,22.0,2025-12-31,12.66270947368421,12.332469696969696,12.66270947368421,12.99,12.72,12.99,False,,,,TIMING_UNRESOLVED_OR_NOT_RELEASED,False,,,,TIMING_UNRESOLVED_OR_NOT_RELEASED,2025-12,-0.2108311400239637,-2.702127659574468,-1.1914893617021276,-0.2127659574468085,-0.3404255319148936,-0.44680851063829785,-0.3829787234042553,-0.723404255319149,0.0,-0.8571428571428571,0.0,0.0,0.1273158100981154,1.9021276595744678,1.1914893617021276,-0.03723404255319149,-0.1595744680851064,0.14680851063829786,0.08297872340425533,0.723404255319149,0.0,0.2857142857142857,-1.0,0.05,-0.07551184007855975,-0.008003489847288534,-0.875,0.07499999999999996,0.0,0.0,-0.3125,0.0625,-0.125,-0.375,-0.375,0.07500000000000001,-0.375,0.07500000000000001,0.0,0.0,0.0,0.0,-0.5714285714285714,0.0,-1.0,0.0,0.0625,-0.012499999999999997,-0.55,0,-0.25469838186686766,1,0,0,1,0,0,0,0.2857142857142857,0.3671903218284394,0.6097973503053566,0,0,0,0.3671903218284394,0.7343806436568788
2026-01,2026-01,S1_Day7,1,2026-01-07 23:59:59,formal_frozen_test,formal_frozen_test,3.8,3.8,True,True,8.0,2025-10,2025-12-15,,CONSERVATIVE_MONTH_END_PLUS_45D_PROXY,False,3,23,8.0,2025-10,10.596725,1.6190476190476089,-6.043658868540158,True,12.273204868686866,12.19,-1.1268966121822932,12.643657500000003,12.5245,-1.5369496855345943,6,2026-01-07,-0.0389100996218276,-1.3333333333333333,0.8333333333333334,0.16666666666666666,0.16666666666666666,0.8333333333333334,0.0,0.0,0.0,0.0,0.0,0.5,-1.3333333333333333,0.16666666666666666,0.0,0.16666666666666666,0.0,0.3333333333333333,-2.0,0.16666666666666666,0.0,0.0,0.0,0.0,0.0,0.0,0.2857142857142857,-0.2857142857142857,information timestamp <= nowcast cutoff,verified GSS release date where available; otherwise conservative observation month-end +45 days; target month itself always excluded,0.0,,True,4.0,2026-01-07,10.5,10.67,10.5,10.67,0.0615278544644617,5.0,2026-01-07,12.32893434343434,12.19,12.32893434343434,12.72,12.5245,12.72,False,,,,TIMING_UNRESOLVED_OR_NOT_RELEASED,False,,,,TIMING_UNRESOLVED_OR_NOT_RELEASED,2026-01,-0.08351532992584829,-0.8,0.0,-0.25,-0.5,-0.3,-0.3,0.0,0.0,-0.5714285714285714,-1.0,0.05,0.044605230304020686,-0.5333333333333332,-1.3333333333333333,0.25,0.5,-1.7,0.3,0.0,0.0,0.2857142857142857,1.0,-0.05,-0.08351532992584829,0.044605230304020686,-0.8,-0.5333333333333332,0.0,-1.3333333333333333,-0.25,0.25,-0.5,0.5,-0.3,-1.7,-0.3,0.3,0.0,0.0,0.0,0.0,-0.5714285714285714,0.2857142857142857,-1.0,1.0,0.05,-0.05,-0.5333333333333332,0,-0.30567718695966933,1,1,1,0,0,1,0,0.5714285714285714,0.2016887943463227,0.6097973503053566,0,0,0,0.2016887943463227,0.6050663830389681
2026-01,2026-01,S2_Day14,2,2026-01-14 23:59:59,formal_frozen_test,formal_frozen_test,3.8,3.8,True,True,6.3,2025-11,2026-01-14,,CONSERVATIVE_MONTH_END_PLUS_45D_PROXY,False,2,0,6.3,2025-11,10.6589875,2.3809523809523725,-5.491605598336635,True,12.174942533353336,12.042668316831683,-2.321904056169344,12.568125318627452,12.49,-1.8081761006289327,12,2026-01-13,-0.10237627928480801,-1.6666666666666667,0.9166666666666666,0.08333333333333333,0.16666666666666666,0.75,0.0,0.0,0.0,0.0,0.0,0.25,-0.6666666666666666,0.25,-1.0,0.08333333333333333,0.0,0.3333333333333333,-2.0,0.08333333333333333,0.0,0.0,0.0,0.0,0.0,0.0,0.42857142857142855,-0.42857142857142855,information timestamp <= nowcast cutoff,verified GSS release date where available; otherwise conservative observation month-end +45 days; target month itself always excluded,0.0,,True,8.0,2026-01-14,10.5,10.75,10.5,10.75,0.0771155048855287,10.0,2026-01-14,12.32893434343434,12.042668316831683,12.32893434343434,12.72,12.49,12.72,False,,,,TIMING_UNRESOLVED_OR_NOT_RELEASED,False,,,,TIMING_UNRESOLVED_OR_NOT_RELEASED,2026-01,-0.08351532992584829,-0.8,0.0,-0.25,-0.5,-0.3,-0.3,0.0,0.0,-0.5714285714285714,-1.0,0.05,-0.018860949358959725,-0.8666666666666667,-0.6666666666666666,-0.75,0.5,-1.7,0.3,0.0,0.0,0.14285714285714285,1.0,-0.05,-0.0389100996218276,-0.0634661796629804,-1.3333333333333333,-0.3333333333333335,-1.3333333333333333,0.6666666666666666,0.0,-1.0,0.0,0.0,-2.0,0.0,0.0,0.0,0.0,0.0,0.0,0.0,-0.2857142857142857,-0.14285714285714285,0.0,0.0,0.0,0.0,0.19999999999999973,0,-0.37776468223067733,1,0,1,0,0,1,0,0.42857142857142855,0.20778633852575706,0.6097973503053566,0,0,0,0.20778633852575706,0.4155726770515141
2026-01,2026-01,S3_Day21,3,2026-01-21 23:59:59,formal_frozen_test,formal_frozen_test,3.8,3.8,True,True,6.3,2025-11,2026-01-14,,CONSERVATIVE_MONTH_END_PLUS_45D_PROXY,False,2,7,6.3,2025-11,10.72706923076923,3.523809523809507,-4.887955855517612,True,12.069208223555687,11.694945544554455,-5.142283844000762,12.484083545751636,12.155,-4.441823899371078,17,2026-01-20,-0.09944897109868858,-1.2941176470588236,0.7647058823529411,0.058823529411764705,0.17647058823529413,0.7647058823529411,0.0,0.0,0.0,0.0,0.0,0.23529411764705882,-0.47058823529411764,0.17647058823529413,-0.7058823529411765,0.23529411764705882,-0.11764705882352941,0.23529411764705882,-1.411764705882353,0.058823529411764705,0.0,0.058823529411764705,0.0,0.0,0.0,0.0,0.5714285714285714,-0.5714285714285714,information timestamp <= nowcast cutoff,verified GSS release date where available; otherwise conservative observation month-end +45 days; target month itself always excluded,0.0,,True,13.0,2026-01-21,10.5,10.87,10.5,10.87,0.1063032482651211,15.0,2026-01-21,12.32893434343434,11.694945544554455,12.32893434343434,12.72,12.155,12.72,False,,,,TIMING_UNRESOLVED_OR_NOT_RELEASED,False,,,,TIMING_UNRESOLVED_OR_NOT_RELEASED,2026-01,-0.08351532992584829,-0.8,0.0,-0.25,-0.5,-0.3,-0.3,0.0,0.0,-0.5714285714285714,-1.0,0.05,-0.015933641172840296,-0.49411764705882355,-0.47058823529411764,-0.4558823529411765,0.38235294117647056,-1.111764705882353,0.3,0.0,0.0,0.0,1.0,-0.05,-0.10237627928480801,0.002927308186119429,-1.6666666666666667,0.37254901960784315,-0.6666666666666666,0.196078431372549,-1.0,0.2941176470588235,0.0,-0.11764705882352941,-2.0,0.588235294117647,0.0,0.0,0.0,0.0,0.0,0.0,-0.42857142857142855,-0.14285714285714285,0.0,0.0,0.0,0.0,0.7058823529411766,0,-0.3193414300324267,1,0,0,0,0,1,0,0.2857142857142857,0.1641718051371754,0.6097973503053566,0,0,0,0.1641718051371754,0.3283436102743508
2026-01,2026-01,S4_MonthEnd,4,2026-01-31 23:59:59,formal_frozen_test,formal_frozen_test,3.8,3.8,True,True,6.3,2025-11,2026-01-14,,CONSERVATIVE_MONTH_END_PLUS_45D_PROXY,False,2,17,6.3,2025-11,10.792094999999998,4.285714285714271,-4.311401933793524,True,11.879007288395504,10.975,-10.981762946571015,12.362916818394025,11.9,-6.446540880503148,30,2026-01-31,-0.1420821926343165,-1.2,0.8,0.06666666666666667,0.23333333333333334,0.7666666666666667,0.0,0.0,0.0,0.0,0.0,0.13333333333333333,-0.26666666666666666,0.16666666666666666,0.13333333333333333,0.23333333333333334,0.6666666666666666,0.3333333333333333,-1.1333333333333333,0.03333333333333333,0.0,0.03333333333333333,0.0,0.0,0.0,0.2857142857142857,0.2857142857142857,0.0,information timestamp <= nowcast cutoff,verified GSS release date where available; otherwise conservative observation month-end +45 days; target month itself always excluded,0.0,,True,20.0,2026-01-30,10.5,10.95,10.5,10.95,0.1244790804713787,21.0,2026-01-29,12.32893434343434,10.975,12.32893434343434,12.72,11.9,12.72,False,,,,TIMING_UNRESOLVED_OR_NOT_RELEASED,False,,,,TIMING_UNRESOLVED_OR_NOT_RELEASED,2026-01,-0.08351532992584829,-0.8,0.0,-0.25,-0.5,-0.3,-0.3,0.0,0.0,-0.5714285714285714,-1.0,0.05,-0.058566862708468226,-0.3999999999999999,-0.26666666666666666,0.3833333333333333,1.1666666666666665,-0.8333333333333333,0.3,0.0,0.0,0.5714285714285714,1.0,-0.05,-0.09944897109868858,-0.04263322153562793,-1.2941176470588236,0.09411764705882364,-0.47058823529411764,0.20392156862745098,-0.7058823529411765,0.8392156862745098,-0.11764705882352941,0.7843137254901961,-1.411764705882353,0.27843137254901973,0.0,0.0,0.0,0.0,0.0,0.0,-0.5714285714285714,0.5714285714285714,0.0,0.0,0.0,0.0,-0.2784313725490195,0,-0.16571318147944128,1,1,1,0,0,1,0,0.5714285714285714,0.17554413143559058,0.6097973503053566,0,0,0,0.17554413143559058,0.35108826287118117
2026-02,2026-02,S1_Day7,1,2026-02-07 23:59:59,formal_frozen_test,formal_frozen_test,3.3,3.3,True,True,6.3,2025-11,2026-01-14,,CONSERVATIVE_MONTH_END_PLUS_45D_PROXY,False,3,24,6.3,2025-11,10.972,0.1824817518248034,1.6670071936913278,True,10.976000000000004,10.98,0.1824817518248034,11.91735098039216,11.93,0.2521008403361335,4,2026-02-04,-0.005485120604372534,-3.25,0.5,0.25,0.25,1.0,0.0,0.0,0.0,0.0,0.0,0.25,0.0,0.0,0.0,0.5,2.25,0.25,-5.5,0.25,0.0,0.0,0.0,0.0,0.0,0.14285714285714285,0.14285714285714285,0.0,information timestamp <= nowcast cutoff,verified GSS release date where available; otherwise conservative observation month-end +45 days; target month itself always excluded,0.0,,True,5.0,2026-02-06,10.96,10.98,10.96,10.98,0.0074833147735477,5.0,2026-02-06,10.96,10.96,10.98,11.9,11.9,11.93,False,,,,TIMING_UNRESOLVED_OR_NOT_RELEASED,False,,,,TIMING_UNRESOLVED_OR_NOT_RELEASED,2026-02,-0.1420821926343165,-1.2,-0.26666666666666666,0.13333333333333333,0.6666666666666666,-1.1333333333333333,0.0,0.0,0.0,0.0,0.0,0.0,0.13659707202994398,-2.05,0.26666666666666666,-0.13333333333333333,1.5833333333333335,-4.366666666666667,0.0,0.0,0.0,0.0,0.0,0.0,-0.1420821926343165,0.13659707202994398,-1.2,-2.05,-0.26666666666666666,0.26666666666666666,0.13333333333333333,-0.13333333333333333,0.6666666666666666,1.5833333333333335,-1.1333333333333333,-4.366666666666667,0.0,0.0,0.0,0.0,0.0,0.0,0.0,0.0,0.0,0.0,0.0,0.0,-2.05,0,-0.24294107183893127,1,1,0,0,0,0,0,0.2857142857142857,0.4145190472916377,0.6097973503053566,0,0,0,0.4145190472916377,1.2435571418749132
2026-02,2026-02,S2_Day14,2,2026-02-14 23:59:59,formal_frozen_test,formal_frozen_test,3.3,3.3,True,True,5.4,2025-12,2026-02-14,,CONSERVATIVE_MONTH_END_PLUS_45D_PROXY,False,2,0,5.4,2025-12,10.98327,0.3512773722627704,1.771435481248118,True,10.982499999999998,10.99,0.2737226277372162,11.93417549019608,11.955,0.4621848739495782,6,2026-02-13,0.16165320702511962,-0.3333333333333333,0.5,0.3333333333333333,0.16666666666666666,1.0,0.0,0.0,0.0,0.0,0.0,0.16666666666666666,0.0,0.0,0.0,0.5,3.3333333333333335,0.16666666666666666,-3.6666666666666665,0.16666666666666666,0.0,0.0,0.0,0.0,0.0,0.14285714285714285,0.14285714285714285,0.0,information timestamp <= nowcast cutoff,verified GSS release date where available; otherwise conservative observation month-end +45 days; target month itself always excluded,0.0,,True,10.0,2026-02-13,10.96,10.9985,10.96,10.9985,0.0127297329115734,10.0,2026-02-13,10.96,10.96,10.99,11.9,11.9,11.955,False,,,,TIMING_UNRESOLVED_OR_NOT_RELEASED,False,,,,TIMING_UNRESOLVED_OR_NOT_RELEASED,2026-02,-0.1420821926343165,-1.2,-0.26666666666666666,0.13333333333333333,0.6666666666666666,-1.1333333333333333,0.0,0.0,0.0,0.0,0.0,0.0,0.30373539965943613,0.8666666666666667,0.26666666666666666,-0.13333333333333333,2.666666666666667,-2.533333333333333,0.0,0.0,0.0,0.0,0.0,0.0,-0.005485120604372534,0.16713832762949216,-3.25,2.9166666666666665,0.0,0.0,0.0,0.0,2.25,1.0833333333333335,-5.5,1.8333333333333335,0.0,0.0,0.0,0.0,0.0,0.0,0.0,0.0,0.0,0.0,0.0,0.0,4.966666666666667,0,0.03531181634313751,1,1,0,0,0,0,0,0.2857142857142857,0.3193321269676471,0.6097973503053566,0,0,0,0.3193321269676471,0.6386642539352942
2026-02,2026-02,S3_Day21,3,2026-02-21 23:59:59,formal_frozen_test,formal_frozen_test,3.3,3.3,True,True,5.4,2025-12,2026-02-14,,CONSERVATIVE_MONTH_END_PLUS_45D_PROXY,False,2,7,5.4,2025-12,10.986606666666669,0.0912408759124128,1.802353173009208,True,11.025395049504947,11.170935643564356,1.9245952879959336,11.981436601307191,12.15,2.1008403361344463,10,2026-02-19,0.14491776233879952,0.3,0.4,0.3,0.2,0.8,0.0,0.0,0.0,0.0,0.0,0.3,-0.2,0.1,0.0,0.4,2.7,0.1,-2.2,0.1,0.0,0.0,0.0,0.0,0.0,0.14285714285714285,0.2857142857142857,-0.14285714285714285,information timestamp <= nowcast cutoff,verified GSS release date where available; otherwise conservative observation month-end +45 days; target month itself always excluded,0.0,,True,15.0,2026-02-20,10.96,10.97,10.96,10.9999,0.0132512372587951,15.0,2026-02-20,10.96,10.96,11.173014851485148,11.9,11.9,12.15,False,,,,TIMING_UNRESOLVED_OR_NOT_RELEASED,False,,,,TIMING_UNRESOLVED_OR_NOT_RELEASED,2026-02,-0.1420821926343165,-1.2,-0.26666666666666666,0.13333333333333333,0.6666666666666666,-1.1333333333333333,0.0,0.0,0.0,0.0,0.0,0.0,0.28699995497311603,1.5,0.06666666666666665,-0.13333333333333333,2.0333333333333337,-1.0666666666666669,0.0,0.0,0.0,-0.14285714285714285,0.0,0.0,0.16165320702511962,-0.0167354446863201,-0.3333333333333333,0.6333333333333333,0.0,-0.2,0.0,0.0,3.3333333333333335,-0.6333333333333333,-3.6666666666666665,1.4666666666666663,0.0,0.0,0.0,0.0,0.0,0.0,0.0,-0.14285714285714285,0.0,0.0,0.0,0.0,-2.283333333333333,1,0.11742203422016147,0,1,0,0,0,0,0,0.14285714285714285,0.5659768870615138,0.6097973503053566,0,0,0,0.5659768870615138,1.1319537741230277
2026-02,2026-02,S4_MonthEnd,4,2026-02-28 23:59:59,formal_frozen_test,formal_frozen_test,3.3,3.3,True,True,5.4,2025-12,2026-02-14,,CONSERVATIVE_MONTH_END_PLUS_45D_PROXY,False,2,14,5.4,2025-12,10.918779999999998,-2.4954379562043827,1.1738684657612852,True,11.060020792079207,11.14,1.642335766423364,12.024441911764708,12.15,2.1008403361344463,16,2026-02-28,0.023120696656633168,0.25,0.375,0.25,0.375,0.6875,0.0,0.0,0.0,0.0,0.0,0.1875,-0.125,0.125,-0.375,0.5,1.0,0.0625,-1.375,0.0625,0.0,0.0,0.0,0.0,0.0,0.14285714285714285,0.42857142857142855,-0.2857142857142857,information timestamp <= nowcast cutoff,verified GSS release date where available; otherwise conservative observation month-end +45 days; target month itself always excluded,0.0,,True,20.0,2026-02-27,10.96,10.6865,10.66,10.9999,0.1268410682704935,20.0,2026-02-27,10.96,10.96,11.178163366336634,11.9,11.9,12.155926470588238,False,,,,TIMING_UNRESOLVED_OR_NOT_RELEASED,False,,,,TIMING_UNRESOLVED_OR_NOT_RELEASED,2026-02,-0.1420821926343165,-1.2,-0.26666666666666666,0.13333333333333333,0.6666666666666666,-1.1333333333333333,0.0,0.0,0.0,0.0,0.0,0.0,0.16520288929094967,1.45,0.14166666666666666,-0.5083333333333333,0.33333333333333337,-0.2416666666666667,0.0,0.0,0.0,-0.2857142857142857,0.0,0.0,0.14491776233879952,-0.12179706568216636,0.3,-0.04999999999999999,-0.2,0.07500000000000001,0.0,-0.375,2.7,-1.7000000000000002,-2.2,0.8250000000000002,0.0,0.0,0.0,0.0,0.0,0.0,-0.14285714285714285,-0.14285714285714285,0.0,0.0,0.0,0.0,-0.6833333333333333,1,0.03828676006199756,0,1,0,0,0,0,0,0.14285714285714285,0.4949150092650707,0.6097973503053566,0,0,0,0.4949150092650707,0.9898300185301414
2026-03,2026-03,S1_Day7,1,2026-03-07 23:59:59,formal_frozen_test,formal_frozen_test,3.2,3.2,True,True,5.4,2025-12,2026-02-14,,CONSERVATIVE_MONTH_END_PLUS_45D_PROXY,False,3,21,5.4,2025-12,10.744375000000002,0.4664179104477473,-1.5972938368572054,True,11.30725,11.38,1.335707925200369,12.33,12.375,0.8557457212714059,9,2026-03-07,0.15369762870127443,1.1111111111111112,0.5555555555555556,0.3333333333333333,0.1111111111111111,0.7777777777777778,1.0,0.0,1.0,1.0,0.1111111111111111,0.1111111111111111,-0.6666666666666666,0.1111111111111111,0.0,0.4444444444444444,1.7777777777777777,0.1111111111111111,0.0,0.2222222222222222,0.0,0.1111111111111111,1.0,0.0,0.0,0.2857142857142857,0.14285714285714285,0.14285714285714285,information timestamp <= nowcast cutoff,verified GSS release date where available; otherwise conservative observation month-end +45 days; target month itself always excluded,0.0,,True,4.0,2026-03-05,10.72,10.77,10.72,10.77,0.018232440182268,4.0,2026-03-05,11.23,11.23,11.38,12.27,12.27,12.375,False,,,,TIMING_UNRESOLVED_OR_NOT_RELEASED,False,,,,TIMING_UNRESOLVED_OR_NOT_RELEASED,2026-03,0.023120696656633168,0.25,-0.125,-0.375,1.0,-1.375,0.0,0.0,0.0,-0.2857142857142857,0.0,0.0,0.13057693204464127,0.8611111111111112,-0.5416666666666666,0.375,0.7777777777777777,1.375,0.0,1.0,0.0,0.42857142857142855,1.0,0.1111111111111111,0.023120696656633168,0.13057693204464127,0.25,0.8611111111111112,-0.125,-0.5416666666666666,-0.375,0.375,1.0,0.7777777777777777,-1.375,1.375,0.0,0.0,0.0,1.0,0.0,0.0,-0.2857142857142857,0.42857142857142855,0.0,1.0,0.0,0.1111111111111111,0.8611111111111112,0,0.3028474513485873,0,1,0,1,0,0,1,0.42857142857142855,0.32273401485493897,0.6097973503053566,0,0,0,0.32273401485493897,0.968202044564817
2026-03,2026-03,S2_Day14,2,2026-03-14 23:59:59,formal_frozen_test,formal_frozen_test,3.2,3.2,True,True,5.4,2025-12,2026-02-14,,CONSERVATIVE_MONTH_END_PLUS_45D_PROXY,False,3,28,5.4,2025-12,10.79138888888889,1.4225746268656805,-1.166715613934055,True,11.438777777777778,11.69,4.09617097061441,12.466111111111111,12.75,3.9119804400977953,15,2026-03-13,0.17645221580553608,1.3333333333333333,0.5333333333333333,0.4,0.2,0.8666666666666667,2.0,0.0,2.0,1.0,0.13333333333333333,0.06666666666666667,-0.4,0.26666666666666666,0.26666666666666666,0.4,1.8666666666666667,0.13333333333333333,-0.4,0.13333333333333333,0.0,0.13333333333333333,0.6,0.0,0.0,0.42857142857142855,0.2857142857142857,0.14285714285714285,information timestamp <= nowcast cutoff,verified GSS release date where available; otherwise conservative observation month-end +45 days; target month itself always excluded,0.0,,True,9.0,2026-03-13,10.72,10.8725,10.72,10.8725,0.0520164385222903,9.0,2026-03-13,11.23,11.23,11.69,12.27,12.27,12.75,False,,,,TIMING_UNRESOLVED_OR_NOT_RELEASED,False,,,,TIMING_UNRESOLVED_OR_NOT_RELEASED,2026-03,0.023120696656633168,0.25,-0.125,-0.375,1.0,-1.375,0.0,0.0,0.0,-0.2857142857142857,0.0,0.0,0.15333151914890292,1.0833333333333333,-0.275,0.6416666666666666,0.8666666666666667,0.975,0.0,0.6,0.0,0.42857142857142855,1.0,0.13333333333333333,0.15369762870127443,0.022754587104261648,1.1111111111111112,0.2222222222222221,-0.6666666666666666,0.2666666666666666,0.0,0.26666666666666666,1.7777777777777777,0.08888888888888902,0.0,-0.4,0.0,0.0,1.0,-0.4,0.0,0.0,0.14285714285714285,0.0,1.0,0.0,0.1111111111111111,0.022222222222222227,-0.6388888888888891,0,0.35373859181986617,0,1,0,1,0,0,0,0.2857142857142857,0.336004328531699,0.6097973503053566,0,0,0,0.336004328531699,1.008012985595097
2026-03,2026-03,S3_Day21,3,2026-03-21 23:59:59,formal_frozen_test,formal_frozen_test,3.2,3.2,True,True,3.8,2026-01,2026-03-17,,CONSERVATIVE_MONTH_END_PLUS_45D_PROXY,False,2,4,3.8,2026-01,10.827115384615384,2.0522388059701413,-0.8395133465883053,True,11.811846153846153,12.79,13.891362422083686,13.313461538461535,15.68,27.7913610431948,26,2026-03-20,0.2458569174101462,1.5384615384615385,0.5,0.5,0.15384615384615385,0.9230769230769231,2.0,0.0,2.0,1.0,0.07692307692307693,0.07692307692307693,-0.15384615384615385,0.19230769230769232,0.15384615384615385,0.5,2.1538461538461537,0.23076923076923078,-0.38461538461538464,0.19230769230769232,0.07692307692307693,0.07692307692307693,0.34615384615384615,0.0,0.0,0.5714285714285714,0.2857142857142857,0.2857142857142857,information timestamp <= nowcast cutoff,verified GSS release date where available; otherwise conservative observation month-end +45 days; target month itself always excluded,0.0,,True,13.0,2026-03-19,10.72,10.94,10.72,10.94,0.0703620182304873,13.0,2026-03-19,11.23,11.23,12.79,12.27,12.27,15.68,False,,,,TIMING_UNRESOLVED_OR_NOT_RELEASED,False,,,,TIMING_UNRESOLVED_OR_NOT_RELEASED,2026-03,0.023120696656633168,0.25,-0.125,-0.375,1.0,-1.375,0.0,0.0,0.0,-0.2857142857142857,0.0,0.0,0.22273622075351304,1.2884615384615385,-0.028846153846153855,0.5288461538461539,1.1538461538461537,0.9903846153846154,0.07692307692307693,0.34615384615384615,0.0,0.5714285714285714,1.0,0.07692307692307693,0.17645221580553608,0.06940470160461013,1.3333333333333333,0.2051282051282053,-0.4,0.24615384615384617,0.26666666666666666,-0.11282051282051281,1.8666666666666667,0.28717948717948705,-0.4,0.015384615384615385,0.0,0.07692307692307693,0.6,-0.25384615384615383,0.0,0.0,0.14285714285714285,0.14285714285714285,1.0,0.0,0.13333333333333333,-0.056410256410256404,-0.01709401709401681,0,0.38689683626532034,0,1,0,1,0,0,0,0.2857142857142857,0.29560708800669533,0.6097973503053566,0,0,0,0.29560708800669533,0.5912141760133907
2026-03,2026-03,S4_MonthEnd,4,2026-03-31 23:59:59,formal_frozen_test,formal_frozen_test,3.2,3.2,True,True,3.8,2026-01,2026-03-17,,CONSERVATIVE_MONTH_END_PLUS_45D_PROXY,False,2,14,3.8,2026-01,10.87213157894737,2.593283582089545,-0.4272310739169449,True,12.144111111111112,13.29,18.343722172751555,14.01,15.99,30.317848410757957,35,2026-03-31,0.23080309494684534,1.3714285714285714,0.5142857142857142,0.4857142857142857,0.14285714285714285,0.8857142857142857,2.0,0.0,2.0,1.0,0.05714285714285714,0.05714285714285714,-0.11428571428571428,0.2,0.34285714285714286,0.5142857142857142,2.0,0.2,-0.2857142857142857,0.17142857142857143,-0.11428571428571428,0.08571428571428572,0.3142857142857143,0.0,0.0,0.42857142857142855,0.42857142857142855,0.0,information timestamp <= nowcast cutoff,verified GSS release date where available; otherwise conservative observation month-end +45 days; target month itself always excluded,0.0,,True,19.0,2026-03-31,10.72,10.998,10.72,10.998,0.0888127601822571,18.0,2026-03-31,11.23,11.23,13.29,12.27,12.27,15.99,False,,,,TIMING_UNRESOLVED_OR_NOT_RELEASED,False,,,,TIMING_UNRESOLVED_OR_NOT_RELEASED,2026-03,0.023120696656633168,0.25,-0.125,-0.375,1.0,-1.375,0.0,0.0,0.0,-0.2857142857142857,0.0,0.0,0.20768239829021218,1.1214285714285714,0.010714285714285718,0.7178571428571429,1.0,1.0892857142857144,-0.11428571428571428,0.3142857142857143,0.0,0.2857142857142857,1.0,0.05714285714285714,0.2458569174101462,-0.015053822463300864,1.5384615384615385,-0.1670329670329671,-0.15384615384615385,0.03956043956043957,0.15384615384615385,0.189010989010989,2.1538461538461537,-0.15384615384615374,-0.38461538461538464,0.09890109890109894,0.07692307692307693,-0.1912087912087912,0.34615384615384615,-0.031868131868131866,0.0,0.0,0.2857142857142857,-0.2857142857142857,1.0,0.0,0.07692307692307693,-0.019780219780219786,-0.3721611721611724,0,0.36697642696103483,0,1,0,1,0,1,0,0.42857142857142855,0.29128613677501264,0.6097973503053566,0,0,0,0.29128613677501264,0.5825722735500253
2026-04,2026-04,S1_Day7,1,2026-04-07 23:59:59,formal_frozen_test,formal_frozen_test,3.4,3.4,True,True,3.8,2026-01,2026-03-17,,CONSERVATIVE_MONTH_END_PLUS_45D_PROXY,False,3,21,3.8,2026-01,11.003333333333332,0.090909090909097,1.206771215315494,True,13.535,13.57,0.5185185185185182,17.2975,17.494999999999997,2.309941520467817,18,2026-04-07,0.06978316401389217,-1.1111111111111112,0.6111111111111112,0.3888888888888889,0.2222222222222222,0.7777777777777778,0.0,0.0,0.0,0.0,0.0,0.05555555555555555,0.0,0.2777777777777778,0.1111111111111111,0.3333333333333333,-0.7222222222222222,0.3333333333333333,-2.4444444444444446,0.05555555555555555,-0.1111111111111111,0.1111111111111111,0.1111111111111111,0.0,0.0,0.2857142857142857,0.42857142857142855,-0.14285714285714285,information timestamp <= nowcast cutoff,verified GSS release date where available; otherwise conservative observation month-end +45 days; target month itself always excluded,0.0,,True,3.0,2026-04-07,11.0,11.01,11.0,11.01,0.0047140452079102,2.0,2026-04-02,13.5,13.5,13.57,17.1,17.1,17.494999999999997,False,,,,TIMING_UNRESOLVED_OR_NOT_RELEASED,False,,,,TIMING_UNRESOLVED_OR_NOT_RELEASED,2026-04,0.23080309494684534,1.3714285714285714,-0.11428571428571428,0.34285714285714286,2.0,-0.2857142857142857,-0.11428571428571428,0.3142857142857143,0.0,0.0,1.0,0.05714285714285714,-0.16101993093295316,-2.4825396825396826,0.11428571428571428,-0.23174603174603176,-2.7222222222222223,-2.158730158730159,0.003174603174603177,-0.20317460317460317,0.0,-0.14285714285714285,-1.0,-0.05714285714285714,0.23080309494684534,-0.16101993093295316,1.3714285714285714,-2.4825396825396826,-0.11428571428571428,0.11428571428571428,0.34285714285714286,-0.23174603174603176,2.0,-2.7222222222222223,-0.2857142857142857,-2.158730158730159,-0.11428571428571428,0.003174603174603177,0.3142857142857143,-0.20317460317460317,0.0,0.0,0.0,-0.14285714285714285,1.0,-1.0,0.05714285714285714,-0.05714285714285714,-2.4825396825396826,1,-0.20452281436269687,1,0,1,0,0,0,0,0.2857142857142857,0.658622971715242,0.6097973503053566,1,0,1,0.658622971715242,1.975868915145726
2026-04,2026-04,S2_Day14,2,2026-04-14 23:59:59,formal_frozen_test,formal_frozen_test,3.4,3.4,True,True,3.8,2026-01,2026-03-17,,CONSERVATIVE_MONTH_END_PLUS_45D_PROXY,False,3,28,3.8,2026-01,11.019525,0.3745454545454496,1.3556993859239252,True,13.56857142857143,13.595,0.7037037037037175,17.44214285714286,17.5,2.3391812865497075,31,2026-04-14,0.09082194255346342,-0.41935483870967744,0.6451612903225806,0.3548387096774194,0.16129032258064516,0.7741935483870968,1.0,0.0,1.0,1.0,0.03225806451612903,0.0967741935483871,0.06451612903225806,0.1935483870967742,0.06451612903225806,0.45161290322580644,-0.1935483870967742,0.2903225806451613,-1.3548387096774193,0.0967741935483871,0.12903225806451613,0.1935483870967742,0.41935483870967744,0.0,0.0,0.5714285714285714,0.2857142857142857,0.2857142857142857,information timestamp <= nowcast cutoff,verified GSS release date where available; otherwise conservative observation month-end +45 days; target month itself always excluded,0.0,,True,8.0,2026-04-14,11.0,11.0412,11.0,11.0412,0.0144595772759786,7.0,2026-04-14,13.5,13.5,13.595,17.1,17.1,17.5,False,,,,TIMING_UNRESOLVED_OR_NOT_RELEASED,False,,,,TIMING_UNRESOLVED_OR_NOT_RELEASED,2026-04,0.23080309494684534,1.3714285714285714,-0.11428571428571428,0.34285714285714286,2.0,-0.2857142857142857,-0.11428571428571428,0.3142857142857143,0.0,0.0,1.0,0.05714285714285714,-0.13998115239338194,-1.790783410138249,0.17880184331797233,-0.2783410138248848,-2.193548387096774,-1.0691244239631335,0.2433179723502304,0.10506912442396316,0.0,0.2857142857142857,0.0,-0.02488479262672811,0.06978316401389217,0.021038778539571243,-1.1111111111111112,0.6917562724014337,0.0,0.06451612903225806,0.1111111111111111,-0.04659498207885304,-0.7222222222222222,0.5286738351254481,-2.4444444444444446,1.0896057347670254,-0.1111111111111111,0.24014336917562723,0.1111111111111111,0.30824372759856633,0.0,0.0,-0.14285714285714285,0.42857142857142855,0.0,1.0,0.0,0.03225806451612903,3.1742959549411163,1,0.012648027620071244,1,0,1,0,0,1,0,0.42857142857142855,0.6611448323892029,0.6097973503053566,1,1,0,0.6611448323892029,1.9834344971676086
2026-04,2026-04,S3_Day21,3,2026-04-21 23:59:59,formal_frozen_test,formal_frozen_test,3.4,3.4,True,True,3.8,2026-01,2026-03-17,,CONSERVATIVE_MONTH_END_PLUS_45D_PROXY,False,3,35,3.8,2026-01,11.0309,0.5454545454545601,1.4603246833405414,True,13.595416666666669,13.595,0.7037037037037175,17.256249999999998,16.545,-3.2456140350877183,50,2026-04-21,0.12308265639486983,0.04,0.62,0.36,0.14,0.74,2.0,1.0,3.0,0.3333333333333333,0.06,0.1,0.2,0.14,0.04,0.5,0.18,0.24,-0.68,0.08,-0.16,0.18,0.24,0.0,0.0,0.5714285714285714,0.2857142857142857,0.2857142857142857,information timestamp <= nowcast cutoff,verified GSS release date where available; otherwise conservative observation month-end +45 days; target month itself always excluded,0.0,,True,13.0,2026-04-21,11.0,11.06,11.0,11.06,0.0187394277886535,12.0,2026-04-21,13.5,13.5,13.7,17.1,16.545,17.6,False,,,,TIMING_UNRESOLVED_OR_NOT_RELEASED,False,,,,TIMING_UNRESOLVED_OR_NOT_RELEASED,2026-04,0.23080309494684534,1.3714285714285714,-0.11428571428571428,0.34285714285714286,2.0,-0.2857142857142857,-0.11428571428571428,0.3142857142857143,0.0,0.0,1.0,0.05714285714285714,-0.10772043855197551,-1.3314285714285714,0.3142857142857143,-0.3028571428571429,-1.82,-0.39428571428571435,-0.04571428571428572,-0.07428571428571429,0.0,0.2857142857142857,-0.6666666666666667,0.0028571428571428567,0.09082194255346342,0.03226071384140641,-0.41935483870967744,0.4593548387096774,0.06451612903225806,0.13548387096774195,0.06451612903225806,-0.024516129032258062,-0.1935483870967742,0.3735483870967742,-1.3548387096774193,0.6748387096774192,0.12903225806451613,-0.28903225806451616,0.41935483870967744,-0.17935483870967744,0.0,0.0,0.2857142857142857,0.0,1.0,-0.6666666666666667,0.03225806451612903,0.027741935483870966,-0.23240143369175625,0,0.07681975535424439,1,0,0,0,0,0,0,0.14285714285714285,0.2796772942321573,0.6097973503053566,0,0,0,0.2796772942321573,0.839031882696472
2026-04,2026-04,S4_MonthEnd,4,2026-04-30 23:59:59,formal_frozen_test,formal_frozen_test,3.4,3.4,True,True,3.8,2026-01,2026-03-17,,CONSERVATIVE_MONTH_END_PLUS_45D_PROXY,False,3,44,3.8,2026-01,11.06637,1.7272727272727328,1.786571654713498,True,13.580526315789475,13.525,0.1851851851851771,16.970789473684217,16.424999999999997,-3.947368421052655,72,2026-04-30,0.05159367059237693,-0.5138888888888888,0.625,0.3055555555555556,0.18055555555555555,0.7638888888888888,2.0,1.0,3.0,0.3333333333333333,0.041666666666666664,0.1111111111111111,0.16666666666666666,0.16666666666666666,-0.3194444444444444,0.375,0.09722222222222222,0.2777777777777778,-0.9166666666666666,0.05555555555555555,-0.1111111111111111,0.125,0.16666666666666666,0.013888888888888888,0.1111111111111111,0.5714285714285714,0.42857142857142855,0.14285714285714285,information timestamp <= nowcast cutoff,verified GSS release date where available; otherwise conservative observation month-end +45 days; target month itself always excluded,0.0,,True,20.0,2026-04-30,11.0,11.19,11.0,11.191,0.0586644023237262,19.0,2026-04-30,13.5,13.5,13.7,17.1,16.424999999999997,17.6,False,,,,TIMING_UNRESOLVED_OR_NOT_RELEASED,False,,,,TIMING_UNRESOLVED_OR_NOT_RELEASED,2026-04,0.23080309494684534,1.3714285714285714,-0.11428571428571428,0.34285714285714286,2.0,-0.2857142857142857,-0.11428571428571428,0.3142857142857143,0.0,0.0,1.0,0.05714285714285714,-0.1792094243544684,-1.8853174603174603,0.28095238095238095,-0.6623015873015873,-1.9027777777777777,-0.6309523809523809,0.003174603174603177,-0.14761904761904762,0.1111111111111111,0.14285714285714285,-0.6666666666666667,-0.015476190476190477,0.12308265639486983,-0.0714889858024929,0.04,-0.5538888888888889,0.2,-0.033333333333333354,0.04,-0.3594444444444444,0.18,-0.08277777777777777,-0.68,-0.23666666666666658,-0.16,0.0488888888888889,0.24,-0.07333333333333333,0.0,0.1111111111111111,0.2857142857142857,-0.14285714285714285,0.3333333333333333,0.0,0.06,-0.018333333333333333,-1.0132437275985664,1,-0.05953205543992397,1,1,0,0,1,0,0,0.42857142857142855,0.5986841704331297,0.6097973503053566,0,0,0,0.5986841704331297,1.796052511299389
2026-05,2026-05,S1_Day7,1,2026-05-07 23:59:59,formal_frozen_test,formal_frozen_test,3.7,3.7,True,True,3.8,2026-01,2026-03-17,,CONSERVATIVE_MONTH_END_PLUS_45D_PROXY,False,4,51,3.8,2026-01,11.245875,0.4373892051275252,1.622076615909296,True,13.5,13.5,0.0,16.27375,16.1,-1.9786910197868823,26,2026-05-07,0.023590061580975617,-0.15384615384615385,0.8461538461538461,0.2692307692307692,0.23076923076923078,0.6923076923076923,0.0,0.0,0.0,0.0,0.0,0.11538461538461539,0.15384615384615385,0.19230769230769232,0.23076923076923078,0.038461538461538464,0.0,0.34615384615384615,-1.1538461538461537,0.07692307692307693,0.15384615384615385,0.038461538461538464,0.23076923076923078,0.038461538461538464,0.23076923076923078,0.7142857142857143,0.14285714285714285,0.5714285714285714,information timestamp <= nowcast cutoff,verified GSS release date where available; otherwise conservative observation month-end +45 days; target month itself always excluded,0.0,,True,4.0,2026-05-07,11.2257,11.2748,11.2257,11.2748,0.0179162461190957,4.0,2026-05-07,13.5,13.5,13.5,16.424999999999997,16.1,16.424999999999997,False,,,,TIMING_UNRESOLVED_OR_NOT_RELEASED,False,,,,TIMING_UNRESOLVED_OR_NOT_RELEASED,2026-05,0.05159367059237693,-0.5138888888888888,0.16666666666666666,-0.3194444444444444,0.09722222222222222,-0.9166666666666666,-0.1111111111111111,0.16666666666666666,0.1111111111111111,0.14285714285714285,0.3333333333333333,0.041666666666666664,-0.028003609011401316,0.360042735042735,-0.012820512820512803,0.5502136752136753,-0.09722222222222222,-0.23717948717948711,0.26495726495726496,0.06410256410256412,0.11965811965811968,0.42857142857142855,-0.3333333333333333,-0.041666666666666664,0.05159367059237693,-0.028003609011401316,-0.5138888888888888,0.360042735042735,0.16666666666666666,-0.012820512820512803,-0.3194444444444444,0.5502136752136753,0.09722222222222222,-0.09722222222222222,-0.9166666666666666,-0.23717948717948711,-0.1111111111111111,0.26495726495726496,0.16666666666666666,0.06410256410256412,0.1111111111111111,0.11965811965811968,0.14285714285714285,0.42857142857142855,0.3333333333333333,-0.3333333333333333,0.041666666666666664,-0.041666666666666664,0.360042735042735,0,0.04767966569315672,0,1,0,0,0,1,0,0.2857142857142857,0.1390507789680647,0.6097973503053566,0,0,0,0.1390507789680647,0.5562031158722588
2026-05,2026-05,S2_Day14,2,2026-05-14 23:59:59,formal_frozen_test,formal_frozen_test,3.7,3.7,True,True,3.8,2026-01,2026-03-17,,CONSERVATIVE_MONTH_END_PLUS_45D_PROXY,False,4,58,3.8,2026-01,11.289,1.6640387681837288,2.0117707974701693,True,13.5,13.5,0.0,16.177222222222223,16.1,-1.9786910197868823,42,2026-05-14,-0.031916881044606396,-0.42857142857142855,0.8095238095238095,0.19047619047619047,0.21428571428571427,0.7142857142857143,0.0,0.0,0.0,0.0,0.0,0.07142857142857142,0.09523809523809523,0.23809523809523808,0.0,0.11904761904761904,-0.14285714285714285,0.2857142857142857,-1.0,0.07142857142857142,0.09523809523809523,0.09523809523809523,0.14285714285714285,0.023809523809523808,0.14285714285714285,0.5714285714285714,0.2857142857142857,0.2857142857142857,information timestamp <= nowcast cutoff,verified GSS release date where available; otherwise conservative observation month-end +45 days; target month itself always excluded,0.0,,True,9.0,2026-05-14,11.2257,11.4125,11.2257,11.4125,0.0546649186712403,9.0,2026-05-14,13.5,13.5,13.5,16.424999999999997,16.1,16.424999999999997,False,,,,TIMING_UNRESOLVED_OR_NOT_RELEASED,False,,,,TIMING_UNRESOLVED_OR_NOT_RELEASED,2026-05,0.05159367059237693,-0.5138888888888888,0.16666666666666666,-0.3194444444444444,0.09722222222222222,-0.9166666666666666,-0.1111111111111111,0.16666666666666666,0.1111111111111111,0.14285714285714285,0.3333333333333333,0.041666666666666664,-0.08351055163698333,0.08531746031746029,-0.07142857142857142,0.3194444444444444,-0.24007936507936506,-0.08333333333333337,0.20634920634920634,-0.023809523809523808,0.031746031746031744,0.14285714285714285,-0.3333333333333333,-0.041666666666666664,0.023590061580975617,-0.05550694262558201,-0.15384615384615385,-0.2747252747252747,0.15384615384615385,-0.05860805860805862,0.23076923076923078,-0.23076923076923078,0.0,-0.14285714285714285,-1.1538461538461537,0.15384615384615374,0.15384615384615385,-0.05860805860805862,0.23076923076923078,-0.08791208791208793,0.23076923076923078,-0.08791208791208793,0.5714285714285714,-0.2857142857142857,0.0,0.0,0.0,0.0,-0.6347680097680097,0,-0.04888419663488417,0,1,1,0,0,1,0,0.42857142857142855,0.11099244735039651,0.6097973503053566,0,0,0,0.11099244735039651,0.44396978940158605
2026-05,2026-05,S3_Day21,3,2026-05-21 23:59:59,formal_frozen_test,formal_frozen_test,3.7,3.7,True,True,3.8,2026-01,2026-03-17,,CONSERVATIVE_MONTH_END_PLUS_45D_PROXY,False,4,65,3.8,2026-01,11.368642857142856,3.4902055105694885,2.7314544619677417,True,13.776428571428571,14.6,8.148148148148149,16.26642857142857,16.595,1.0350076103500916,73,2026-05-21,-0.025536999190508298,-0.4383561643835616,0.8493150684931506,0.1780821917808219,0.1917808219178082,0.7671232876712328,0.0,0.0,0.0,0.0,0.0,0.0410958904109589,0.0547945205479452,0.2191780821917808,0.0273972602739726,0.1095890410958904,-0.1095890410958904,0.4383561643835616,-0.7671232876712328,0.0684931506849315,0.0547945205479452,0.0821917808219178,0.0821917808219178,0.0136986301369863,0.0821917808219178,0.7142857142857143,0.2857142857142857,0.42857142857142855,information timestamp <= nowcast cutoff,verified GSS release date where available; otherwise conservative observation month-end +45 days; target month itself always excluded,0.0,,True,14.0,2026-05-21,11.2257,11.6175,11.2257,11.6175,0.1236296295639617,14.0,2026-05-21,13.5,13.5,14.6,16.424999999999997,16.1,16.595,False,,,,TIMING_UNRESOLVED_OR_NOT_RELEASED,False,,,,TIMING_UNRESOLVED_OR_NOT_RELEASED,2026-05,0.05159367059237693,-0.5138888888888888,0.16666666666666666,-0.3194444444444444,0.09722222222222222,-0.9166666666666666,-0.1111111111111111,0.16666666666666666,0.1111111111111111,0.14285714285714285,0.3333333333333333,0.041666666666666664,-0.07713066978288523,0.07553272450532722,-0.11187214611872145,0.346841704718417,-0.20681126331811261,0.1495433789954338,0.1659056316590563,-0.08447488584474885,-0.0289193302891933,0.2857142857142857,-0.3333333333333333,-0.041666666666666664,-0.031916881044606396,0.006379881854098098,-0.42857142857142855,-0.009784735812133072,0.09523809523809523,-0.04044357469015003,0.0,0.0273972602739726,-0.14285714285714285,0.033268101761252444,-1.0,0.23287671232876717,0.09523809523809523,-0.04044357469015003,0.14285714285714285,-0.060665362035225046,0.14285714285714285,-0.060665362035225046,0.2857142857142857,0.14285714285714285,0.0,0.0,0.0,0.0,0.2649405389131416,0,-0.04722834815594051,0,1,1,0,0,1,0,0.42857142857142855,0.09010992179341942,0.6097973503053566,0,0,0,0.09010992179341942,0.3604396871736777
2026-05,2026-05,S4_MonthEnd,4,2026-05-31 23:59:59,formal_frozen_test,formal_frozen_test,3.7,3.7,True,True,3.8,2026-01,2026-03-17,,CONSERVATIVE_MONTH_END_PLUS_45D_PROXY,False,4,75,3.8,2026-01,11.449805263157897,4.492370186269024,3.4648693578643863,True,14.012105263157896,14.75,9.259259259259256,16.370789473684212,16.7,1.6742770167427867,92,2026-05-29,0.0015622694818382096,-0.17391304347826086,0.8260869565217391,0.17391304347826086,0.16304347826086957,0.7934782608695652,0.0,0.0,0.0,0.0,0.0,0.03260869565217391,0.043478260869565216,0.20652173913043478,0.10869565217391304,0.11956521739130435,-0.08695652173913043,0.4782608695652174,-0.5760869565217391,0.05434782608695652,0.043478260869565216,0.08695652173913043,0.06521739130434782,0.010869565217391304,0.06521739130434782,0.7142857142857143,0.2857142857142857,0.42857142857142855,information timestamp <= nowcast cutoff,verified GSS release date where available; otherwise conservative observation month-end +45 days; target month itself always excluded,0.0,,True,19.0,2026-05-29,11.2257,11.73,11.2257,11.73,0.1740306309205793,19.0,2026-05-29,13.5,13.5,14.75,16.424999999999997,16.1,16.7,False,,,,TIMING_UNRESOLVED_OR_NOT_RELEASED,False,,,,TIMING_UNRESOLVED_OR_NOT_RELEASED,2026-05,0.05159367059237693,-0.5138888888888888,0.16666666666666666,-0.3194444444444444,0.09722222222222222,-0.9166666666666666,-0.1111111111111111,0.16666666666666666,0.1111111111111111,0.14285714285714285,0.3333333333333333,0.041666666666666664,-0.05003140111053873,0.339975845410628,-0.12318840579710144,0.42814009661835745,-0.18417874396135264,0.3405797101449275,0.15458937198067632,-0.10144927536231883,-0.04589371980676328,0.2857142857142857,-0.3333333333333333,-0.041666666666666664,-0.025536999190508298,0.027099268672346508,-0.4383561643835616,0.26444312090530075,0.0547945205479452,-0.011316259678379986,0.0273972602739726,0.08129839189994044,-0.1095890410958904,0.022632519356759973,-0.7671232876712328,0.1910363311494937,0.0547945205479452,-0.011316259678379986,0.0821917808219178,-0.01697438951756998,0.0821917808219178,-0.01697438951756998,0.42857142857142855,0.0,0.0,0.0,0.0,0.0,0.2742278567174338,0,0.003019263673827287,0,1,1,0,0,1,0,0.42857142857142855,0.13651127850579886,0.6097973503053566,0,0,0,0.13651127850579886,0.5460451140231954
2026-06,2026-06,S1_Day7,1,2026-06-07 23:59:59,formal_frozen_test,formal_frozen_test,5.3,5.3,True,True,3.8,2026-01,2026-03-17,,CONSERVATIVE_MONTH_END_PLUS_45D_PROXY,False,5,82,3.8,2026-01,11.80568,0.8553191489361733,3.108129166067175,True,15.271,15.27,-0.0327332242225919,16.79,16.795,0.1789442290486276,17,2026-06-05,0.4616988403611864,3.6470588235294117,0.7647058823529411,0.5294117647058824,0.0,1.0,2.0,0.0,2.0,1.0,0.11764705882352941,0.17647058823529413,1.0588235294117647,0.17647058823529413,0.11764705882352941,0.35294117647058826,1.7647058823529411,0.11764705882352941,0.0,0.058823529411764705,0.35294117647058826,0.23529411764705882,0.9411764705882353,0.0,0.0,0.7142857142857143,0.0,0.7142857142857143,information timestamp <= nowcast cutoff,verified GSS release date where available; otherwise conservative observation month-end +45 days; target month itself always excluded,0.0,,True,5.0,2026-06-05,11.75,11.8505,11.75,11.8505,0.0379734328182218,5.0,2026-06-05,15.275,15.225,15.31,16.765,16.765,16.8,False,,,,TIMING_UNRESOLVED_OR_NOT_RELEASED,False,,,,TIMING_UNRESOLVED_OR_NOT_RELEASED,2026-06,0.0015622694818382096,-0.17391304347826086,0.043478260869565216,0.10869565217391304,-0.08695652173913043,-0.5760869565217391,0.043478260869565216,0.06521739130434782,0.06521739130434782,0.42857142857142855,0.0,0.0,0.46013657087934823,3.8209718670076724,1.0153452685421995,0.00895140664961637,1.8516624040920715,0.5760869565217391,0.309462915601023,0.8759590792838875,-0.06521739130434782,0.28571428571428575,1.0,0.11764705882352941,0.0015622694818382096,0.46013657087934823,-0.17391304347826086,3.8209718670076724,0.043478260869565216,1.0153452685421995,0.10869565217391304,0.00895140664961637,-0.08695652173913043,1.8516624040920715,-0.5760869565217391,0.5760869565217391,0.043478260869565216,0.309462915601023,0.06521739130434782,0.8759590792838875,0.06521739130434782,-0.06521739130434782,0.42857142857142855,0.28571428571428575,0.0,1.0,0.0,0.11764705882352941,3.8209718670076724,1,0.6141106107841788,0,0,1,0,0,0,1,0.2857142857142857,0.7802437792331406,0.6097973503053566,1,1,0,0.7802437792331406,3.901218896165703
2026-06,2026-06,S2_Day14,2,2026-06-14 23:59:59,formal_frozen_test,formal_frozen_test,5.3,5.3,True,True,3.8,2026-01,2026-03-17,,CONSERVATIVE_MONTH_END_PLUS_45D_PROXY,False,5,89,3.8,2026-01,11.62484,-5.957446808510635,1.5287136577363023,True,15.235499999999998,15.2,-0.4909983633387904,16.7785,16.75,-0.0894721145243138,31,2026-06-12,0.3285255858816299,3.3870967741935485,0.7419354838709677,0.45161290322580644,0.06451612903225806,0.9032258064516129,2.0,0.0,2.0,1.0,0.06451612903225806,0.25806451612903225,1.935483870967742,0.16129032258064516,0.06451612903225806,0.2903225806451613,1.1290322580645162,0.0967741935483871,0.0,0.0967741935483871,0.25806451612903225,0.12903225806451613,0.5161290322580645,0.0,0.0,0.7142857142857143,0.0,0.7142857142857143,information timestamp <= nowcast cutoff,verified GSS release date where available; otherwise conservative observation month-end +45 days; target month itself always excluded,0.0,,True,10.0,2026-06-12,11.75,11.05,11.05,11.8505,0.3029126877501169,10.0,2026-06-12,15.275,15.2,15.31,16.765,16.75,16.8,False,,,,TIMING_UNRESOLVED_OR_NOT_RELEASED,False,,,,TIMING_UNRESOLVED_OR_NOT_RELEASED,2026-06,0.0015622694818382096,-0.17391304347826086,0.043478260869565216,0.10869565217391304,-0.08695652173913043,-0.5760869565217391,0.043478260869565216,0.06521739130434782,0.06521739130434782,0.42857142857142855,0.0,0.0,0.3269633163997917,3.5610098176718092,1.8920056100981768,-0.04417952314165498,1.2159887798036466,0.5760869565217391,0.21458625525946703,0.45091164095371666,-0.06521739130434782,0.28571428571428575,1.0,0.06451612903225806,0.4616988403611864,-0.13317325447955652,3.6470588235294117,-0.2599620493358632,1.0588235294117647,0.8766603415559773,0.11764705882352941,-0.05313092979127135,1.7647058823529411,-0.6356736242884249,0.0,0.0,0.35294117647058826,-0.09487666034155601,0.9411764705882353,-0.4250474383301708,0.0,0.0,0.7142857142857143,0.0,1.0,0.0,0.11764705882352941,-0.05313092979127135,-4.080933916343536,1,0.6061975344968898,0,0,1,0,0,0,1,0.2857142857142857,0.7507941808407772,0.6097973503053566,1,1,0,0.7507941808407772,3.753970904203886
2026-06,2026-06,S3_Day21,3,2026-06-21 23:59:59,formal_frozen_test,formal_frozen_test,5.3,5.3,True,True,3.8,2026-01,2026-03-17,,CONSERVATIVE_MONTH_END_PLUS_45D_PROXY,False,5,96,3.8,2026-01,11.47196,-4.553191489361708,0.193494442332498,True,15.205999999999996,14.935,-2.225859247135842,16.721,16.5,-1.5806740232627514,37,2026-06-21,0.21383458102110217,2.4594594594594597,0.7297297297297297,0.40540540540540543,0.16216216216216217,0.8648648648648649,2.0,1.0,3.0,0.3333333333333333,0.08108108108108109,0.21621621621621623,1.6216216216216217,0.13513513513513514,0.05405405405405406,0.32432432432432434,0.8918918918918919,0.13513513513513514,-0.32432432432432434,0.08108108108108109,0.21621621621621623,0.10810810810810811,0.43243243243243246,0.0,0.0,0.7142857142857143,0.14285714285714285,0.5714285714285714,information timestamp <= nowcast cutoff,verified GSS release date where available; otherwise conservative observation month-end +45 days; target month itself always excluded,0.0,,True,15.0,2026-06-19,11.75,11.215,11.05,11.8505,0.3292821076220206,15.0,2026-06-19,15.275,14.935,15.31,16.765,16.5,16.8,False,,,,TIMING_UNRESOLVED_OR_NOT_RELEASED,False,,,,TIMING_UNRESOLVED_OR_NOT_RELEASED,2026-06,0.0015622694818382096,-0.17391304347826086,0.043478260869565216,0.10869565217391304,-0.08695652173913043,-0.5760869565217391,0.043478260869565216,0.06521739130434782,0.06521739130434782,0.42857142857142855,0.0,0.0,0.21227231153926396,2.6333725029377204,1.5781433607520565,-0.05464159811985898,0.9788484136310223,0.2517626321974148,0.172737955346651,0.3672150411280846,-0.06521739130434782,0.14285714285714285,0.3333333333333333,0.08108108108108109,0.3285255858816299,-0.11469100486052772,3.3870967741935485,-0.9276373147340888,1.935483870967742,-0.3138622493461203,0.06451612903225806,-0.010462074978204006,1.1290322580645162,-0.23714036617262435,0.0,-0.32432432432432434,0.25806451612903225,-0.04184829991281602,0.5161290322580645,-0.08369659982563205,0.0,0.0,0.7142857142857143,-0.1428571428571429,1.0,-0.6666666666666667,0.06451612903225806,0.016564952048823023,-0.6676752653982256,1,0.5078190369014782,0,0,1,0,0,0,0,0.14285714285714285,0.6133489538102299,0.6097973503053566,1,1,0,0.6133489538102299,3.06674476905115
2026-06,2026-06,S4_MonthEnd,4,2026-06-30 23:59:59,formal_frozen_test,formal_frozen_test,5.3,5.3,True,True,3.8,2026-01,2026-03-17,,CONSERVATIVE_MONTH_END_PLUS_45D_PROXY,False,5,105,3.8,2026-01,11.406845454545454,-3.404255319148941,-0.3752012163095286,True,14.935799015799011,13.99,-8.412438625204588,16.567075216450217,16.094464285714288,-3.999616548080598,54,2026-06-30,0.21165610881845398,2.2777777777777777,0.6666666666666666,0.3888888888888889,0.14814814814814814,0.8518518518518519,6.0,1.0,7.0,0.7142857142857143,0.12962962962962962,0.16666666666666666,1.3333333333333333,0.14814814814814814,0.037037037037037035,0.3888888888888889,0.5740740740740741,0.14814814814814814,0.2962962962962963,0.07407407407407407,0.14814814814814814,0.09259259259259259,0.2962962962962963,0.05555555555555555,0.1111111111111111,1.0,0.0,1.0,information timestamp <= nowcast cutoff,verified GSS release date where available; otherwise conservative observation month-end +45 days; target month itself always excluded,0.0,,True,22.0,2026-06-30,11.75,11.35,11.05,11.8505,0.2898286903535709,22.0,2026-06-30,15.275,13.99,15.31,16.765,16.094464285714288,16.8,False,,,,TIMING_UNRESOLVED_OR_NOT_RELEASED,False,,,,TIMING_UNRESOLVED_OR_NOT_RELEASED,2026-06,0.0015622694818382096,-0.17391304347826086,0.043478260869565216,0.10869565217391304,-0.08695652173913043,-0.5760869565217391,0.043478260869565216,0.06521739130434782,0.06521739130434782,0.42857142857142855,0.0,0.0,0.21009383933661577,2.4516908212560384,1.289855072463768,-0.071658615136876,0.6610305958132046,0.8723832528180354,0.10466988727858292,0.23107890499194844,0.04589371980676328,0.5714285714285714,0.7142857142857143,0.12962962962962962,0.21383458102110217,-0.0021784722026481906,2.4594594594594597,-0.18168168168168197,1.6216216216216217,-0.28828828828828845,0.05405405405405406,-0.017017017017017022,0.8918918918918919,-0.3178178178178178,-0.32432432432432434,0.6206206206206206,0.21621621621621623,-0.06806806806806809,0.43243243243243246,-0.13613613613613618,0.0,0.1111111111111111,0.5714285714285714,0.4285714285714286,0.3333333333333333,0.380952380952381,0.08108108108108109,0.04854854854854854,0.7459556330524069,1,0.5062458913492233,0,0,1,0,0,0,1,0.2857142857142857,0.6699262227457593,0.6097973503053566,1,1,0,0.6699262227457593,3.3496311137287966
2026-07,2026-07,S1_Day7,1,2026-07-07 23:59:59,formal_frozen_test,formal_frozen_test,4.6,4.6,True,True,3.8,2026-01,2026-03-17,,CONSERVATIVE_MONTH_END_PLUS_45D_PROXY,False,6,112,3.8,2026-01,11.389125,0.6784140969162911,-0.1553492998223493,True,13.805,13.64,-1.6582552271088624,15.90964285714286,15.79,-1.1779431815642227,18,2026-07-07,0.3786342862842967,4.444444444444445,0.5555555555555556,0.5,0.05555555555555555,0.8888888888888888,5.0,0.0,5.0,1.0,0.2777777777777778,0.1111111111111111,2.0,0.16666666666666666,0.7222222222222222,0.3888888888888889,1.1666666666666667,0.16666666666666666,0.0,0.0,0.0,0.0,0.0,0.2222222222222222,0.5,0.5714285714285714,0.0,0.5714285714285714,information timestamp <= nowcast cutoff,verified GSS release date where available; otherwise conservative observation month-end +45 days; target month itself always excluded,0.0,,True,4.0,2026-07-07,11.35,11.427,11.35,11.427,0.0272313583025158,5.0,2026-07-07,13.87,13.64,13.87,15.97821428571429,15.79,15.97821428571429,False,,,,TIMING_UNRESOLVED_OR_NOT_RELEASED,False,,,,TIMING_UNRESOLVED_OR_NOT_RELEASED,2026-07,0.21165610881845398,2.2777777777777777,1.3333333333333333,0.037037037037037035,0.5740740740740741,0.2962962962962963,0.14814814814814814,0.2962962962962963,0.1111111111111111,1.0,0.7142857142857143,0.12962962962962962,0.1669781774658427,2.166666666666667,0.6666666666666667,0.6851851851851851,0.5925925925925927,-0.2962962962962963,-0.14814814814814814,-0.2962962962962963,0.3888888888888889,-0.4285714285714286,0.2857142857142857,0.14814814814814817,0.21165610881845398,0.1669781774658427,2.2777777777777777,2.166666666666667,1.3333333333333333,0.6666666666666667,0.037037037037037035,0.6851851851851851,0.5740740740740741,0.5925925925925927,0.2962962962962963,-0.2962962962962963,0.14814814814814814,-0.14814814814814814,0.2962962962962963,-0.2962962962962963,0.1111111111111111,0.3888888888888889,1.0,-0.4285714285714286,0.7142857142857143,0.2857142857142857,0.12962962962962962,0.14814814814814817,2.166666666666667,0,0.6513686112211545,0,0,0,1,0,1,1,0.42857142857142855,0.5615016893684625,0.6097973503053566,0,0,0,0.5615016893684625,3.3690101362107745
2026-07,2026-07,S2_Day14,2,2026-07-14 23:59:59,formal_frozen_test,formal_frozen_test,4.6,4.6,True,True,3.8,2026-01,2026-03-17,,CONSERVATIVE_MONTH_END_PLUS_45D_PROXY,False,6,119,3.8,2026-01,11.438444444444446,1.4625550660793074,0.2770177787093653,True,13.6895,13.585,-2.054794520547931,15.759821428571428,15.6,-2.367062294642297,26,2026-07-14,0.2123417461821098,2.5384615384615383,0.5,0.38461538461538464,0.11538461538461539,0.8846153846153846,5.0,0.0,5.0,1.0,0.19230769230769232,0.07692307692307693,1.3846153846153846,0.19230769230769232,0.5769230769230769,0.34615384615384615,0.6538461538461539,0.2692307692307692,-0.46153846153846156,0.07692307692307693,0.07692307692307693,0.0,0.0,0.15384615384615385,0.34615384615384615,0.7142857142857143,0.14285714285714285,0.5714285714285714,information timestamp <= nowcast cutoff,verified GSS release date where available; otherwise conservative observation month-end +45 days; target month itself always excluded,0.0,,True,9.0,2026-07-14,11.35,11.516,11.35,11.516,0.0513438541407313,10.0,2026-07-14,13.87,13.55,13.87,15.97821428571429,15.6,15.97821428571429,False,,,,TIMING_UNRESOLVED_OR_NOT_RELEASED,False,,,,TIMING_UNRESOLVED_OR_NOT_RELEASED,2026-07,0.21165610881845398,2.2777777777777777,1.3333333333333333,0.037037037037037035,0.5740740740740741,0.2962962962962963,0.14814814814814814,0.2962962962962963,0.1111111111111111,1.0,0.7142857142857143,0.12962962962962962,0.0006856373636558166,0.26068376068376065,0.05128205128205132,0.5398860398860399,0.07977207977207978,-0.7578347578347578,-0.07122507122507121,-0.2962962962962963,0.23504273504273504,-0.4285714285714286,0.2857142857142857,0.0626780626780627,0.3786342862842967,-0.1662925401021869,4.444444444444445,-1.9059829059829063,2.0,-0.6153846153846154,0.7222222222222222,-0.14529914529914534,1.1666666666666667,-0.5128205128205129,0.0,-0.46153846153846156,0.0,0.07692307692307693,0.0,0.0,0.5,-0.15384615384615385,0.5714285714285714,0.0,1.0,0.0,0.2777777777777778,-0.08547008547008547,-4.072649572649573,0,0.549498478912013,0,0,0,1,0,0,1,0.2857142857142857,0.3364928147814259,0.6097973503053566,0,0,0,0.3364928147814259,2.0189568886885554
2026-07,2026-07,S3_Day21,3,2026-07-21 23:59:59,formal_frozen_test,formal_frozen_test,4.6,4.6,True,True,3.8,2026-01,2026-03-17,,CONSERVATIVE_MONTH_END_PLUS_45D_PROXY,False,6,126,3.8,2026-01,11.480592857142858,2.2026431718061623,0.6465188196971283,True,13.804333333333334,14.38,3.677000720980539,15.911214285714284,16.72,4.642481950870558,52,2026-07-21,0.10238074119352823,0.7692307692307693,0.5961538461538461,0.28846153846153844,0.1346153846153846,0.8846153846153846,6.0,0.0,6.0,1.0,0.11538461538461539,0.057692307692307696,0.38461538461538464,0.23076923076923078,0.5,0.38461538461538464,0.4423076923076923,0.4423076923076923,-0.9230769230769231,0.057692307692307696,0.038461538461538464,0.038461538461538464,0.0,0.09615384615384616,-0.1346153846153846,0.5714285714285714,0.2857142857142857,0.2857142857142857,information timestamp <= nowcast cutoff,verified GSS release date where available; otherwise conservative observation month-end +45 days; target month itself always excluded,0.0,,True,14.0,2026-07-21,11.35,11.6,11.35,11.6,0.0714727067216742,15.0,2026-07-21,13.87,13.55,14.38,15.97821428571429,15.6,16.72,False,,,,TIMING_UNRESOLVED_OR_NOT_RELEASED,False,,,,TIMING_UNRESOLVED_OR_NOT_RELEASED,2026-07,0.21165610881845398,2.2777777777777777,1.3333333333333333,0.037037037037037035,0.5740740740740741,0.2962962962962963,0.14814814814814814,0.2962962962962963,0.1111111111111111,1.0,0.7142857142857143,0.12962962962962962,-0.10927536762492575,-1.5085470085470085,-0.9487179487179487,0.46296296296296297,-0.13176638176638178,-1.2193732193732194,-0.10968660968660968,-0.2962962962962963,-0.24572649572649571,-0.7142857142857143,0.2857142857142857,-0.014245014245014231,0.2123417461821098,-0.10996100498858156,2.5384615384615383,-1.7692307692307692,1.3846153846153846,-1.0,0.5769230769230769,-0.07692307692307687,0.6538461538461539,-0.21153846153846156,-0.46153846153846156,-0.46153846153846156,0.07692307692307693,-0.038461538461538464,0.0,0.0,0.34615384615384615,-0.4807692307692307,0.5714285714285714,-0.2857142857142857,1.0,0.0,0.19230769230769232,-0.07692307692307693,0.13675213675213715,0,0.27626882313127876,0,0,0,1,1,0,1,0.42857142857142855,0.3696962340991526,0.6097973503053566,0,0,0,0.3696962340991526,2.2181774045949156
2026-07,2026-07,S4_MonthEnd,4,2026-07-31 23:59:59,formal_frozen_test,formal_frozen_test,4.6,4.6,True,True,3.8,2026-01,2026-03-17,,CONSERVATIVE_MONTH_END_PLUS_45D_PROXY,False,6,136,3.8,2026-01,11.542290909090909,2.99559471365638,1.1874050111854606,True,14.089644927536236,14.91,7.498197548666186,16.312096273291928,17.37,8.710521021927153,90,2026-07-31,0.06721049277004515,0.8333333333333334,0.6222222222222222,0.24444444444444444,0.14444444444444443,0.7777777777777778,7.0,0.0,7.0,1.0,0.07777777777777778,0.08888888888888889,0.5555555555555556,0.2,0.4111111111111111,0.35555555555555557,0.6111111111111112,0.3888888888888889,-0.24444444444444444,0.24444444444444444,0.044444444444444446,0.05555555555555555,0.3333333333333333,0.05555555555555555,-0.07777777777777778,0.7142857142857143,0.2857142857142857,0.42857142857142855,information timestamp <= nowcast cutoff,verified GSS release date where available; otherwise conservative observation month-end +45 days; target month itself always excluded,0.0,,True,22.0,2026-07-31,11.35,11.69,11.35,11.69,0.1009976548291678,23.0,2026-07-31,13.87,13.55,14.91,15.97821428571429,15.6,17.37,False,,,,TIMING_UNRESOLVED_OR_NOT_RELEASED,False,,,,TIMING_UNRESOLVED_OR_NOT_RELEASED,2026-07,0.21165610881845398,2.2777777777777777,1.3333333333333333,0.037037037037037035,0.5740740740740741,0.2962962962962963,0.14814814814814814,0.2962962962962963,0.1111111111111111,1.0,0.7142857142857143,0.12962962962962962,-0.14444561604840883,-1.4444444444444442,-0.7777777777777777,0.37407407407407406,0.03703703703703709,-0.5407407407407407,-0.10370370370370369,0.037037037037037035,-0.18888888888888888,-0.5714285714285714,0.2857142857142857,-0.05185185185185184,0.10238074119352823,-0.03517024842348308,0.7692307692307693,0.0641025641025641,0.38461538461538464,0.17094017094017094,0.5,-0.0888888888888889,0.4423076923076923,0.16880341880341887,-0.9230769230769231,0.6786324786324787,0.038461538461538464,0.0059829059829059825,0.0,0.3333333333333333,-0.1346153846153846,0.05683760683760683,0.2857142857142857,0.14285714285714285,1.0,0.0,0.11538461538461539,-0.03760683760683761,1.8333333333333333,0,0.3246128401842202,0,0,0,0,1,0,1,0.2857142857142857,0.42107861797085944,0.6097973503053566,0,0,0,0.42107861797085944,2.5264717078251566
