target_month,month,state,state_number,nowcast_cutoff,row_role,evaluation_partition,actual_target_headline_inflation_yoy,actual_target_is_evaluation_only,actual_target_cpi_yoy,leakage_rule,headline_anchor_rule,news_available,news_status,fx_available,fx_obs_mtd,fx_latest_date,fx_mtd_avg,fx_first,fx_latest,fx_mtd_min,fx_mtd_max,fx_mtd_std,fx_within_month_pct,fx_vs_prev_month_avg_pct,npa_available,npa_days_available,npa_latest_date,npa_petrol_mtd_avg,npa_petrol_first,npa_petrol_latest,npa_petrol_min,npa_petrol_max,npa_petrol_within_month_pct,npa_diesel_mtd_avg,npa_diesel_first,npa_diesel_latest,npa_diesel_min,npa_diesel_max,npa_diesel_within_month_pct,cpi_available,cpi_latest_yoy,cpi_observation_month,cpi_release_date,cpi_timing_status,ppi_available,ppi_latest_yoy,ppi_observation_month,ppi_release_date,ppi_timing_status,headline_anchor_available,headline_anchor_yoy,headline_anchor_observation_month,headline_anchor_release_date,headline_anchor_available_date,headline_anchor_timing_method,headline_anchor_verified_release,headline_anchor_reference_age_months,headline_anchor_information_age_days,cpi_safe_latest,cpi_safe_latest_month
2022-01,2022-01,S1_Day7,1,2022-01-07 23:59:59,extended_historical_test,extended_historical_test,13.9,True,13.9,information timestamp <= nowcast cutoff,verified GSS release date where available; otherwise conservative observation month-end +45 days; target month itself always excluded,False,ADDED_IN_SCRIPT_10,True,3,2022-01-06,6.0061333333333335,6.0061,6.0064,6.0059,6.0064,0.00020548046676587407,0.004994921829482024,0.9962069810158569,False,0,,,,,,,,,,,,,,False,,,,TIMING_UNRESOLVED_OR_NOT_RELEASED,False,,,,TIMING_UNRESOLVED_OR_NOT_RELEASED,True,11.0,2021-10,,2021-12-15,CONSERVATIVE_MONTH_END_PLUS_45D_PROXY,False,3,23,11.0,2021-10
2022-01,2022-01,S2_Day14,2,2022-01-14 23:59:59,extended_historical_test,extended_historical_test,13.9,True,13.9,information timestamp <= nowcast cutoff,verified GSS release date where available; otherwise conservative observation month-end +45 days; target month itself always excluded,False,ADDED_IN_SCRIPT_10,True,8,2022-01-14,6.006237499999999,6.0061,6.0063,6.0059,6.0064,0.0001653594569417474,0.0033299478863213494,0.9979585968464155,False,0,,,,,,,,,,,,,,False,,,,TIMING_UNRESOLVED_OR_NOT_RELEASED,False,,,,TIMING_UNRESOLVED_OR_NOT_RELEASED,True,12.3,2021-11,,2022-01-14,CONSERVATIVE_MONTH_END_PLUS_45D_PROXY,False,2,0,12.3,2021-11
2022-01,2022-01,S3_Day21,3,2022-01-21 23:59:59,extended_historical_test,extended_historical_test,13.9,True,13.9,information timestamp <= nowcast cutoff,verified GSS release date where available; otherwise conservative observation month-end +45 days; target month itself always excluded,False,ADDED_IN_SCRIPT_10,True,13,2022-01-21,6.007276923076922,6.0061,6.0099,6.0059,6.0101,0.0016096601868593747,0.06326900983999462,1.0154370280419212,False,0,,,,,,,,,,,,,,False,,,,TIMING_UNRESOLVED_OR_NOT_RELEASED,False,,,,TIMING_UNRESOLVED_OR_NOT_RELEASED,True,12.3,2021-11,,2022-01-14,CONSERVATIVE_MONTH_END_PLUS_45D_PROXY,False,2,7,12.3,2021-11
2022-01,2022-01,S4_MonthEnd,4,2022-01-31 23:59:59,extended_historical_test,extended_historical_test,13.9,True,13.9,information timestamp <= nowcast cutoff,verified GSS release date where available; otherwise conservative observation month-end +45 days; target month itself always excluded,False,ADDED_IN_SCRIPT_10,True,19,2022-01-31,6.010400000000001,6.0061,6.0236,6.0059,6.0236,0.005789736836124612,0.29137044005260737,1.0679531654360641,False,0,,,,,,,,,,,,,,False,,,,TIMING_UNRESOLVED_OR_NOT_RELEASED,False,,,,TIMING_UNRESOLVED_OR_NOT_RELEASED,True,12.3,2021-11,,2022-01-14,CONSERVATIVE_MONTH_END_PLUS_45D_PROXY,False,2,17,12.3,2021-11
2022-02,2022-02,S1_Day7,1,2022-02-07 23:59:59,extended_historical_test,extended_historical_test,15.7,True,15.7,information timestamp <= nowcast cutoff,verified GSS release date where available; otherwise conservative observation month-end +45 days; target month itself always excluded,False,ADDED_IN_SCRIPT_10,True,5,2022-02-07,6.1161200000000004,6.1027,6.1598,6.1027,6.1598,0.02195417044663718,0.9356514329722954,1.7589511513376843,False,0,,,,,,,,,,,,,,False,,,,TIMING_UNRESOLVED_OR_NOT_RELEASED,False,,,,TIMING_UNRESOLVED_OR_NOT_RELEASED,True,12.3,2021-11,,2022-01-14,CONSERVATIVE_MONTH_END_PLUS_45D_PROXY,False,3,24,12.3,2021-11
2022-02,2022-02,S2_Day14,2,2022-02-14 23:59:59,extended_historical_test,extended_historical_test,15.7,True,15.7,information timestamp <= nowcast cutoff,verified GSS release date where available; otherwise conservative observation month-end +45 days; target month itself always excluded,False,ADDED_IN_SCRIPT_10,True,10,2022-02-14,6.17966,6.1027,6.3021,6.1027,6.3021,0.07375342975075805,3.267406230029346,2.81611872753893,False,0,,,,,,,,,,,,,,False,,,,TIMING_UNRESOLVED_OR_NOT_RELEASED,False,,,,TIMING_UNRESOLVED_OR_NOT_RELEASED,True,12.6,2021-12,,2022-02-14,CONSERVATIVE_MONTH_END_PLUS_45D_PROXY,False,2,0,12.6,2021-12
2022-02,2022-02,S3_Day21,3,2022-02-21 23:59:59,extended_historical_test,extended_historical_test,15.7,True,15.7,information timestamp <= nowcast cutoff,verified GSS release date where available; otherwise conservative observation month-end +45 days; target month itself always excluded,False,ADDED_IN_SCRIPT_10,True,15,2022-02-21,6.238606666666668,6.1027,6.4227,6.1027,6.4227,0.1074994416522967,5.243580710177476,3.796863214872026,False,0,,,,,,,,,,,,,,False,,,,TIMING_UNRESOLVED_OR_NOT_RELEASED,False,,,,TIMING_UNRESOLVED_OR_NOT_RELEASED,True,12.6,2021-12,,2022-02-14,CONSERVATIVE_MONTH_END_PLUS_45D_PROXY,False,2,7,12.6,2021-12
2022-02,2022-02,S4_MonthEnd,4,2022-02-28 23:59:59,extended_historical_test,extended_historical_test,15.7,True,15.7,information timestamp <= nowcast cutoff,verified GSS release date where available; otherwise conservative observation month-end +45 days; target month itself always excluded,False,ADDED_IN_SCRIPT_10,True,20,2022-02-28,6.307649999999999,6.1027,6.6004,6.1027,6.6004,0.15603130935808998,8.155406623297878,4.945594303207734,False,0,,,,,,,,,,,,,,False,,,,TIMING_UNRESOLVED_OR_NOT_RELEASED,False,,,,TIMING_UNRESOLVED_OR_NOT_RELEASED,True,12.6,2021-12,,2022-02-14,CONSERVATIVE_MONTH_END_PLUS_45D_PROXY,False,2,14,12.6,2021-12
2022-03,2022-03,S1_Day7,1,2022-03-07 23:59:59,extended_historical_test,extended_historical_test,19.4,True,19.4,information timestamp <= nowcast cutoff,verified GSS release date where available; otherwise conservative observation month-end +45 days; target month itself always excluded,False,ADDED_IN_SCRIPT_10,True,4,2022-03-04,6.924999999999999,6.7006,7.0019,6.7006,7.0019,0.1295727016002986,4.496612243679676,9.787321744231203,False,0,,,,,,,,,,,,,,False,,,,TIMING_UNRESOLVED_OR_NOT_RELEASED,False,,,,TIMING_UNRESOLVED_OR_NOT_RELEASED,True,12.6,2021-12,,2022-02-14,CONSERVATIVE_MONTH_END_PLUS_45D_PROXY,False,3,21,12.6,2021-12
2022-03,2022-03,S2_Day14,2,2022-03-14 23:59:59,extended_historical_test,extended_historical_test,19.4,True,19.4,information timestamp <= nowcast cutoff,verified GSS release date where available; otherwise conservative observation month-end +45 days; target month itself always excluded,False,ADDED_IN_SCRIPT_10,True,9,2022-03-14,6.977233333333334,6.7006,7.03,6.7006,7.03,0.09838612142415674,4.915977673641181,10.61541672942119,False,0,,,,,,,,,,,,,,False,,,,TIMING_UNRESOLVED_OR_NOT_RELEASED,False,,,,TIMING_UNRESOLVED_OR_NOT_RELEASED,True,12.6,2021-12,,2022-02-14,CONSERVATIVE_MONTH_END_PLUS_45D_PROXY,False,3,28,12.6,2021-12
2022-03,2022-03,S3_Day21,3,2022-03-21 23:59:59,extended_historical_test,extended_historical_test,19.4,True,19.4,information timestamp <= nowcast cutoff,verified GSS release date where available; otherwise conservative observation month-end +45 days; target month itself always excluded,False,ADDED_IN_SCRIPT_10,True,14,2022-03-21,7.008935714285713,6.7006,7.1125,6.7006,7.1125,0.09244805187735641,6.147210697549466,11.11801882294856,False,0,,,,,,,,,,,,,,False,,,,TIMING_UNRESOLVED_OR_NOT_RELEASED,False,,,,TIMING_UNRESOLVED_OR_NOT_RELEASED,True,13.9,2022-01,,2022-03-17,CONSERVATIVE_MONTH_END_PLUS_45D_PROXY,False,2,4,13.9,2022-01
2022-03,2022-03,S4_MonthEnd,4,2022-03-31 23:59:59,extended_historical_test,extended_historical_test,19.4,True,19.4,information timestamp <= nowcast cutoff,verified GSS release date where available; otherwise conservative observation month-end +45 days; target month itself always excluded,False,ADDED_IN_SCRIPT_10,True,22,2022-03-31,7.046531818181819,6.7006,7.1122,6.7006,7.1126,0.08895137786435321,6.142733486553453,11.714058614251277,False,0,,,,,,,,,,,,,,False,,,,TIMING_UNRESOLVED_OR_NOT_RELEASED,False,,,,TIMING_UNRESOLVED_OR_NOT_RELEASED,True,13.9,2022-01,,2022-03-17,CONSERVATIVE_MONTH_END_PLUS_45D_PROXY,False,2,14,13.9,2022-01
2022-04,2022-04,S1_Day7,1,2022-04-07 23:59:59,extended_historical_test,extended_historical_test,23.6,True,23.6,information timestamp <= nowcast cutoff,verified GSS release date where available; otherwise conservative observation month-end +45 days; target month itself always excluded,False,ADDED_IN_SCRIPT_10,True,5,2022-04-07,7.1119200000000005,7.112,7.112,7.1117,7.112,0.00011661903789696932,0.0,0.927948436271353,False,0,,,,,,,,,,,,,,False,,,,TIMING_UNRESOLVED_OR_NOT_RELEASED,False,,,,TIMING_UNRESOLVED_OR_NOT_RELEASED,True,13.9,2022-01,,2022-03-17,CONSERVATIVE_MONTH_END_PLUS_45D_PROXY,False,3,21,13.9,2022-01
2022-04,2022-04,S2_Day14,2,2022-04-14 23:59:59,extended_historical_test,extended_historical_test,23.6,True,23.6,information timestamp <= nowcast cutoff,verified GSS release date where available; otherwise conservative observation month-end +45 days; target month itself always excluded,False,ADDED_IN_SCRIPT_10,True,10,2022-04-14,7.1121599999999985,7.112,7.1124,7.1117,7.1126,0.0002939387691338463,0.0056242969628694794,0.9313543671064073,False,0,,,,,,,,,,,,,,False,,,,TIMING_UNRESOLVED_OR_NOT_RELEASED,False,,,,TIMING_UNRESOLVED_OR_NOT_RELEASED,True,15.7,2022-02,,2022-04-14,CONSERVATIVE_MONTH_END_PLUS_45D_PROXY,False,2,0,15.7,2022-02
2022-04,2022-04,S3_Day21,3,2022-04-21 23:59:59,extended_historical_test,extended_historical_test,23.6,True,23.6,information timestamp <= nowcast cutoff,verified GSS release date where available; otherwise conservative observation month-end +45 days; target month itself always excluded,False,ADDED_IN_SCRIPT_10,True,13,2022-04-21,7.112184615384614,7.112,7.1122,7.1117,7.1126,0.00026557963848653285,0.0028121484814347397,0.93170369334592,False,0,,,,,,,,,,,,,,False,,,,TIMING_UNRESOLVED_OR_NOT_RELEASED,False,,,,TIMING_UNRESOLVED_OR_NOT_RELEASED,True,15.7,2022-02,,2022-04-14,CONSERVATIVE_MONTH_END_PLUS_45D_PROXY,False,2,7,15.7,2022-02
2022-04,2022-04,S4_MonthEnd,4,2022-04-30 23:59:59,extended_historical_test,extended_historical_test,23.6,True,23.6,information timestamp <= nowcast cutoff,verified GSS release date where available; otherwise conservative observation month-end +45 days; target month itself always excluded,False,ADDED_IN_SCRIPT_10,True,19,2022-04-29,7.11226842105263,7.112,7.1128,7.1117,7.1128,0.0002696052310497389,0.011248593925761163,0.9328930112994627,False,0,,,,,,,,,,,,,,False,,,,TIMING_UNRESOLVED_OR_NOT_RELEASED,False,,,,TIMING_UNRESOLVED_OR_NOT_RELEASED,True,15.7,2022-02,,2022-04-14,CONSERVATIVE_MONTH_END_PLUS_45D_PROXY,False,2,16,15.7,2022-02
2022-05,2022-05,S1_Day7,1,2022-05-07 23:59:59,extended_historical_test,extended_historical_test,27.6,True,27.6,information timestamp <= nowcast cutoff,verified GSS release date where available; otherwise conservative observation month-end +45 days; target month itself always excluded,False,ADDED_IN_SCRIPT_10,True,3,2022-05-06,7.113266666666667,7.1133,7.1132,7.1132,7.1133,4.7140452078993306e-05,-0.0014058172718711681,0.01403554470866819,False,0,,,,,,,,,,,,,,False,,,,TIMING_UNRESOLVED_OR_NOT_RELEASED,False,,,,TIMING_UNRESOLVED_OR_NOT_RELEASED,True,15.7,2022-02,,2022-04-14,CONSERVATIVE_MONTH_END_PLUS_45D_PROXY,False,3,23,15.7,2022-02
2022-05,2022-05,S2_Day14,2,2022-05-14 23:59:59,extended_historical_test,extended_historical_test,27.6,True,27.6,information timestamp <= nowcast cutoff,verified GSS release date where available; otherwise conservative observation month-end +45 days; target month itself always excluded,False,ADDED_IN_SCRIPT_10,True,8,2022-05-13,7.113925,7.1133,7.1163,7.1131,7.1163,0.0010009370609583683,0.042174518156135044,0.023291850775297718,False,0,,,,,,,,,,,,,,False,,,,TIMING_UNRESOLVED_OR_NOT_RELEASED,False,,,,TIMING_UNRESOLVED_OR_NOT_RELEASED,True,15.7,2022-02,,2022-04-14,CONSERVATIVE_MONTH_END_PLUS_45D_PROXY,False,3,30,15.7,2022-02
2022-05,2022-05,S3_Day21,3,2022-05-21 23:59:59,extended_historical_test,extended_historical_test,27.6,True,27.6,information timestamp <= nowcast cutoff,verified GSS release date where available; otherwise conservative observation month-end +45 days; target month itself always excluded,False,ADDED_IN_SCRIPT_10,True,13,2022-05-20,7.119146153846154,7.1133,7.1323,7.1131,7.1323,0.00715397849339968,0.26710528165549974,0.09670237941477033,False,0,,,,,,,,,,,,,,False,,,,TIMING_UNRESOLVED_OR_NOT_RELEASED,False,,,,TIMING_UNRESOLVED_OR_NOT_RELEASED,True,19.4,2022-03,,2022-05-15,CONSERVATIVE_MONTH_END_PLUS_45D_PROXY,False,2,6,19.4,2022-03
2022-05,2022-05,S4_MonthEnd,4,2022-05-31 23:59:59,extended_historical_test,extended_historical_test,27.6,True,27.6,information timestamp <= nowcast cutoff,verified GSS release date where available; otherwise conservative observation month-end +45 days; target month itself always excluded,False,ADDED_IN_SCRIPT_10,True,20,2022-05-31,7.125965000000001,7.1133,7.1441,7.1131,7.1441,0.01113212805352154,0.43299171973627537,0.19257680020663415,False,0,,,,,,,,,,,,,,False,,,,TIMING_UNRESOLVED_OR_NOT_RELEASED,False,,,,TIMING_UNRESOLVED_OR_NOT_RELEASED,True,19.4,2022-03,,2022-05-15,CONSERVATIVE_MONTH_END_PLUS_45D_PROXY,False,2,16,19.4,2022-03
2022-06,2022-06,S1_Day7,1,2022-06-07 23:59:59,extended_historical_test,extended_historical_test,29.8,True,29.8,information timestamp <= nowcast cutoff,verified GSS release date where available; otherwise conservative observation month-end +45 days; target month itself always excluded,False,ADDED_IN_SCRIPT_10,True,5,2022-06-07,7.145700000000001,7.1441,7.1471,7.1441,7.1471,0.0010198039027185144,0.041992693271364345,0.2769449471054175,False,0,,,,,,,,,,,,,,False,,,,TIMING_UNRESOLVED_OR_NOT_RELEASED,False,,,,TIMING_UNRESOLVED_OR_NOT_RELEASED,True,19.4,2022-03,,2022-05-15,CONSERVATIVE_MONTH_END_PLUS_45D_PROXY,False,3,23,19.4,2022-03
2022-06,2022-06,S2_Day14,2,2022-06-14 23:59:59,extended_historical_test,extended_historical_test,29.8,True,29.8,information timestamp <= nowcast cutoff,verified GSS release date where available; otherwise conservative observation month-end +45 days; target month itself always excluded,False,ADDED_IN_SCRIPT_10,True,10,2022-06-14,7.16425,7.1441,7.201,7.1441,7.201,0.024051039478575603,0.7964614157136563,0.5372605675161068,False,0,,,,,,,,,,,,,,False,,,,TIMING_UNRESOLVED_OR_NOT_RELEASED,False,,,,TIMING_UNRESOLVED_OR_NOT_RELEASED,True,23.6,2022-04,,2022-06-14,CONSERVATIVE_MONTH_END_PLUS_45D_PROXY,False,2,0,23.6,2022-04
2022-06,2022-06,S3_Day21,3,2022-06-21 23:59:59,extended_historical_test,extended_historical_test,29.8,True,29.8,information timestamp <= nowcast cutoff,verified GSS release date where available; otherwise conservative observation month-end +45 days; target month itself always excluded,False,ADDED_IN_SCRIPT_10,True,15,2022-06-21,7.177566666666667,7.1441,7.206,7.1441,7.206,0.027221723351438114,0.8664492378326338,0.724135842186513,False,0,,,,,,,,,,,,,,False,,,,TIMING_UNRESOLVED_OR_NOT_RELEASED,False,,,,TIMING_UNRESOLVED_OR_NOT_RELEASED,True,23.6,2022-04,,2022-06-14,CONSERVATIVE_MONTH_END_PLUS_45D_PROXY,False,2,7,23.6,2022-04
2022-06,2022-06,S4_MonthEnd,4,2022-06-30 23:59:59,extended_historical_test,extended_historical_test,29.8,True,29.8,information timestamp <= nowcast cutoff,verified GSS release date where available; otherwise conservative observation month-end +45 days; target month itself always excluded,False,ADDED_IN_SCRIPT_10,True,22,2022-06-30,7.190818181818182,7.1441,7.2305,7.1441,7.2305,0.02993414949159454,1.2093895662154797,0.9100968334559756,False,0,,,,,,,,,,,,,,False,,,,TIMING_UNRESOLVED_OR_NOT_RELEASED,False,,,,TIMING_UNRESOLVED_OR_NOT_RELEASED,True,23.6,2022-04,,2022-06-14,CONSERVATIVE_MONTH_END_PLUS_45D_PROXY,False,2,16,23.6,2022-04
2022-07,2022-07,S1_Day7,1,2022-07-07 23:59:59,extended_historical_test,extended_historical_test,31.7,True,31.7,information timestamp <= nowcast cutoff,verified GSS release date where available; otherwise conservative observation month-end +45 days; target month itself always excluded,False,ADDED_IN_SCRIPT_10,True,5,2022-07-07,7.2535,7.2345,7.2845,7.2345,7.2845,0.02009975124224196,0.6911327666044853,0.8716924360611333,False,0,,,,,,,,,,,,,,False,,,,TIMING_UNRESOLVED_OR_NOT_RELEASED,False,,,,TIMING_UNRESOLVED_OR_NOT_RELEASED,True,23.6,2022-04,,2022-06-14,CONSERVATIVE_MONTH_END_PLUS_45D_PROXY,False,3,23,23.6,2022-04
2022-07,2022-07,S2_Day14,2,2022-07-14 23:59:59,extended_historical_test,extended_historical_test,31.7,True,31.7,information timestamp <= nowcast cutoff,verified GSS release date where available; otherwise conservative observation month-end +45 days; target month itself always excluded,False,ADDED_IN_SCRIPT_10,True,9,2022-07-14,7.287277777777778,7.2345,7.3545,7.2345,7.3545,0.04236816881097249,1.6587186398507203,1.3414272690622564,False,0,,,,,,,,,,,,,,False,,,,TIMING_UNRESOLVED_OR_NOT_RELEASED,False,,,,TIMING_UNRESOLVED_OR_NOT_RELEASED,True,23.6,2022-04,,2022-06-14,CONSERVATIVE_MONTH_END_PLUS_45D_PROXY,False,3,30,23.6,2022-04
2022-07,2022-07,S3_Day21,3,2022-07-21 23:59:59,extended_historical_test,extended_historical_test,31.7,True,31.7,information timestamp <= nowcast cutoff,verified GSS release date where available; otherwise conservative observation month-end +45 days; target month itself always excluded,False,ADDED_IN_SCRIPT_10,True,14,2022-07-21,7.331285714285714,7.2345,7.4445,7.2345,7.4445,0.06973437210630935,2.9027576197387495,1.9534290662876375,False,0,,,,,,,,,,,,,,False,,,,TIMING_UNRESOLVED_OR_NOT_RELEASED,False,,,,TIMING_UNRESOLVED_OR_NOT_RELEASED,True,27.6,2022-05,,2022-07-15,CONSERVATIVE_MONTH_END_PLUS_45D_PROXY,False,2,6,27.6,2022-05
2022-07,2022-07,S4_MonthEnd,4,2022-07-31 23:59:59,extended_historical_test,extended_historical_test,31.7,True,31.7,information timestamp <= nowcast cutoff,verified GSS release date where available; otherwise conservative observation month-end +45 days; target month itself always excluded,False,ADDED_IN_SCRIPT_10,True,20,2022-07-29,7.3908249999999995,7.2345,7.612,7.2345,7.612,0.11093649929126126,5.218052387863725,2.7814194869720144,False,0,,,,,,,,,,,,,,False,,,,TIMING_UNRESOLVED_OR_NOT_RELEASED,False,,,,TIMING_UNRESOLVED_OR_NOT_RELEASED,True,27.6,2022-05,,2022-07-15,CONSERVATIVE_MONTH_END_PLUS_45D_PROXY,False,2,16,27.6,2022-05
2022-08,2022-08,S1_Day7,1,2022-08-07 23:59:59,extended_historical_test,extended_historical_test,33.9,True,33.9,information timestamp <= nowcast cutoff,verified GSS release date where available; otherwise conservative observation month-end +45 days; target month itself always excluded,False,ADDED_IN_SCRIPT_10,True,4,2022-08-05,7.726275,7.614,8.0001,7.614,8.0001,0.15861865235526357,5.070921985815602,4.538735526818738,False,0,,,,,,,,,,,,,,False,,,,TIMING_UNRESOLVED_OR_NOT_RELEASED,False,,,,TIMING_UNRESOLVED_OR_NOT_RELEASED,True,27.6,2022-05,,2022-07-15,CONSERVATIVE_MONTH_END_PLUS_45D_PROXY,False,3,23,27.6,2022-05
2022-08,2022-08,S2_Day14,2,2022-08-14 23:59:59,extended_historical_test,extended_historical_test,33.9,True,33.9,information timestamp <= nowcast cutoff,verified GSS release date where available; otherwise conservative observation month-end +45 days; target month itself always excluded,False,ADDED_IN_SCRIPT_10,True,9,2022-08-12,7.8944,7.614,8.0571,7.614,8.0571,0.18427202717721416,5.819542947202527,6.813515405925608,False,0,,,,,,,,,,,,,,False,,,,TIMING_UNRESOLVED_OR_NOT_RELEASED,False,,,,TIMING_UNRESOLVED_OR_NOT_RELEASED,True,29.8,2022-06,,2022-08-14,CONSERVATIVE_MONTH_END_PLUS_45D_PROXY,False,2,0,29.8,2022-06
2022-08,2022-08,S3_Day21,3,2022-08-21 23:59:59,extended_historical_test,extended_historical_test,33.9,True,33.9,information timestamp <= nowcast cutoff,verified GSS release date where available; otherwise conservative observation month-end +45 days; target month itself always excluded,False,ADDED_IN_SCRIPT_10,True,14,2022-08-19,7.967364285714284,7.614,8.1491,7.614,8.1491,0.17802252107585737,7.027843446283177,7.8007432961040735,False,0,,,,,,,,,,,,,,False,,,,TIMING_UNRESOLVED_OR_NOT_RELEASED,False,,,,TIMING_UNRESOLVED_OR_NOT_RELEASED,True,29.8,2022-06,,2022-08-14,CONSERVATIVE_MONTH_END_PLUS_45D_PROXY,False,2,7,29.8,2022-06
2022-08,2022-08,S4_MonthEnd,4,2022-08-31 23:59:59,extended_historical_test,extended_historical_test,33.9,True,33.9,information timestamp <= nowcast cutoff,verified GSS release date where available; otherwise conservative observation month-end +45 days; target month itself always excluded,False,ADDED_IN_SCRIPT_10,True,22,2022-08-31,8.058836363636361,7.614,8.2325,7.614,8.2325,0.1867716825564268,8.123194116101917,9.038386968117385,False,0,,,,,,,,,,,,,,False,,,,TIMING_UNRESOLVED_OR_NOT_RELEASED,False,,,,TIMING_UNRESOLVED_OR_NOT_RELEASED,True,29.8,2022-06,,2022-08-14,CONSERVATIVE_MONTH_END_PLUS_45D_PROXY,False,2,17,29.8,2022-06
2022-09,2022-09,S1_Day7,1,2022-09-07 23:59:59,extended_historical_test,extended_historical_test,37.5,True,37.5,information timestamp <= nowcast cutoff,verified GSS release date where available; otherwise conservative observation month-end +45 days; target month itself always excluded,False,ADDED_IN_SCRIPT_10,True,5,2022-09-07,8.2385,8.2325,8.2465,8.2325,8.2465,0.005176871642217858,0.17005769814757432,2.2293992365241433,False,0,,,,,,,,,,,,,,False,,,,TIMING_UNRESOLVED_OR_NOT_RELEASED,False,,,,TIMING_UNRESOLVED_OR_NOT_RELEASED,True,29.8,2022-06,,2022-08-14,CONSERVATIVE_MONTH_END_PLUS_45D_PROXY,False,3,24,29.8,2022-06
2022-09,2022-09,S2_Day14,2,2022-09-14 23:59:59,extended_historical_test,extended_historical_test,37.5,True,37.5,information timestamp <= nowcast cutoff,verified GSS release date where available; otherwise conservative observation month-end +45 days; target month itself always excluded,False,ADDED_IN_SCRIPT_10,True,10,2022-09-14,8.249239999999999,8.2325,8.2697,8.2325,8.2697,0.012860808683749529,0.4518675979350073,2.362669097275494,False,0,,,,,,,,,,,,,,False,,,,TIMING_UNRESOLVED_OR_NOT_RELEASED,False,,,,TIMING_UNRESOLVED_OR_NOT_RELEASED,True,31.7,2022-07,,2022-09-14,CONSERVATIVE_MONTH_END_PLUS_45D_PROXY,False,2,0,31.7,2022-07
2022-09,2022-09,S3_Day21,3,2022-09-21 23:59:59,extended_historical_test,extended_historical_test,37.5,True,37.5,information timestamp <= nowcast cutoff,verified GSS release date where available; otherwise conservative observation month-end +45 days; target month itself always excluded,False,ADDED_IN_SCRIPT_10,True,14,2022-09-20,8.36512857142857,8.2325,9.04,8.2325,9.04,0.269954193015279,9.808685089583946,3.800700175204974,False,0,,,,,,,,,,,,,,False,,,,TIMING_UNRESOLVED_OR_NOT_RELEASED,False,,,,TIMING_UNRESOLVED_OR_NOT_RELEASED,True,31.7,2022-07,,2022-09-14,CONSERVATIVE_MONTH_END_PLUS_45D_PROXY,False,2,7,31.7,2022-07
2022-09,2022-09,S4_MonthEnd,4,2022-09-30 23:59:59,extended_historical_test,extended_historical_test,37.5,True,37.5,information timestamp <= nowcast cutoff,verified GSS release date where available; otherwise conservative observation month-end +45 days; target month itself always excluded,False,ADDED_IN_SCRIPT_10,True,21,2022-09-30,8.74717619047619,8.2325,9.6048,8.2325,9.6048,0.5871099076994194,16.669298511995123,8.54142950396417,False,0,,,,,,,,,,,,,,False,,,,TIMING_UNRESOLVED_OR_NOT_RELEASED,False,,,,TIMING_UNRESOLVED_OR_NOT_RELEASED,True,31.7,2022-07,,2022-09-14,CONSERVATIVE_MONTH_END_PLUS_45D_PROXY,False,2,16,31.7,2022-07
2022-10,2022-10,S1_Day7,1,2022-10-07 23:59:59,extended_historical_test,extended_historical_test,40.4,True,40.4,information timestamp <= nowcast cutoff,verified GSS release date where available; otherwise conservative observation month-end +45 days; target month itself always excluded,False,ADDED_IN_SCRIPT_10,True,5,2022-10-07,9.63346,9.6248,9.6375,9.6248,9.6375,0.0044369358796355,0.13195079378272023,10.132227706683006,False,0,,,,,,,,,,,,,,False,,,,TIMING_UNRESOLVED_OR_NOT_RELEASED,False,,,,TIMING_UNRESOLVED_OR_NOT_RELEASED,True,31.7,2022-07,,2022-09-14,CONSERVATIVE_MONTH_END_PLUS_45D_PROXY,False,3,23,31.7,2022-07
2022-10,2022-10,S2_Day14,2,2022-10-14 23:59:59,extended_historical_test,extended_historical_test,40.4,True,40.4,information timestamp <= nowcast cutoff,verified GSS release date where available; otherwise conservative observation month-end +45 days; target month itself always excluded,False,ADDED_IN_SCRIPT_10,True,10,2022-10-14,9.87577,9.6248,10.7169,9.6248,10.7169,0.4221646267749111,11.346729282686386,12.902378835727646,False,0,,,,,,,,,,,,,,False,,,,TIMING_UNRESOLVED_OR_NOT_RELEASED,False,,,,TIMING_UNRESOLVED_OR_NOT_RELEASED,True,31.7,2022-07,,2022-09-14,CONSERVATIVE_MONTH_END_PLUS_45D_PROXY,False,3,30,31.7,2022-07
2022-10,2022-10,S3_Day21,3,2022-10-21 23:59:59,extended_historical_test,extended_historical_test,40.4,True,40.4,information timestamp <= nowcast cutoff,verified GSS release date where available; otherwise conservative observation month-end +45 days; target month itself always excluded,False,ADDED_IN_SCRIPT_10,True,15,2022-10-21,10.462140000000002,9.6248,12.5307,9.6248,12.5886,1.0026612228132357,30.19179619316763,19.605913636346315,False,0,,,,,,,,,,,,,,False,,,,TIMING_UNRESOLVED_OR_NOT_RELEASED,False,,,,TIMING_UNRESOLVED_OR_NOT_RELEASED,True,33.9,2022-08,,2022-10-15,CONSERVATIVE_MONTH_END_PLUS_45D_PROXY,False,2,6,33.9,2022-08
2022-10,2022-10,S4_MonthEnd,4,2022-10-31 23:59:59,extended_historical_test,extended_historical_test,40.4,True,40.4,information timestamp <= nowcast cutoff,verified GSS release date where available; otherwise conservative observation month-end +45 days; target month itself always excluded,False,ADDED_IN_SCRIPT_10,True,21,2022-10-31,11.167123809523808,9.6248,13.0086,9.6248,13.0093,1.403407858751167,35.15709417338542,27.665472449067895,False,0,,,,,,,,,,,,,,False,,,,TIMING_UNRESOLVED_OR_NOT_RELEASED,False,,,,TIMING_UNRESOLVED_OR_NOT_RELEASED,True,33.9,2022-08,,2022-10-15,CONSERVATIVE_MONTH_END_PLUS_45D_PROXY,False,2,16,33.9,2022-08
2022-11,2022-11,S1_Day7,1,2022-11-07 23:59:59,extended_historical_test,extended_historical_test,50.3,True,50.3,information timestamp <= nowcast cutoff,verified GSS release date where available; otherwise conservative observation month-end +45 days; target month itself always excluded,False,ADDED_IN_SCRIPT_10,True,5,2022-11-07,13.010320000000002,13.0084,13.0179,13.0077,13.0179,0.003830091382721496,0.07302973463299,16.505558834265234,False,0,,,,,,,,,,,,,,False,,,,TIMING_UNRESOLVED_OR_NOT_RELEASED,False,,,,TIMING_UNRESOLVED_OR_NOT_RELEASED,True,33.9,2022-08,,2022-10-15,CONSERVATIVE_MONTH_END_PLUS_45D_PROXY,False,3,23,33.9,2022-08
2022-11,2022-11,S2_Day14,2,2022-11-14 23:59:59,extended_historical_test,extended_historical_test,50.3,True,50.3,information timestamp <= nowcast cutoff,verified GSS release date where available; otherwise conservative observation month-end +45 days; target month itself always excluded,False,ADDED_IN_SCRIPT_10,True,10,2022-11-14,13.037810000000002,13.0084,13.0809,13.0077,13.0809,0.02989573380935836,0.5573321853571622,16.751727861034293,False,0,,,,,,,,,,,,,,False,,,,TIMING_UNRESOLVED_OR_NOT_RELEASED,False,,,,TIMING_UNRESOLVED_OR_NOT_RELEASED,True,37.5,2022-09,,2022-11-14,CONSERVATIVE_MONTH_END_PLUS_45D_PROXY,False,2,0,37.5,2022-09
2022-11,2022-11,S3_Day21,3,2022-11-21 23:59:59,extended_historical_test,extended_historical_test,50.3,True,50.3,information timestamp <= nowcast cutoff,verified GSS release date where available; otherwise conservative observation month-end +45 days; target month itself always excluded,False,ADDED_IN_SCRIPT_10,True,15,2022-11-21,13.058080000000002,13.0084,13.1054,13.0077,13.1057,0.03806853819100516,0.7456720273054218,16.933242818204498,False,0,,,,,,,,,,,,,,False,,,,TIMING_UNRESOLVED_OR_NOT_RELEASED,False,,,,TIMING_UNRESOLVED_OR_NOT_RELEASED,True,37.5,2022-09,,2022-11-14,CONSERVATIVE_MONTH_END_PLUS_45D_PROXY,False,2,7,37.5,2022-09
2022-11,2022-11,S4_MonthEnd,4,2022-11-30 23:59:59,extended_historical_test,extended_historical_test,50.3,True,50.3,information timestamp <= nowcast cutoff,verified GSS release date where available; otherwise conservative observation month-end +45 days; target month itself always excluded,False,ADDED_IN_SCRIPT_10,True,22,2022-11-30,13.073004545454546,13.0084,13.1044,13.0077,13.1057,0.03828116647401923,0.7379846868177387,17.06688999279582,False,0,,,,,,,,,,,,,,False,,,,TIMING_UNRESOLVED_OR_NOT_RELEASED,False,,,,TIMING_UNRESOLVED_OR_NOT_RELEASED,True,37.5,2022-09,,2022-11-14,CONSERVATIVE_MONTH_END_PLUS_45D_PROXY,False,2,16,37.5,2022-09
2022-12,2022-12,S1_Day7,1,2022-12-07 23:59:59,extended_historical_test,extended_historical_test,54.1,True,54.1,information timestamp <= nowcast cutoff,verified GSS release date where available; otherwise conservative observation month-end +45 days; target month itself always excluded,False,ADDED_IN_SCRIPT_10,True,4,2022-12-07,13.047675,13.1039,12.9,12.9,13.1039,0.08566024092307914,-1.5560253054434092,-0.1937545830912546,False,0,,,,,,,,,,,,,,False,,,,TIMING_UNRESOLVED_OR_NOT_RELEASED,False,,,,TIMING_UNRESOLVED_OR_NOT_RELEASED,True,37.5,2022-09,,2022-11-14,CONSERVATIVE_MONTH_END_PLUS_45D_PROXY,False,3,23,37.5,2022-09
2022-12,2022-12,S2_Day14,2,2022-12-14 23:59:59,extended_historical_test,extended_historical_test,54.1,True,54.1,information timestamp <= nowcast cutoff,verified GSS release date where available; otherwise conservative observation month-end +45 days; target month itself always excluded,False,ADDED_IN_SCRIPT_10,True,9,2022-12-14,12.093744444444445,13.1039,9.3,9.3,13.1039,1.314582280178013,-29.02876242950572,-7.490704203499943,False,0,,,,,,,,,,,,,,False,,,,TIMING_UNRESOLVED_OR_NOT_RELEASED,False,,,,TIMING_UNRESOLVED_OR_NOT_RELEASED,True,37.5,2022-09,,2022-11-14,CONSERVATIVE_MONTH_END_PLUS_45D_PROXY,False,3,30,37.5,2022-09
2022-12,2022-12,S3_Day21,3,2022-12-21 23:59:59,extended_historical_test,extended_historical_test,54.1,True,54.1,information timestamp <= nowcast cutoff,verified GSS release date where available; otherwise conservative observation month-end +45 days; target month itself always excluded,False,ADDED_IN_SCRIPT_10,True,14,2022-12-21,10.632885714285711,13.1039,8.009,8.001,13.1039,2.225384596570458,-38.880791214829166,-18.665325348007002,False,0,,,,,,,,,,,,,,False,,,,TIMING_UNRESOLVED_OR_NOT_RELEASED,False,,,,TIMING_UNRESOLVED_OR_NOT_RELEASED,True,40.4,2022-10,,2022-12-15,CONSERVATIVE_MONTH_END_PLUS_45D_PROXY,False,2,6,40.4,2022-10
2022-12,2022-12,S4_MonthEnd,4,2022-12-31 23:59:59,extended_historical_test,extended_historical_test,54.1,True,54.1,information timestamp <= nowcast cutoff,verified GSS release date where available; otherwise conservative observation month-end +45 days; target month itself always excluded,False,ADDED_IN_SCRIPT_10,True,19,2022-12-30,10.034705263157894,13.1039,8.576,8.001,13.1039,2.157328798714228,-34.553835117789355,-23.241017562049738,False,0,,,,,,,,,,,,,,False,,,,TIMING_UNRESOLVED_OR_NOT_RELEASED,False,,,,TIMING_UNRESOLVED_OR_NOT_RELEASED,True,40.4,2022-10,,2022-12-15,CONSERVATIVE_MONTH_END_PLUS_45D_PROXY,False,2,16,40.4,2022-10
2023-01,2023-01,S1_Day7,1,2023-01-07 23:59:59,extended_historical_test,extended_historical_test,53.6,True,53.6,information timestamp <= nowcast cutoff,verified GSS release date where available; otherwise conservative observation month-end +45 days; target month itself always excluded,False,ADDED_IN_SCRIPT_10,True,4,2023-01-06,8.701925,8.586,9.0047,8.586,9.0047,0.1750573245397059,4.876543209876538,-13.281708114050506,False,0,,,,,,,,,,,,,,False,,,,TIMING_UNRESOLVED_OR_NOT_RELEASED,False,,,,TIMING_UNRESOLVED_OR_NOT_RELEASED,True,40.4,2022-10,,2022-12-15,CONSERVATIVE_MONTH_END_PLUS_45D_PROXY,False,3,23,40.4,2022-10
2023-01,2023-01,S2_Day14,2,2023-01-14 23:59:59,extended_historical_test,extended_historical_test,53.6,True,53.6,information timestamp <= nowcast cutoff,verified GSS release date where available; otherwise conservative observation month-end +45 days; target month itself always excluded,False,ADDED_IN_SCRIPT_10,True,8,2023-01-13,9.028437499999999,8.586,10.3357,8.586,10.3357,0.5313396181763126,20.378523177265293,-10.027875625329784,False,0,,,,,,,,,,,,,,False,,,,TIMING_UNRESOLVED_OR_NOT_RELEASED,False,,,,TIMING_UNRESOLVED_OR_NOT_RELEASED,True,50.3,2022-11,,2023-01-14,CONSERVATIVE_MONTH_END_PLUS_45D_PROXY,False,2,0,50.3,2022-11
2023-01,2023-01,S3_Day21,3,2023-01-21 23:59:59,extended_historical_test,extended_historical_test,53.6,True,53.6,information timestamp <= nowcast cutoff,verified GSS release date where available; otherwise conservative observation month-end +45 days; target month itself always excluded,False,ADDED_IN_SCRIPT_10,True,13,2023-01-20,9.53673846153846,8.586,10.3559,8.586,10.3562,0.7662594936427428,20.613789890519453,-4.962445717740249,False,0,,,,,,,,,,,,,,False,,,,TIMING_UNRESOLVED_OR_NOT_RELEASED,False,,,,TIMING_UNRESOLVED_OR_NOT_RELEASED,True,50.3,2022-11,,2023-01-14,CONSERVATIVE_MONTH_END_PLUS_45D_PROXY,False,2,7,50.3,2022-11
2023-01,2023-01,S4_MonthEnd,4,2023-01-31 23:59:59,extended_historical_test,extended_historical_test,53.6,True,53.6,information timestamp <= nowcast cutoff,verified GSS release date where available; otherwise conservative observation month-end +45 days; target month itself always excluded,False,ADDED_IN_SCRIPT_10,True,20,2023-01-31,9.90936,8.586,10.7997,8.586,10.8,0.8070328725646804,25.782669461914743,-1.249117536297717,False,0,,,,,,,,,,,,,,False,,,,TIMING_UNRESOLVED_OR_NOT_RELEASED,False,,,,TIMING_UNRESOLVED_OR_NOT_RELEASED,True,50.3,2022-11,,2023-01-14,CONSERVATIVE_MONTH_END_PLUS_45D_PROXY,False,2,17,50.3,2022-11
2023-02,2023-02,S1_Day7,1,2023-02-07 23:59:59,extended_historical_test,extended_historical_test,52.8,True,52.8,information timestamp <= nowcast cutoff,verified GSS release date where available; otherwise conservative observation month-end +45 days; target month itself always excluded,False,ADDED_IN_SCRIPT_10,True,5,2023-02-07,10.799,10.7995,10.7986,10.7986,10.7995,0.0003286335345030905,-0.008333719153663655,8.977774548507679,False,0,,,,,,,,,,,,,,False,,,,TIMING_UNRESOLVED_OR_NOT_RELEASED,False,,,,TIMING_UNRESOLVED_OR_NOT_RELEASED,True,50.3,2022-11,,2023-01-14,CONSERVATIVE_MONTH_END_PLUS_45D_PROXY,False,3,24,50.3,2022-11
2023-02,2023-02,S2_Day14,2,2023-02-14 23:59:59,extended_historical_test,extended_historical_test,52.8,True,52.8,information timestamp <= nowcast cutoff,verified GSS release date where available; otherwise conservative observation month-end +45 days; target month itself always excluded,False,ADDED_IN_SCRIPT_10,True,10,2023-02-14,10.79926,10.7995,10.8018,10.7983,10.8018,0.000963535157635617,0.021297282281595997,8.980398330467354,False,0,,,,,,,,,,,,,,False,,,,TIMING_UNRESOLVED_OR_NOT_RELEASED,False,,,,TIMING_UNRESOLVED_OR_NOT_RELEASED,True,54.1,2022-12,,2023-02-14,CONSERVATIVE_MONTH_END_PLUS_45D_PROXY,False,2,0,54.1,2022-12
2023-02,2023-02,S3_Day21,3,2023-02-21 23:59:59,extended_historical_test,extended_historical_test,52.8,True,52.8,information timestamp <= nowcast cutoff,verified GSS release date where available; otherwise conservative observation month-end +45 days; target month itself always excluded,False,ADDED_IN_SCRIPT_10,True,15,2023-02-21,10.814053333333334,10.7995,11.0064,10.7983,11.0064,0.051440397441008055,1.9158294365479778,9.129684796327254,False,0,,,,,,,,,,,,,,False,,,,TIMING_UNRESOLVED_OR_NOT_RELEASED,False,,,,TIMING_UNRESOLVED_OR_NOT_RELEASED,True,54.1,2022-12,,2023-02-14,CONSERVATIVE_MONTH_END_PLUS_45D_PROXY,False,2,7,54.1,2022-12
2023-02,2023-02,S4_MonthEnd,4,2023-02-28 23:59:59,extended_historical_test,extended_historical_test,52.8,True,52.8,information timestamp <= nowcast cutoff,verified GSS release date where available; otherwise conservative observation month-end +45 days; target month itself always excluded,False,ADDED_IN_SCRIPT_10,True,20,2023-02-28,10.863615,10.7995,11.0135,10.7983,11.0135,0.09671928595166523,1.9815732209824466,9.629834822834171,False,0,,,,,,,,,,,,,,False,,,,TIMING_UNRESOLVED_OR_NOT_RELEASED,False,,,,TIMING_UNRESOLVED_OR_NOT_RELEASED,True,54.1,2022-12,,2023-02-14,CONSERVATIVE_MONTH_END_PLUS_45D_PROXY,False,2,14,54.1,2022-12
2023-03,2023-03,S1_Day7,1,2023-03-07 23:59:59,extended_historical_test,extended_historical_test,45.0,True,45.0,information timestamp <= nowcast cutoff,verified GSS release date where available; otherwise conservative observation month-end +45 days; target month itself always excluded,False,ADDED_IN_SCRIPT_10,True,4,2023-03-07,11.014050000000001,11.0145,11.0136,11.0136,11.0145,0.0003640054944640316,-0.008171047255889352,1.3847600453440467,False,0,,,,,,,,,,,,,,False,,,,TIMING_UNRESOLVED_OR_NOT_RELEASED,False,,,,TIMING_UNRESOLVED_OR_NOT_RELEASED,True,54.1,2022-12,,2023-02-14,CONSERVATIVE_MONTH_END_PLUS_45D_PROXY,False,3,21,54.1,2022-12
2023-03,2023-03,S2_Day14,2,2023-03-14 23:59:59,extended_historical_test,extended_historical_test,45.0,True,45.0,information timestamp <= nowcast cutoff,verified GSS release date where available; otherwise conservative observation month-end +45 days; target month itself always excluded,False,ADDED_IN_SCRIPT_10,True,9,2023-03-14,11.013844444444445,11.0145,11.0136,11.0134,11.0145,0.00034995590551144707,-0.008171047255889352,1.3828678984338483,False,0,,,,,,,,,,,,,,False,,,,TIMING_UNRESOLVED_OR_NOT_RELEASED,False,,,,TIMING_UNRESOLVED_OR_NOT_RELEASED,True,54.1,2022-12,,2023-02-14,CONSERVATIVE_MONTH_END_PLUS_45D_PROXY,False,3,28,54.1,2022-12
2023-03,2023-03,S3_Day21,3,2023-03-21 23:59:59,extended_historical_test,extended_historical_test,45.0,True,45.0,information timestamp <= nowcast cutoff,verified GSS release date where available; otherwise conservative observation month-end +45 days; target month itself always excluded,False,ADDED_IN_SCRIPT_10,True,14,2023-03-21,11.013907142857144,11.0145,11.014,11.0134,11.0145,0.0002963209787524678,-0.00453947069771754,1.3834450397694154,False,0,,,,,,,,,,,,,,False,,,,TIMING_UNRESOLVED_OR_NOT_RELEASED,False,,,,TIMING_UNRESOLVED_OR_NOT_RELEASED,True,53.6,2023-01,,2023-03-17,CONSERVATIVE_MONTH_END_PLUS_45D_PROXY,False,2,4,53.6,2023-01
2023-03,2023-03,S4_MonthEnd,4,2023-03-31 23:59:59,extended_historical_test,extended_historical_test,45.0,True,45.0,information timestamp <= nowcast cutoff,verified GSS release date where available; otherwise conservative observation month-end +45 days; target month itself always excluded,False,ADDED_IN_SCRIPT_10,True,22,2023-03-31,11.013963636363636,11.0145,11.0137,11.0134,11.0145,0.00028531554229948387,-0.007263153116343624,1.3839650647011759,False,0,,,,,,,,,,,,,,False,,,,TIMING_UNRESOLVED_OR_NOT_RELEASED,False,,,,TIMING_UNRESOLVED_OR_NOT_RELEASED,True,53.6,2023-01,,2023-03-17,CONSERVATIVE_MONTH_END_PLUS_45D_PROXY,False,2,14,53.6,2023-01
2023-04,2023-04,S1_Day7,1,2023-04-07 23:59:59,extended_historical_test,extended_historical_test,41.2,True,41.2,information timestamp <= nowcast cutoff,verified GSS release date where available; otherwise conservative observation month-end +45 days; target month itself always excluded,False,ADDED_IN_SCRIPT_10,True,4,2023-04-06,10.954175,11.0117,10.93,10.93,11.0117,0.033771909555131575,-0.7419381203628839,-0.5428439600639212,False,0,,,,,,,,,,,,,,False,,,,TIMING_UNRESOLVED_OR_NOT_RELEASED,False,,,,TIMING_UNRESOLVED_OR_NOT_RELEASED,True,53.6,2023-01,,2023-03-17,CONSERVATIVE_MONTH_END_PLUS_45D_PROXY,False,3,21,53.6,2023-01
2023-04,2023-04,S2_Day14,2,2023-04-14 23:59:59,extended_historical_test,extended_historical_test,41.2,True,41.2,information timestamp <= nowcast cutoff,verified GSS release date where available; otherwise conservative observation month-end +45 days; target month itself always excluded,False,ADDED_IN_SCRIPT_10,True,8,2023-04-14,10.9443625,11.0117,10.9398,10.9298,11.0117,0.025969209532636692,-0.6529418709191104,-0.6319354109163844,False,0,,,,,,,,,,,,,,False,,,,TIMING_UNRESOLVED_OR_NOT_RELEASED,False,,,,TIMING_UNRESOLVED_OR_NOT_RELEASED,True,52.8,2023-02,,2023-04-14,CONSERVATIVE_MONTH_END_PLUS_45D_PROXY,False,2,0,52.8,2023-02
2023-04,2023-04,S3_Day21,3,2023-04-21 23:59:59,extended_historical_test,extended_historical_test,41.2,True,41.2,information timestamp <= nowcast cutoff,verified GSS release date where available; otherwise conservative observation month-end +45 days; target month itself always excluded,False,ADDED_IN_SCRIPT_10,True,13,2023-04-21,10.943938461538462,11.0117,10.9441,10.9298,11.0117,0.020386780726793518,-0.6138924961631598,-0.6357854187386214,False,0,,,,,,,,,,,,,,False,,,,TIMING_UNRESOLVED_OR_NOT_RELEASED,False,,,,TIMING_UNRESOLVED_OR_NOT_RELEASED,True,52.8,2023-02,,2023-04-14,CONSERVATIVE_MONTH_END_PLUS_45D_PROXY,False,2,7,52.8,2023-02
2023-04,2023-04,S4_MonthEnd,4,2023-04-30 23:59:59,extended_historical_test,extended_historical_test,41.2,True,41.2,information timestamp <= nowcast cutoff,verified GSS release date where available; otherwise conservative observation month-end +45 days; target month itself always excluded,False,ADDED_IN_SCRIPT_10,True,17,2023-04-28,10.945635294117649,11.0117,10.9516,10.9298,11.0117,0.018097576736597017,-0.5457831215888609,-0.6203792249721563,False,0,,,,,,,,,,,,,,False,,,,TIMING_UNRESOLVED_OR_NOT_RELEASED,False,,,,TIMING_UNRESOLVED_OR_NOT_RELEASED,True,52.8,2023-02,,2023-04-14,CONSERVATIVE_MONTH_END_PLUS_45D_PROXY,False,2,16,52.8,2023-02
2023-05,2023-05,S1_Day7,1,2023-05-07 23:59:59,extended_historical_test,extended_historical_test,42.2,True,42.2,information timestamp <= nowcast cutoff,verified GSS release date where available; otherwise conservative observation month-end +45 days; target month itself always excluded,False,ADDED_IN_SCRIPT_10,True,4,2023-05-05,10.951675,10.9516,10.9518,10.9515,10.9518,0.0001299038105682177,0.0018262171737504218,0.05517912592607477,False,0,,,,,,,,,,,,,,False,,,,TIMING_UNRESOLVED_OR_NOT_RELEASED,False,,,,TIMING_UNRESOLVED_OR_NOT_RELEASED,True,52.8,2023-02,,2023-04-14,CONSERVATIVE_MONTH_END_PLUS_45D_PROXY,False,3,23,52.8,2023-02
2023-05,2023-05,S2_Day14,2,2023-05-14 23:59:59,extended_historical_test,extended_historical_test,42.2,True,42.2,information timestamp <= nowcast cutoff,verified GSS release date where available; otherwise conservative observation month-end +45 days; target month itself always excluded,False,ADDED_IN_SCRIPT_10,True,9,2023-05-12,10.956155555555554,10.9516,10.9645,10.9515,10.9648,0.005182044022093296,0.11779100770663575,0.09611375818048273,False,0,,,,,,,,,,,,,,False,,,,TIMING_UNRESOLVED_OR_NOT_RELEASED,False,,,,TIMING_UNRESOLVED_OR_NOT_RELEASED,True,52.8,2023-02,,2023-04-14,CONSERVATIVE_MONTH_END_PLUS_45D_PROXY,False,3,30,52.8,2023-02
2023-05,2023-05,S3_Day21,3,2023-05-21 23:59:59,extended_historical_test,extended_historical_test,42.2,True,42.2,information timestamp <= nowcast cutoff,verified GSS release date where available; otherwise conservative observation month-end +45 days; target month itself always excluded,False,ADDED_IN_SCRIPT_10,True,14,2023-05-19,10.93695,10.9516,10.8128,10.8128,10.9648,0.04685961938141869,-1.2673947185799284,-0.07934938342333275,False,0,,,,,,,,,,,,,,False,,,,TIMING_UNRESOLVED_OR_NOT_RELEASED,False,,,,TIMING_UNRESOLVED_OR_NOT_RELEASED,True,45.0,2023-03,,2023-05-15,CONSERVATIVE_MONTH_END_PLUS_45D_PROXY,False,2,6,45.0,2023-03
2023-05,2023-05,S4_MonthEnd,4,2023-05-31 23:59:59,extended_historical_test,extended_historical_test,42.2,True,42.2,information timestamp <= nowcast cutoff,verified GSS release date where available; otherwise conservative observation month-end +45 days; target month itself always excluded,False,ADDED_IN_SCRIPT_10,True,22,2023-05-31,10.915227272727273,10.9516,10.9715,10.7774,10.9755,0.07493937053510896,0.1817086087877673,-0.27780956128437007,False,0,,,,,,,,,,,,,,False,,,,TIMING_UNRESOLVED_OR_NOT_RELEASED,False,,,,TIMING_UNRESOLVED_OR_NOT_RELEASED,True,45.0,2023-03,,2023-05-15,CONSERVATIVE_MONTH_END_PLUS_45D_PROXY,False,2,16,45.0,2023-03
2023-06,2023-06,S1_Day7,1,2023-06-07 23:59:59,extended_historical_test,extended_historical_test,42.5,True,42.5,information timestamp <= nowcast cutoff,verified GSS release date where available; otherwise conservative observation month-end +45 days; target month itself always excluded,False,ADDED_IN_SCRIPT_10,True,5,2023-06-07,10.97352,10.9709,10.9769,10.9709,10.9769,0.0027888348821687335,0.05469013481118612,0.5340495971016379,False,0,,,,,,,,,,,,,,False,,,,TIMING_UNRESOLVED_OR_NOT_RELEASED,False,,,,TIMING_UNRESOLVED_OR_NOT_RELEASED,True,45.0,2023-03,,2023-05-15,CONSERVATIVE_MONTH_END_PLUS_45D_PROXY,False,3,23,45.0,2023-03
2023-06,2023-06,S2_Day14,2,2023-06-14 23:59:59,extended_historical_test,extended_historical_test,42.5,True,42.5,information timestamp <= nowcast cutoff,verified GSS release date where available; otherwise conservative observation month-end +45 days; target month itself always excluded,False,ADDED_IN_SCRIPT_10,True,10,2023-06-14,10.975959999999997,10.9709,10.9835,10.9709,10.9835,0.003648342089223397,0.11484928310347975,0.556403689591245,False,0,,,,,,,,,,,,,,False,,,,TIMING_UNRESOLVED_OR_NOT_RELEASED,False,,,,TIMING_UNRESOLVED_OR_NOT_RELEASED,True,41.2,2023-04,,2023-06-14,CONSERVATIVE_MONTH_END_PLUS_45D_PROXY,False,2,0,41.2,2023-04
2023-06,2023-06,S3_Day21,3,2023-06-21 23:59:59,extended_historical_test,extended_historical_test,42.5,True,42.5,information timestamp <= nowcast cutoff,verified GSS release date where available; otherwise conservative observation month-end +45 days; target month itself always excluded,False,ADDED_IN_SCRIPT_10,True,15,2023-06-21,10.97987333333333,10.9709,10.9877,10.9709,10.9898,0.006423858307556092,0.15313237747129893,0.5922557450322774,False,0,,,,,,,,,,,,,,False,,,,TIMING_UNRESOLVED_OR_NOT_RELEASED,False,,,,TIMING_UNRESOLVED_OR_NOT_RELEASED,True,41.2,2023-04,,2023-06-14,CONSERVATIVE_MONTH_END_PLUS_45D_PROXY,False,2,7,41.2,2023-04
2023-06,2023-06,S4_MonthEnd,4,2023-06-30 23:59:59,extended_historical_test,extended_historical_test,42.5,True,42.5,information timestamp <= nowcast cutoff,verified GSS release date where available; otherwise conservative observation month-end +45 days; target month itself always excluded,False,ADDED_IN_SCRIPT_10,True,21,2023-06-30,10.983633333333334,10.9709,10.9972,10.9709,10.9977,0.008382370009974925,0.23972509092233807,0.6267030350983083,False,0,,,,,,,,,,,,,,False,,,,TIMING_UNRESOLVED_OR_NOT_RELEASED,False,,,,TIMING_UNRESOLVED_OR_NOT_RELEASED,True,41.2,2023-04,,2023-06-14,CONSERVATIVE_MONTH_END_PLUS_45D_PROXY,False,2,16,41.2,2023-04
2023-07,2023-07,S1_Day7,1,2023-07-07 23:59:59,extended_historical_test,extended_historical_test,43.1,True,43.1,information timestamp <= nowcast cutoff,verified GSS release date where available; otherwise conservative observation month-end +45 days; target month itself always excluded,False,ADDED_IN_SCRIPT_10,True,5,2023-07-07,10.9991,10.9969,11.0009,10.9969,11.0009,0.0018055470085268997,0.03637388718638057,0.14081557711624892,False,0,,,,,,,,,,,,,,False,,,,TIMING_UNRESOLVED_OR_NOT_RELEASED,False,,,,TIMING_UNRESOLVED_OR_NOT_RELEASED,True,41.2,2023-04,,2023-06-14,CONSERVATIVE_MONTH_END_PLUS_45D_PROXY,False,3,23,41.2,2023-04
2023-07,2023-07,S2_Day14,2,2023-07-14 23:59:59,extended_historical_test,extended_historical_test,43.1,True,43.1,information timestamp <= nowcast cutoff,verified GSS release date where available; otherwise conservative observation month-end +45 days; target month itself always excluded,False,ADDED_IN_SCRIPT_10,True,10,2023-07-14,11.000490000000003,10.9969,11.0028,10.9969,11.0028,0.0019775995550161914,0.053651483599925776,0.1534707701459137,False,0,,,,,,,,,,,,,,False,,,,TIMING_UNRESOLVED_OR_NOT_RELEASED,False,,,,TIMING_UNRESOLVED_OR_NOT_RELEASED,True,41.2,2023-04,,2023-06-14,CONSERVATIVE_MONTH_END_PLUS_45D_PROXY,False,3,30,41.2,2023-04
2023-07,2023-07,S3_Day21,3,2023-07-21 23:59:59,extended_historical_test,extended_historical_test,43.1,True,43.1,information timestamp <= nowcast cutoff,verified GSS release date where available; otherwise conservative observation month-end +45 days; target month itself always excluded,False,ADDED_IN_SCRIPT_10,True,15,2023-07-21,11.001306666666666,10.9969,11.0032,10.9969,11.0032,0.0019911359125438827,0.05728887231855051,0.16090607540308888,False,0,,,,,,,,,,,,,,False,,,,TIMING_UNRESOLVED_OR_NOT_RELEASED,False,,,,TIMING_UNRESOLVED_OR_NOT_RELEASED,True,42.2,2023-05,,2023-07-15,CONSERVATIVE_MONTH_END_PLUS_45D_PROXY,False,2,6,42.2,2023-05
2023-07,2023-07,S4_MonthEnd,4,2023-07-31 23:59:59,extended_historical_test,extended_historical_test,43.1,True,43.1,information timestamp <= nowcast cutoff,verified GSS release date where available; otherwise conservative observation month-end +45 days; target month itself always excluded,False,ADDED_IN_SCRIPT_10,True,21,2023-07-31,11.001971428571428,10.9969,11.0034,10.9969,11.0039,0.001987135496888101,0.05910756667786288,0.1669583705279143,False,0,,,,,,,,,,,,,,False,,,,TIMING_UNRESOLVED_OR_NOT_RELEASED,False,,,,TIMING_UNRESOLVED_OR_NOT_RELEASED,True,42.2,2023-05,,2023-07-15,CONSERVATIVE_MONTH_END_PLUS_45D_PROXY,False,2,16,42.2,2023-05
2023-08,2023-08,S1_Day7,1,2023-08-07 23:59:59,extended_historical_test,extended_historical_test,40.1,True,40.1,information timestamp <= nowcast cutoff,verified GSS release date where available; otherwise conservative observation month-end +45 days; target month itself always excluded,False,ADDED_IN_SCRIPT_10,True,4,2023-08-07,11.0024,11.0031,11.0022,11.0017,11.0031,0.000514781507049358,-0.008179513046324693,0.003895405758447268,False,0,,,,,,,,,,,,,,False,,,,TIMING_UNRESOLVED_OR_NOT_RELEASED,False,,,,TIMING_UNRESOLVED_OR_NOT_RELEASED,True,42.2,2023-05,,2023-07-15,CONSERVATIVE_MONTH_END_PLUS_45D_PROXY,False,3,23,42.2,2023-05
2023-08,2023-08,S2_Day14,2,2023-08-14 23:59:59,extended_historical_test,extended_historical_test,40.1,True,40.1,information timestamp <= nowcast cutoff,verified GSS release date where available; otherwise conservative observation month-end +45 days; target month itself always excluded,False,ADDED_IN_SCRIPT_10,True,9,2023-08-14,11.002711111111111,11.0031,11.004,11.0017,11.004,0.0006471208790470995,0.008179513046324693,0.006723181790513344,False,0,,,,,,,,,,,,,,False,,,,TIMING_UNRESOLVED_OR_NOT_RELEASED,False,,,,TIMING_UNRESOLVED_OR_NOT_RELEASED,True,42.5,2023-06,,2023-08-14,CONSERVATIVE_MONTH_END_PLUS_45D_PROXY,False,2,0,42.5,2023-06
2023-08,2023-08,S3_Day21,3,2023-08-21 23:59:59,extended_historical_test,extended_historical_test,40.1,True,40.1,information timestamp <= nowcast cutoff,verified GSS release date where available; otherwise conservative observation month-end +45 days; target month itself always excluded,False,ADDED_IN_SCRIPT_10,True,14,2023-08-21,11.003507142857144,11.0031,11.0051,11.0017,11.0051,0.0011937122683428618,0.018176695658511655,0.013958537301128615,False,0,,,,,,,,,,,,,,False,,,,TIMING_UNRESOLVED_OR_NOT_RELEASED,False,,,,TIMING_UNRESOLVED_OR_NOT_RELEASED,True,42.5,2023-06,,2023-08-14,CONSERVATIVE_MONTH_END_PLUS_45D_PROXY,False,2,7,42.5,2023-06
2023-08,2023-08,S4_MonthEnd,4,2023-08-31 23:59:59,extended_historical_test,extended_historical_test,40.1,True,40.1,information timestamp <= nowcast cutoff,verified GSS release date where available; otherwise conservative observation month-end +45 days; target month itself always excluded,False,ADDED_IN_SCRIPT_10,True,22,2023-08-31,11.006568181818182,11.0031,11.0192,11.0017,11.0192,0.004991027072624354,0.14632240005090225,0.04178117782431823,False,0,,,,,,,,,,,,,,False,,,,TIMING_UNRESOLVED_OR_NOT_RELEASED,False,,,,TIMING_UNRESOLVED_OR_NOT_RELEASED,True,42.5,2023-06,,2023-08-14,CONSERVATIVE_MONTH_END_PLUS_45D_PROXY,False,2,17,42.5,2023-06
2023-09,2023-09,S1_Day7,1,2023-09-07 23:59:59,extended_historical_test,extended_historical_test,38.1,True,38.1,information timestamp <= nowcast cutoff,verified GSS release date where available; otherwise conservative observation month-end +45 days; target month itself always excluded,False,ADDED_IN_SCRIPT_10,True,5,2023-09-07,11.027519999999999,11.0207,11.0401,11.0207,11.0401,0.007782647364490048,0.17603237543895034,0.19035741055444255,False,0,,,,,,,,,,,,,,False,,,,TIMING_UNRESOLVED_OR_NOT_RELEASED,False,,,,TIMING_UNRESOLVED_OR_NOT_RELEASED,True,42.5,2023-06,,2023-08-14,CONSERVATIVE_MONTH_END_PLUS_45D_PROXY,False,3,24,42.5,2023-06
2023-09,2023-09,S2_Day14,2,2023-09-14 23:59:59,extended_historical_test,extended_historical_test,38.1,True,38.1,information timestamp <= nowcast cutoff,verified GSS release date where available; otherwise conservative observation month-end +45 days; target month itself always excluded,False,ADDED_IN_SCRIPT_10,True,10,2023-09-14,11.042000000000002,11.0207,11.0661,11.0207,11.0661,0.015900503136693736,0.4119520538622856,0.32191522004425543,False,0,,,,,,,,,,,,,,False,,,,TIMING_UNRESOLVED_OR_NOT_RELEASED,False,,,,TIMING_UNRESOLVED_OR_NOT_RELEASED,True,43.1,2023-07,,2023-09-14,CONSERVATIVE_MONTH_END_PLUS_45D_PROXY,False,2,0,43.1,2023-07
2023-09,2023-09,S3_Day21,3,2023-09-21 23:59:59,extended_historical_test,extended_historical_test,38.1,True,38.1,information timestamp <= nowcast cutoff,verified GSS release date where available; otherwise conservative observation month-end +45 days; target month itself always excluded,False,ADDED_IN_SCRIPT_10,True,14,2023-09-20,11.0508,11.0207,11.0745,11.0207,11.0745,0.01935834998871869,0.4881722576606018,0.4018674799551647,False,0,,,,,,,,,,,,,,False,,,,TIMING_UNRESOLVED_OR_NOT_RELEASED,False,,,,TIMING_UNRESOLVED_OR_NOT_RELEASED,True,43.1,2023-07,,2023-09-14,CONSERVATIVE_MONTH_END_PLUS_45D_PROXY,False,2,7,43.1,2023-07
2023-09,2023-09,S4_MonthEnd,4,2023-09-30 23:59:59,extended_historical_test,extended_historical_test,38.1,True,38.1,information timestamp <= nowcast cutoff,verified GSS release date where available; otherwise conservative observation month-end +45 days; target month itself always excluded,False,ADDED_IN_SCRIPT_10,True,20,2023-09-29,11.062930000000001,11.0207,11.1285,11.0207,11.1285,0.026965628121740706,0.9781592820782725,0.5120744018551004,False,0,,,,,,,,,,,,,,False,,,,TIMING_UNRESOLVED_OR_NOT_RELEASED,False,,,,TIMING_UNRESOLVED_OR_NOT_RELEASED,True,43.1,2023-07,,2023-09-14,CONSERVATIVE_MONTH_END_PLUS_45D_PROXY,False,2,16,43.1,2023-07
2023-10,2023-10,S1_Day7,1,2023-10-07 23:59:59,extended_historical_test,extended_historical_test,34.9,True,34.9,information timestamp <= nowcast cutoff,verified GSS release date where available; otherwise conservative observation month-end +45 days; target month itself always excluded,False,ADDED_IN_SCRIPT_10,True,5,2023-10-06,11.18724,11.1492,11.2287,11.1492,11.2287,0.03475782501826002,0.7130556452480841,1.1236625378629128,False,0,,,,,,,,,,,,,,False,,,,TIMING_UNRESOLVED_OR_NOT_RELEASED,False,,,,TIMING_UNRESOLVED_OR_NOT_RELEASED,True,43.1,2023-07,,2023-09-14,CONSERVATIVE_MONTH_END_PLUS_45D_PROXY,False,3,23,43.1,2023-07
2023-10,2023-10,S2_Day14,2,2023-10-14 23:59:59,extended_historical_test,extended_historical_test,34.9,True,34.9,information timestamp <= nowcast cutoff,verified GSS release date where available; otherwise conservative observation month-end +45 days; target month itself always excluded,False,ADDED_IN_SCRIPT_10,True,10,2023-10-13,11.23018,11.1492,11.3114,11.1492,11.3114,0.05380451282188137,1.454812901374103,1.5118056428089055,False,0,,,,,,,,,,,,,,False,,,,TIMING_UNRESOLVED_OR_NOT_RELEASED,False,,,,TIMING_UNRESOLVED_OR_NOT_RELEASED,True,43.1,2023-07,,2023-09-14,CONSERVATIVE_MONTH_END_PLUS_45D_PROXY,False,3,30,43.1,2023-07
2023-10,2023-10,S3_Day21,3,2023-10-21 23:59:59,extended_historical_test,extended_historical_test,34.9,True,34.9,information timestamp <= nowcast cutoff,verified GSS release date where available; otherwise conservative observation month-end +45 days; target month itself always excluded,False,ADDED_IN_SCRIPT_10,True,15,2023-10-20,11.274880000000001,11.1492,11.4215,11.1492,11.4215,0.07978355051847043,2.4423277006421884,1.9158577338914684,False,0,,,,,,,,,,,,,,False,,,,TIMING_UNRESOLVED_OR_NOT_RELEASED,False,,,,TIMING_UNRESOLVED_OR_NOT_RELEASED,True,40.1,2023-08,,2023-10-15,CONSERVATIVE_MONTH_END_PLUS_45D_PROXY,False,2,6,40.1,2023-08
2023-10,2023-10,S4_MonthEnd,4,2023-10-31 23:59:59,extended_historical_test,extended_historical_test,34.9,True,34.9,information timestamp <= nowcast cutoff,verified GSS release date where available; otherwise conservative observation month-end +45 days; target month itself always excluded,False,ADDED_IN_SCRIPT_10,True,22,2023-10-31,11.335381818181817,11.1492,11.4963,11.1492,11.4963,0.11071521877963052,3.1132278549133474,2.462745567239555,False,0,,,,,,,,,,,,,,False,,,,TIMING_UNRESOLVED_OR_NOT_RELEASED,False,,,,TIMING_UNRESOLVED_OR_NOT_RELEASED,True,40.1,2023-08,,2023-10-15,CONSERVATIVE_MONTH_END_PLUS_45D_PROXY,False,2,16,40.1,2023-08
2023-11,2023-11,S1_Day7,1,2023-11-07 23:59:59,extended_historical_test,extended_historical_test,26.4,True,26.4,information timestamp <= nowcast cutoff,verified GSS release date where available; otherwise conservative observation month-end +45 days; target month itself always excluded,False,ADDED_IN_SCRIPT_10,True,5,2023-11-07,11.5044,11.4993,11.512,11.4993,11.512,0.0045734013600385445,0.11044150513510598,1.4910673899584115,False,0,,,,,,,,,,,,,,False,,,,TIMING_UNRESOLVED_OR_NOT_RELEASED,False,,,,TIMING_UNRESOLVED_OR_NOT_RELEASED,True,40.1,2023-08,,2023-10-15,CONSERVATIVE_MONTH_END_PLUS_45D_PROXY,False,3,23,40.1,2023-08
2023-11,2023-11,S2_Day14,2,2023-11-14 23:59:59,extended_historical_test,extended_historical_test,26.4,True,26.4,information timestamp <= nowcast cutoff,verified GSS release date where available; otherwise conservative observation month-end +45 days; target month itself always excluded,False,ADDED_IN_SCRIPT_10,True,10,2023-11-14,11.514730000000002,11.4993,11.537,11.4993,11.537,0.012110990876060084,0.3278460428026042,1.5821979770501704,False,0,,,,,,,,,,,,,,False,,,,TIMING_UNRESOLVED_OR_NOT_RELEASED,False,,,,TIMING_UNRESOLVED_OR_NOT_RELEASED,True,38.1,2023-09,,2023-11-14,CONSERVATIVE_MONTH_END_PLUS_45D_PROXY,False,2,0,38.1,2023-09
2023-11,2023-11,S3_Day21,3,2023-11-21 23:59:59,extended_historical_test,extended_historical_test,26.4,True,26.4,information timestamp <= nowcast cutoff,verified GSS release date where available; otherwise conservative observation month-end +45 days; target month itself always excluded,False,ADDED_IN_SCRIPT_10,True,15,2023-11-21,11.528873333333335,11.4993,11.5658,11.4993,11.5658,0.022711361816402875,0.5782960701955719,1.7069695424035913,False,0,,,,,,,,,,,,,,False,,,,TIMING_UNRESOLVED_OR_NOT_RELEASED,False,,,,TIMING_UNRESOLVED_OR_NOT_RELEASED,True,38.1,2023-09,,2023-11-14,CONSERVATIVE_MONTH_END_PLUS_45D_PROXY,False,2,7,38.1,2023-09
2023-11,2023-11,S4_MonthEnd,4,2023-11-30 23:59:59,extended_historical_test,extended_historical_test,26.4,True,26.4,information timestamp <= nowcast cutoff,verified GSS release date where available; otherwise conservative observation month-end +45 days; target month itself always excluded,False,ADDED_IN_SCRIPT_10,True,22,2023-11-30,11.54935909090909,11.4993,11.6206,11.4993,11.6206,0.03658177215115495,1.0548468167627556,1.8876935612707424,False,0,,,,,,,,,,,,,,False,,,,TIMING_UNRESOLVED_OR_NOT_RELEASED,False,,,,TIMING_UNRESOLVED_OR_NOT_RELEASED,True,38.1,2023-09,,2023-11-14,CONSERVATIVE_MONTH_END_PLUS_45D_PROXY,False,2,16,38.1,2023-09
2023-12,2023-12,S1_Day7,1,2023-12-07 23:59:59,extended_historical_test,extended_historical_test,23.2,True,23.2,information timestamp <= nowcast cutoff,verified GSS release date where available; otherwise conservative observation month-end +45 days; target month itself always excluded,False,ADDED_IN_SCRIPT_10,True,4,2023-12-07,11.626175,11.6246,11.6294,11.6246,11.6294,0.0019600701518063097,0.04129174337181851,0.6651097128963057,False,0,,,,,,,,,,,,,,False,,,,TIMING_UNRESOLVED_OR_NOT_RELEASED,False,,,,TIMING_UNRESOLVED_OR_NOT_RELEASED,True,38.1,2023-09,,2023-11-14,CONSERVATIVE_MONTH_END_PLUS_45D_PROXY,False,3,23,38.1,2023-09
2023-12,2023-12,S2_Day14,2,2023-12-14 23:59:59,extended_historical_test,extended_historical_test,23.2,True,23.2,information timestamp <= nowcast cutoff,verified GSS release date where available; otherwise conservative observation month-end +45 days; target month itself always excluded,False,ADDED_IN_SCRIPT_10,True,9,2023-12-14,11.631644444444444,11.6246,11.6402,11.6246,11.6402,0.005668256857489218,0.13419816595841016,0.7124668380960042,False,0,,,,,,,,,,,,,,False,,,,TIMING_UNRESOLVED_OR_NOT_RELEASED,False,,,,TIMING_UNRESOLVED_OR_NOT_RELEASED,True,38.1,2023-09,,2023-11-14,CONSERVATIVE_MONTH_END_PLUS_45D_PROXY,False,3,30,38.1,2023-09
2023-12,2023-12,S3_Day21,3,2023-12-21 23:59:59,extended_historical_test,extended_historical_test,23.2,True,23.2,information timestamp <= nowcast cutoff,verified GSS release date where available; otherwise conservative observation month-end +45 days; target month itself always excluded,False,ADDED_IN_SCRIPT_10,True,14,2023-12-21,11.636242857142859,11.6246,11.6457,11.6246,11.6457,0.007695426683215015,0.1815116219052726,0.7522821444019057,False,0,,,,,,,,,,,,,,False,,,,TIMING_UNRESOLVED_OR_NOT_RELEASED,False,,,,TIMING_UNRESOLVED_OR_NOT_RELEASED,True,34.9,2023-10,,2023-12-15,CONSERVATIVE_MONTH_END_PLUS_45D_PROXY,False,2,6,34.9,2023-10
2023-12,2023-12,S4_MonthEnd,4,2023-12-31 23:59:59,extended_historical_test,extended_historical_test,23.2,True,23.2,information timestamp <= nowcast cutoff,verified GSS release date where available; otherwise conservative observation month-end +45 days; target month itself always excluded,False,ADDED_IN_SCRIPT_10,True,18,2023-12-29,11.651116666666665,11.6246,11.88,11.6246,11.88,0.05600540896496834,2.1970648452420027,0.8810668622960316,False,0,,,,,,,,,,,,,,False,,,,TIMING_UNRESOLVED_OR_NOT_RELEASED,False,,,,TIMING_UNRESOLVED_OR_NOT_RELEASED,True,34.9,2023-10,,2023-12-15,CONSERVATIVE_MONTH_END_PLUS_45D_PROXY,False,2,16,34.9,2023-10
2024-01,2024-01,S1_Day7,1,2024-01-07 23:59:59,extended_historical_test,extended_historical_test,23.5,True,23.5,information timestamp <= nowcast cutoff,verified GSS release date where available; otherwise conservative observation month-end +45 days; target month itself always excluded,False,ADDED_IN_SCRIPT_10,True,4,2024-01-05,11.883275,11.8829,11.8846,11.8827,11.8846,0.0007693341276719574,0.014306272037978296,1.99258440178125,False,0,,,,,,,,,,,,,,False,,,,TIMING_UNRESOLVED_OR_NOT_RELEASED,False,,,,TIMING_UNRESOLVED_OR_NOT_RELEASED,True,34.9,2023-10,,2023-12-15,CONSERVATIVE_MONTH_END_PLUS_45D_PROXY,False,3,23,34.9,2023-10
2024-01,2024-01,S2_Day14,2,2024-01-14 23:59:59,extended_historical_test,extended_historical_test,23.5,True,23.5,information timestamp <= nowcast cutoff,verified GSS release date where available; otherwise conservative observation month-end +45 days; target month itself always excluded,False,ADDED_IN_SCRIPT_10,True,8,2024-01-12,11.8899875,11.8829,11.9077,11.8827,11.9077,0.008696901387850769,0.20870326267157235,2.0501969053037916,False,0,,,,,,,,,,,,,,False,,,,TIMING_UNRESOLVED_OR_NOT_RELEASED,False,,,,TIMING_UNRESOLVED_OR_NOT_RELEASED,True,26.4,2023-11,,2024-01-14,CONSERVATIVE_MONTH_END_PLUS_45D_PROXY,False,2,0,26.4,2023-11
2024-01,2024-01,S3_Day21,3,2024-01-21 23:59:59,extended_historical_test,extended_historical_test,23.5,True,23.5,information timestamp <= nowcast cutoff,verified GSS release date where available; otherwise conservative observation month-end +45 days; target month itself always excluded,False,ADDED_IN_SCRIPT_10,True,13,2024-01-19,11.902030769230773,11.8829,11.9601,11.8827,11.9601,0.02063899910421228,0.6496730596066813,2.153562699118461,False,0,,,,,,,,,,,,,,False,,,,TIMING_UNRESOLVED_OR_NOT_RELEASED,False,,,,TIMING_UNRESOLVED_OR_NOT_RELEASED,True,26.4,2023-11,,2024-01-14,CONSERVATIVE_MONTH_END_PLUS_45D_PROXY,False,2,7,26.4,2023-11
2024-01,2024-01,S4_MonthEnd,4,2024-01-31 23:59:59,extended_historical_test,extended_historical_test,23.5,True,23.5,information timestamp <= nowcast cutoff,verified GSS release date where available; otherwise conservative observation month-end +45 days; target month itself always excluded,False,ADDED_IN_SCRIPT_10,True,21,2024-01-31,11.934447619047617,11.8829,12.0356,11.8827,12.0356,0.04710723955126861,1.2850398471753621,2.4317922520812996,False,0,,,,,,,,,,,,,,False,,,,TIMING_UNRESOLVED_OR_NOT_RELEASED,False,,,,TIMING_UNRESOLVED_OR_NOT_RELEASED,True,26.4,2023-11,,2024-01-14,CONSERVATIVE_MONTH_END_PLUS_45D_PROXY,False,2,17,26.4,2023-11
2024-02,2024-02,S1_Day7,1,2024-02-07 23:59:59,extended_historical_test,extended_historical_test,23.2,True,23.2,information timestamp <= nowcast cutoff,verified GSS release date where available; otherwise conservative observation month-end +45 days; target month itself always excluded,False,ADDED_IN_SCRIPT_10,True,5,2024-02-07,12.065439999999999,12.0356,12.0876,12.0356,12.0876,0.018685887723091887,0.43205158031174307,1.0975990270661207,False,0,,,,,,,,,,,,,,False,,,,TIMING_UNRESOLVED_OR_NOT_RELEASED,False,,,,TIMING_UNRESOLVED_OR_NOT_RELEASED,True,26.4,2023-11,,2024-01-14,CONSERVATIVE_MONTH_END_PLUS_45D_PROXY,False,3,24,26.4,2023-11
2024-02,2024-02,S2_Day14,2,2024-02-14 23:59:59,extended_historical_test,extended_historical_test,23.2,True,23.2,information timestamp <= nowcast cutoff,verified GSS release date where available; otherwise conservative observation month-end +45 days; target month itself always excluded,False,ADDED_IN_SCRIPT_10,True,10,2024-02-14,12.102949999999998,12.0356,12.1625,12.0356,12.1625,0.04392703609395916,1.0543720296453785,1.411899287935614,False,0,,,,,,,,,,,,,,False,,,,TIMING_UNRESOLVED_OR_NOT_RELEASED,False,,,,TIMING_UNRESOLVED_OR_NOT_RELEASED,True,23.2,2023-12,,2024-02-14,CONSERVATIVE_MONTH_END_PLUS_45D_PROXY,False,2,0,23.2,2023-12
2024-02,2024-02,S3_Day21,3,2024-02-21 23:59:59,extended_historical_test,extended_historical_test,23.2,True,23.2,information timestamp <= nowcast cutoff,verified GSS release date where available; otherwise conservative observation month-end +45 days; target month itself always excluded,False,ADDED_IN_SCRIPT_10,True,15,2024-02-21,12.158459999999998,12.0356,12.3828,12.0356,12.3828,0.09560557724317119,2.8847751670045385,1.8770234543143305,False,0,,,,,,,,,,,,,,False,,,,TIMING_UNRESOLVED_OR_NOT_RELEASED,False,,,,TIMING_UNRESOLVED_OR_NOT_RELEASED,True,23.2,2023-12,,2024-02-14,CONSERVATIVE_MONTH_END_PLUS_45D_PROXY,False,2,7,23.2,2023-12
2024-02,2024-02,S4_MonthEnd,4,2024-02-29 23:59:59,extended_historical_test,extended_historical_test,23.2,True,23.2,information timestamp <= nowcast cutoff,verified GSS release date where available; otherwise conservative observation month-end +45 days; target month itself always excluded,False,ADDED_IN_SCRIPT_10,True,21,2024-02-29,12.23007142857143,12.0356,12.4642,12.0356,12.4642,0.13992679427151206,3.561102063877164,2.4770631952164335,False,0,,,,,,,,,,,,,,False,,,,TIMING_UNRESOLVED_OR_NOT_RELEASED,False,,,,TIMING_UNRESOLVED_OR_NOT_RELEASED,True,23.2,2023-12,,2024-02-14,CONSERVATIVE_MONTH_END_PLUS_45D_PROXY,False,2,15,23.2,2023-12
2024-03,2024-03,S1_Day7,1,2024-03-07 23:59:59,extended_historical_test,extended_historical_test,25.8,True,25.8,information timestamp <= nowcast cutoff,verified GSS release date where available; otherwise conservative observation month-end +45 days; target month itself always excluded,False,ADDED_IN_SCRIPT_10,True,4,2024-03-07,12.510525000000001,12.5,12.5348,12.5,12.5348,0.01414838771733414,0.27840000000001197,2.2931474527073226,False,0,,,,,,,,,,,,,,False,,,,TIMING_UNRESOLVED_OR_NOT_RELEASED,False,,,,TIMING_UNRESOLVED_OR_NOT_RELEASED,True,23.2,2023-12,,2024-02-14,CONSERVATIVE_MONTH_END_PLUS_45D_PROXY,False,3,22,23.2,2023-12
2024-03,2024-03,S2_Day14,2,2024-03-14 23:59:59,extended_historical_test,extended_historical_test,25.8,True,25.8,information timestamp <= nowcast cutoff,verified GSS release date where available; otherwise conservative observation month-end +45 days; target month itself always excluded,False,ADDED_IN_SCRIPT_10,True,9,2024-03-14,12.547655555555554,12.5,12.6047,12.5,12.6047,0.03896092376018452,0.8375999999999939,2.596747932658805,False,0,,,,,,,,,,,,,,False,,,,TIMING_UNRESOLVED_OR_NOT_RELEASED,False,,,,TIMING_UNRESOLVED_OR_NOT_RELEASED,True,23.2,2023-12,,2024-02-14,CONSERVATIVE_MONTH_END_PLUS_45D_PROXY,False,3,29,23.2,2023-12
2024-03,2024-03,S3_Day21,3,2024-03-21 23:59:59,extended_historical_test,extended_historical_test,25.8,True,25.8,information timestamp <= nowcast cutoff,verified GSS release date where available; otherwise conservative observation month-end +45 days; target month itself always excluded,False,ADDED_IN_SCRIPT_10,True,14,2024-03-21,12.601964285714285,12.5,12.777,12.5,12.777,0.08736689964203381,2.2159999999999958,3.0408069103672775,False,0,,,,,,,,,,,,,,False,,,,TIMING_UNRESOLVED_OR_NOT_RELEASED,False,,,,TIMING_UNRESOLVED_OR_NOT_RELEASED,True,23.5,2024-01,,2024-03-16,CONSERVATIVE_MONTH_END_PLUS_45D_PROXY,False,2,5,23.5,2024-01
2024-03,2024-03,S4_MonthEnd,4,2024-03-31 23:59:59,extended_historical_test,extended_historical_test,25.8,True,25.8,information timestamp <= nowcast cutoff,verified GSS release date where available; otherwise conservative observation month-end +45 days; target month itself always excluded,False,ADDED_IN_SCRIPT_10,True,19,2024-03-28,12.667431578947367,12.5,12.877,12.5,12.877,0.13349987207812372,3.0159999999999965,3.5761046280906594,False,0,,,,,,,,,,,,,,False,,,,TIMING_UNRESOLVED_OR_NOT_RELEASED,False,,,,TIMING_UNRESOLVED_OR_NOT_RELEASED,True,23.5,2024-01,,2024-03-16,CONSERVATIVE_MONTH_END_PLUS_45D_PROXY,False,2,15,23.5,2024-01
2024-04,2024-04,S1_Day7,1,2024-04-07 23:59:59,extended_historical_test,extended_historical_test,25.1,True,25.1,information timestamp <= nowcast cutoff,verified GSS release date where available; otherwise conservative observation month-end +45 days; target month itself always excluded,False,ADDED_IN_SCRIPT_10,True,4,2024-04-05,12.9114,12.9071,12.9182,12.9071,12.9182,0.004649193478443614,0.08599917874658747,1.9259501780779065,False,0,,,,,,,,,,,,,,False,,,,TIMING_UNRESOLVED_OR_NOT_RELEASED,False,,,,TIMING_UNRESOLVED_OR_NOT_RELEASED,True,23.5,2024-01,,2024-03-16,CONSERVATIVE_MONTH_END_PLUS_45D_PROXY,False,3,22,23.5,2024-01
2024-04,2024-04,S2_Day14,2,2024-04-14 23:59:59,extended_historical_test,extended_historical_test,25.1,True,25.1,information timestamp <= nowcast cutoff,verified GSS release date where available; otherwise conservative observation month-end +45 days; target month itself always excluded,False,ADDED_IN_SCRIPT_10,True,8,2024-04-12,12.940212500000001,12.9071,12.9867,12.9071,12.9867,0.03006752556746268,0.6167148313718895,2.153403547929811,False,0,,,,,,,,,,,,,,False,,,,TIMING_UNRESOLVED_OR_NOT_RELEASED,False,,,,TIMING_UNRESOLVED_OR_NOT_RELEASED,True,23.2,2024-02,,2024-04-14,CONSERVATIVE_MONTH_END_PLUS_45D_PROXY,False,2,0,23.2,2024-02
2024-04,2024-04,S3_Day21,3,2024-04-21 23:59:59,extended_historical_test,extended_historical_test,25.1,True,25.1,information timestamp <= nowcast cutoff,verified GSS release date where available; otherwise conservative observation month-end +45 days; target month itself always excluded,False,ADDED_IN_SCRIPT_10,True,13,2024-04-19,12.968023076923076,12.9071,13.0537,12.9071,13.0537,0.04433753669029549,1.1358089733557453,2.3729474763872105,False,0,,,,,,,,,,,,,,False,,,,TIMING_UNRESOLVED_OR_NOT_RELEASED,False,,,,TIMING_UNRESOLVED_OR_NOT_RELEASED,True,23.2,2024-02,,2024-04-14,CONSERVATIVE_MONTH_END_PLUS_45D_PROXY,False,2,7,23.2,2024-02
2024-04,2024-04,S4_MonthEnd,4,2024-04-30 23:59:59,extended_historical_test,extended_historical_test,25.1,True,25.1,information timestamp <= nowcast cutoff,verified GSS release date where available; otherwise conservative observation month-end +45 days; target month itself always excluded,False,ADDED_IN_SCRIPT_10,True,20,2024-04-30,13.038060000000002,12.9071,13.2739,12.9071,13.2739,0.11073752480527974,2.8418467355176613,2.925837165511913,False,0,,,,,,,,,,,,,,False,,,,TIMING_UNRESOLVED_OR_NOT_RELEASED,False,,,,TIMING_UNRESOLVED_OR_NOT_RELEASED,True,23.2,2024-02,,2024-04-14,CONSERVATIVE_MONTH_END_PLUS_45D_PROXY,False,2,16,23.2,2024-02
2024-05,2024-05,S1_Day7,1,2024-05-07 23:59:59,extended_historical_test,extended_historical_test,23.1,True,23.1,information timestamp <= nowcast cutoff,verified GSS release date where available; otherwise conservative observation month-end +45 days; target month itself always excluded,False,ADDED_IN_SCRIPT_10,True,4,2024-05-07,13.439625,13.3734,13.4982,13.3734,13.4982,0.048327237402938934,0.9331957467809238,3.0799444089074424,False,0,,,,,,,,,,,,,,False,,,,TIMING_UNRESOLVED_OR_NOT_RELEASED,False,,,,TIMING_UNRESOLVED_OR_NOT_RELEASED,True,23.2,2024-02,,2024-04-14,CONSERVATIVE_MONTH_END_PLUS_45D_PROXY,False,3,23,23.2,2024-02
2024-05,2024-05,S2_Day14,2,2024-05-14 23:59:59,extended_historical_test,extended_historical_test,23.1,True,23.1,information timestamp <= nowcast cutoff,verified GSS release date where available; otherwise conservative observation month-end +45 days; target month itself always excluded,False,ADDED_IN_SCRIPT_10,True,9,2024-05-14,13.567044444444445,13.3734,13.723,13.3734,13.723,0.1273953436364412,2.6141444957901605,4.057232781904996,False,0,,,,,,,,,,,,,,False,,,,TIMING_UNRESOLVED_OR_NOT_RELEASED,False,,,,TIMING_UNRESOLVED_OR_NOT_RELEASED,True,23.2,2024-02,,2024-04-14,CONSERVATIVE_MONTH_END_PLUS_45D_PROXY,False,3,30,23.2,2024-02
2024-05,2024-05,S3_Day21,3,2024-05-21 23:59:59,extended_historical_test,extended_historical_test,23.1,True,23.1,information timestamp <= nowcast cutoff,verified GSS release date where available; otherwise conservative observation month-end +45 days; target month itself always excluded,False,ADDED_IN_SCRIPT_10,True,14,2024-05-21,13.6517,13.3734,13.8756,13.3734,13.8756,0.1556124811373248,3.7552155771905404,4.706528425241174,False,0,,,,,,,,,,,,,,False,,,,TIMING_UNRESOLVED_OR_NOT_RELEASED,False,,,,TIMING_UNRESOLVED_OR_NOT_RELEASED,True,25.8,2024-03,,2024-05-15,CONSERVATIVE_MONTH_END_PLUS_45D_PROXY,False,2,6,25.8,2024-03
2024-05,2024-05,S4_MonthEnd,4,2024-05-31 23:59:59,extended_historical_test,extended_historical_test,23.1,True,23.1,information timestamp <= nowcast cutoff,verified GSS release date where available; otherwise conservative observation month-end +45 days; target month itself always excluded,False,ADDED_IN_SCRIPT_10,True,22,2024-05-31,13.782322727272726,13.3734,14.1301,13.3734,14.1301,0.2173861978804671,5.658246967861569,5.708385505763314,False,0,,,,,,,,,,,,,,False,,,,TIMING_UNRESOLVED_OR_NOT_RELEASED,False,,,,TIMING_UNRESOLVED_OR_NOT_RELEASED,True,25.8,2024-03,,2024-05-15,CONSERVATIVE_MONTH_END_PLUS_45D_PROXY,False,2,16,25.8,2024-03
2024-06,2024-06,S1_Day7,1,2024-06-07 23:59:59,extended_historical_test,extended_historical_test,22.8,True,22.8,information timestamp <= nowcast cutoff,verified GSS release date where available; otherwise conservative observation month-end +45 days; target month itself always excluded,False,ADDED_IN_SCRIPT_10,True,5,2024-06-07,14.14488,14.1294,14.1515,14.1294,14.1515,0.008078217625194157,0.15641145413110014,2.6305963073251615,False,0,,,,,,,,,,,,,,False,,,,TIMING_UNRESOLVED_OR_NOT_RELEASED,False,,,,TIMING_UNRESOLVED_OR_NOT_RELEASED,True,25.8,2024-03,,2024-05-15,CONSERVATIVE_MONTH_END_PLUS_45D_PROXY,False,3,23,25.8,2024-03
2024-06,2024-06,S2_Day14,2,2024-06-14 23:59:59,extended_historical_test,extended_historical_test,22.8,True,22.8,information timestamp <= nowcast cutoff,verified GSS release date where available; otherwise conservative observation month-end +45 days; target month itself always excluded,False,ADDED_IN_SCRIPT_10,True,10,2024-06-14,14.20195,14.1294,14.3015,14.1294,14.3015,0.062244473650276674,1.2180276586408523,3.044677454090583,False,0,,,,,,,,,,,,,,False,,,,TIMING_UNRESOLVED_OR_NOT_RELEASED,False,,,,TIMING_UNRESOLVED_OR_NOT_RELEASED,True,25.1,2024-04,,2024-06-14,CONSERVATIVE_MONTH_END_PLUS_45D_PROXY,False,2,0,25.1,2024-04
2024-06,2024-06,S3_Day21,3,2024-06-21 23:59:59,extended_historical_test,extended_historical_test,22.8,True,22.8,information timestamp <= nowcast cutoff,verified GSS release date where available; otherwise conservative observation month-end +45 days; target month itself always excluded,False,ADDED_IN_SCRIPT_10,True,14,2024-06-21,14.254335714285714,14.1294,14.4467,14.1294,14.4467,0.10118257619022064,2.24567214460627,3.424770964613666,False,0,,,,,,,,,,,,,,False,,,,TIMING_UNRESOLVED_OR_NOT_RELEASED,False,,,,TIMING_UNRESOLVED_OR_NOT_RELEASED,True,25.1,2024-04,,2024-06-14,CONSERVATIVE_MONTH_END_PLUS_45D_PROXY,False,2,7,25.1,2024-04
2024-06,2024-06,S4_MonthEnd,4,2024-06-30 23:59:59,extended_historical_test,extended_historical_test,22.8,True,22.8,information timestamp <= nowcast cutoff,verified GSS release date where available; otherwise conservative observation month-end +45 days; target month itself always excluded,False,ADDED_IN_SCRIPT_10,True,19,2024-06-28,14.32977894736842,14.1294,14.586,14.1294,14.586,0.1542004115597872,3.2315597265276663,3.9721622467334683,False,0,,,,,,,,,,,,,,False,,,,TIMING_UNRESOLVED_OR_NOT_RELEASED,False,,,,TIMING_UNRESOLVED_OR_NOT_RELEASED,True,25.1,2024-04,,2024-06-14,CONSERVATIVE_MONTH_END_PLUS_45D_PROXY,False,2,16,25.1,2024-04
2024-07,2024-07,S1_Day7,1,2024-07-07 23:59:59,extended_historical_test,extended_historical_test,20.9,True,20.9,information timestamp <= nowcast cutoff,verified GSS release date where available; otherwise conservative observation month-end +45 days; target month itself always excluded,False,ADDED_IN_SCRIPT_10,True,5,2024-07-05,14.63922,14.586,14.6707,14.586,14.6707,0.03096096897708434,0.5806938159879316,2.1594265603685825,False,0,,,,,,,,,,,,,,False,,,,TIMING_UNRESOLVED_OR_NOT_RELEASED,False,,,,TIMING_UNRESOLVED_OR_NOT_RELEASED,True,25.1,2024-04,,2024-06-14,CONSERVATIVE_MONTH_END_PLUS_45D_PROXY,False,3,23,25.1,2024-04
2024-07,2024-07,S2_Day14,2,2024-07-14 23:59:59,extended_historical_test,extended_historical_test,20.9,True,20.9,information timestamp <= nowcast cutoff,verified GSS release date where available; otherwise conservative observation month-end +45 days; target month itself always excluded,False,ADDED_IN_SCRIPT_10,True,10,2024-07-12,14.675749999999999,14.586,14.7172,14.586,14.7172,0.042653938856804276,0.8994926641985534,2.4143502415654217,False,0,,,,,,,,,,,,,,False,,,,TIMING_UNRESOLVED_OR_NOT_RELEASED,False,,,,TIMING_UNRESOLVED_OR_NOT_RELEASED,True,25.1,2024-04,,2024-06-14,CONSERVATIVE_MONTH_END_PLUS_45D_PROXY,False,3,30,25.1,2024-04
2024-07,2024-07,S3_Day21,3,2024-07-21 23:59:59,extended_historical_test,extended_historical_test,20.9,True,20.9,information timestamp <= nowcast cutoff,verified GSS release date where available; otherwise conservative observation month-end +45 days; target month itself always excluded,False,ADDED_IN_SCRIPT_10,True,15,2024-07-19,14.702326666666668,14.586,14.7811,14.586,14.7811,0.05238500379137366,1.3375839846428095,2.5998148378043595,False,0,,,,,,,,,,,,,,False,,,,TIMING_UNRESOLVED_OR_NOT_RELEASED,False,,,,TIMING_UNRESOLVED_OR_NOT_RELEASED,True,23.1,2024-05,,2024-07-15,CONSERVATIVE_MONTH_END_PLUS_45D_PROXY,False,2,6,23.1,2024-05
2024-07,2024-07,S4_MonthEnd,4,2024-07-31 23:59:59,extended_historical_test,extended_historical_test,20.9,True,20.9,information timestamp <= nowcast cutoff,verified GSS release date where available; otherwise conservative observation month-end +45 days; target month itself always excluded,False,ADDED_IN_SCRIPT_10,True,23,2024-07-31,14.746734782608694,14.586,14.9009,14.586,14.9009,0.07812128034245246,2.1589195118606908,2.909715751873798,False,0,,,,,,,,,,,,,,False,,,,TIMING_UNRESOLVED_OR_NOT_RELEASED,False,,,,TIMING_UNRESOLVED_OR_NOT_RELEASED,True,23.1,2024-05,,2024-07-15,CONSERVATIVE_MONTH_END_PLUS_45D_PROXY,False,2,16,23.1,2024-05
2024-08,2024-08,S1_Day7,1,2024-08-07 23:59:59,extended_historical_test,extended_historical_test,20.4,True,20.4,information timestamp <= nowcast cutoff,verified GSS release date where available; otherwise conservative observation month-end +45 days; target month itself always excluded,False,ADDED_IN_SCRIPT_10,True,4,2024-08-07,14.983249999999998,14.9501,15.0222,14.9501,15.0222,0.02675803617607206,0.48227102159850155,1.603848044180145,False,0,,,,,,,,,,,,,,False,,,,TIMING_UNRESOLVED_OR_NOT_RELEASED,False,,,,TIMING_UNRESOLVED_OR_NOT_RELEASED,True,23.1,2024-05,,2024-07-15,CONSERVATIVE_MONTH_END_PLUS_45D_PROXY,False,3,23,23.1,2024-05
2024-08,2024-08,S2_Day14,2,2024-08-14 23:59:59,extended_historical_test,extended_historical_test,20.4,True,20.4,information timestamp <= nowcast cutoff,verified GSS release date where available; otherwise conservative observation month-end +45 days; target month itself always excluded,False,ADDED_IN_SCRIPT_10,True,9,2024-08-14,15.051633333333333,14.9501,15.1327,14.9501,15.1341,0.06723758869362688,1.2213965123978987,2.0675665170585056,False,0,,,,,,,,,,,,,,False,,,,TIMING_UNRESOLVED_OR_NOT_RELEASED,False,,,,TIMING_UNRESOLVED_OR_NOT_RELEASED,True,22.8,2024-06,,2024-08-14,CONSERVATIVE_MONTH_END_PLUS_45D_PROXY,False,2,0,22.8,2024-06
2024-08,2024-08,S3_Day21,3,2024-08-21 23:59:59,extended_historical_test,extended_historical_test,20.4,True,20.4,information timestamp <= nowcast cutoff,verified GSS release date where available; otherwise conservative observation month-end +45 days; target month itself always excluded,False,ADDED_IN_SCRIPT_10,True,14,2024-08-21,15.080142857142858,14.9501,15.13,14.9501,15.1341,0.0661031522296318,1.2033364325322315,2.2608942213252714,False,0,,,,,,,,,,,,,,False,,,,TIMING_UNRESOLVED_OR_NOT_RELEASED,False,,,,TIMING_UNRESOLVED_OR_NOT_RELEASED,True,22.8,2024-06,,2024-08-14,CONSERVATIVE_MONTH_END_PLUS_45D_PROXY,False,2,7,22.8,2024-06
2024-08,2024-08,S4_MonthEnd,4,2024-08-31 23:59:59,extended_historical_test,extended_historical_test,20.4,True,20.4,information timestamp <= nowcast cutoff,verified GSS release date where available; otherwise conservative observation month-end +45 days; target month itself always excluded,False,ADDED_IN_SCRIPT_10,True,21,2024-08-30,15.103657142857143,14.9501,15.1899,14.9501,15.1899,0.06458910840977812,1.6040026488117087,2.420348406003603,False,0,,,,,,,,,,,,,,False,,,,TIMING_UNRESOLVED_OR_NOT_RELEASED,False,,,,TIMING_UNRESOLVED_OR_NOT_RELEASED,True,22.8,2024-06,,2024-08-14,CONSERVATIVE_MONTH_END_PLUS_45D_PROXY,False,2,17,22.8,2024-06
2024-09,2024-09,S1_Day7,1,2024-09-07 23:59:59,extended_historical_test,extended_historical_test,21.5,True,21.5,information timestamp <= nowcast cutoff,verified GSS release date where available; otherwise conservative observation month-end +45 days; target month itself always excluded,False,ADDED_IN_SCRIPT_10,True,5,2024-09-06,15.28516,15.2302,15.345,15.2302,15.345,0.04362149011668445,0.7537655447728886,1.201714627299344,False,0,,,,,,,,,,,,,,False,,,,TIMING_UNRESOLVED_OR_NOT_RELEASED,False,,,,TIMING_UNRESOLVED_OR_NOT_RELEASED,True,22.8,2024-06,,2024-08-14,CONSERVATIVE_MONTH_END_PLUS_45D_PROXY,False,3,24,22.8,2024-06
2024-09,2024-09,S2_Day14,2,2024-09-14 23:59:59,extended_historical_test,extended_historical_test,21.5,True,21.5,information timestamp <= nowcast cutoff,verified GSS release date where available; otherwise conservative observation month-end +45 days; target month itself always excluded,False,ADDED_IN_SCRIPT_10,True,10,2024-09-13,15.377780000000001,15.2302,15.6415,15.2302,15.6415,0.12230822376275455,2.700555475305655,1.814943589821194,False,0,,,,,,,,,,,,,,False,,,,TIMING_UNRESOLVED_OR_NOT_RELEASED,False,,,,TIMING_UNRESOLVED_OR_NOT_RELEASED,True,20.9,2024-07,,2024-09-14,CONSERVATIVE_MONTH_END_PLUS_45D_PROXY,False,2,0,20.9,2024-07
2024-09,2024-09,S3_Day21,3,2024-09-21 23:59:59,extended_historical_test,extended_historical_test,21.5,True,21.5,information timestamp <= nowcast cutoff,verified GSS release date where available; otherwise conservative observation month-end +45 days; target month itself always excluded,False,ADDED_IN_SCRIPT_10,True,15,2024-09-20,15.486640000000001,15.2302,15.7559,15.2302,15.7559,0.18601111364647013,3.451694659295357,2.5356961795440336,False,0,,,,,,,,,,,,,,False,,,,TIMING_UNRESOLVED_OR_NOT_RELEASED,False,,,,TIMING_UNRESOLVED_OR_NOT_RELEASED,True,20.9,2024-07,,2024-09-14,CONSERVATIVE_MONTH_END_PLUS_45D_PROXY,False,2,7,20.9,2024-07
2024-09,2024-09,S4_MonthEnd,4,2024-09-30 23:59:59,extended_historical_test,extended_historical_test,21.5,True,21.5,information timestamp <= nowcast cutoff,verified GSS release date where available; otherwise conservative observation month-end +45 days; target month itself always excluded,False,ADDED_IN_SCRIPT_10,True,20,2024-09-30,15.557485,15.2302,15.8,15.2302,15.83,0.20407509224547726,3.7412509356410384,3.004754761382289,False,0,,,,,,,,,,,,,,False,,,,TIMING_UNRESOLVED_OR_NOT_RELEASED,False,,,,TIMING_UNRESOLVED_OR_NOT_RELEASED,True,20.9,2024-07,,2024-09-14,CONSERVATIVE_MONTH_END_PLUS_45D_PROXY,False,2,16,20.9,2024-07
2024-10,2024-10,S1_Day7,1,2024-10-07 23:59:59,extended_historical_test,extended_historical_test,22.1,True,22.1,information timestamp <= nowcast cutoff,verified GSS release date where available; otherwise conservative observation month-end +45 days; target month itself always excluded,False,ADDED_IN_SCRIPT_10,True,5,2024-10-07,15.838,15.84,15.88,15.79,15.88,0.03815756805667824,0.2525252525252597,1.803087067093423,False,0,,,,,,,,,,,,,,False,,,,TIMING_UNRESOLVED_OR_NOT_RELEASED,False,,,,TIMING_UNRESOLVED_OR_NOT_RELEASED,True,20.9,2024-07,,2024-09-14,CONSERVATIVE_MONTH_END_PLUS_45D_PROXY,False,3,23,20.9,2024-07
2024-10,2024-10,S2_Day14,2,2024-10-14 23:59:59,extended_historical_test,extended_historical_test,22.1,True,22.1,information timestamp <= nowcast cutoff,verified GSS release date where available; otherwise conservative observation month-end +45 days; target month itself always excluded,False,ADDED_IN_SCRIPT_10,True,10,2024-10-14,15.864,15.84,15.97,15.79,15.97,0.050833060108555615,0.8207070707070718,1.9702091951237621,False,0,,,,,,,,,,,,,,False,,,,TIMING_UNRESOLVED_OR_NOT_RELEASED,False,,,,TIMING_UNRESOLVED_OR_NOT_RELEASED,True,20.9,2024-07,,2024-09-14,CONSERVATIVE_MONTH_END_PLUS_45D_PROXY,False,3,30,20.9,2024-07
2024-10,2024-10,S3_Day21,3,2024-10-21 23:59:59,extended_historical_test,extended_historical_test,22.1,True,22.1,information timestamp <= nowcast cutoff,verified GSS release date where available; otherwise conservative observation month-end +45 days; target month itself always excluded,False,ADDED_IN_SCRIPT_10,True,15,2024-10-21,15.897333333333336,15.84,16.0,15.79,16.0,0.06717803873952334,1.0101010101010166,2.184468333624201,False,0,,,,,,,,,,,,,,False,,,,TIMING_UNRESOLVED_OR_NOT_RELEASED,False,,,,TIMING_UNRESOLVED_OR_NOT_RELEASED,True,20.4,2024-08,,2024-10-15,CONSERVATIVE_MONTH_END_PLUS_45D_PROXY,False,2,6,20.4,2024-08
2024-10,2024-10,S4_MonthEnd,4,2024-10-31 23:59:59,extended_historical_test,extended_historical_test,22.1,True,22.1,information timestamp <= nowcast cutoff,verified GSS release date where available; otherwise conservative observation month-end +45 days; target month itself always excluded,False,ADDED_IN_SCRIPT_10,True,23,2024-10-31,15.988904347826088,15.84,16.3,15.79,16.3,0.14655573647639944,2.90404040404042,2.7730661339290252,False,0,,,,,,,,,,,,,,False,,,,TIMING_UNRESOLVED_OR_NOT_RELEASED,False,,,,TIMING_UNRESOLVED_OR_NOT_RELEASED,True,20.4,2024-08,,2024-10-15,CONSERVATIVE_MONTH_END_PLUS_45D_PROXY,False,2,16,20.4,2024-08
2024-11,2024-11,S1_Day7,1,2024-11-07 23:59:59,extended_historical_test,extended_historical_test,23.0,True,23.0,information timestamp <= nowcast cutoff,verified GSS release date where available; otherwise conservative observation month-end +45 days; target month itself always excluded,False,ADDED_IN_SCRIPT_10,True,5,2024-11-07,16.334,16.3,16.2,16.2,16.42,0.07889233169326446,-0.613496932515345,2.158344591140371,False,0,,,,,,,,,,,,,,False,,,,TIMING_UNRESOLVED_OR_NOT_RELEASED,False,,,,TIMING_UNRESOLVED_OR_NOT_RELEASED,True,20.4,2024-08,,2024-10-15,CONSERVATIVE_MONTH_END_PLUS_45D_PROXY,False,3,23,20.4,2024-08
2024-11,2024-11,S2_Day14,2,2024-11-14 23:59:59,extended_historical_test,extended_historical_test,23.0,True,23.0,information timestamp <= nowcast cutoff,verified GSS release date where available; otherwise conservative observation month-end +45 days; target month itself always excluded,False,ADDED_IN_SCRIPT_10,True,10,2024-11-14,16.280009999999997,16.3,16.08,16.08,16.42,0.10431395352492481,-1.3496932515337567,1.8206729231793117,False,0,,,,,,,,,,,,,,False,,,,TIMING_UNRESOLVED_OR_NOT_RELEASED,False,,,,TIMING_UNRESOLVED_OR_NOT_RELEASED,True,21.5,2024-09,,2024-11-14,CONSERVATIVE_MONTH_END_PLUS_45D_PROXY,False,2,0,21.5,2024-09
2024-11,2024-11,S3_Day21,3,2024-11-21 23:59:59,extended_historical_test,extended_historical_test,23.0,True,23.0,information timestamp <= nowcast cutoff,verified GSS release date where available; otherwise conservative observation month-end +45 days; target month itself always excluded,False,ADDED_IN_SCRIPT_10,True,15,2024-11-21,16.15834,16.3,15.85,15.85,16.42,0.19342900092798945,-2.7607361963190247,1.0597077103469577,False,0,,,,,,,,,,,,,,False,,,,TIMING_UNRESOLVED_OR_NOT_RELEASED,False,,,,TIMING_UNRESOLVED_OR_NOT_RELEASED,True,21.5,2024-09,,2024-11-14,CONSERVATIVE_MONTH_END_PLUS_45D_PROXY,False,2,7,21.5,2024-09
2024-11,2024-11,S4_MonthEnd,4,2024-11-30 23:59:59,extended_historical_test,extended_historical_test,23.0,True,23.0,information timestamp <= nowcast cutoff,verified GSS release date where available; otherwise conservative observation month-end +45 days; target month itself always excluded,False,ADDED_IN_SCRIPT_10,True,21,2024-11-29,15.983433333333338,16.3,15.27,15.27,16.42,0.3363289536738774,-6.319018404907983,-0.03421756972042944,False,0,,,,,,,,,,,,,,False,,,,TIMING_UNRESOLVED_OR_NOT_RELEASED,False,,,,TIMING_UNRESOLVED_OR_NOT_RELEASED,True,21.5,2024-09,,2024-11-14,CONSERVATIVE_MONTH_END_PLUS_45D_PROXY,False,2,16,21.5,2024-09
2024-12,2024-12,S1_Day7,1,2024-12-07 23:59:59,extended_historical_test,extended_historical_test,23.8,True,23.8,information timestamp <= nowcast cutoff,verified GSS release date where available; otherwise conservative observation month-end +45 days; target month itself always excluded,False,ADDED_IN_SCRIPT_10,True,4,2024-12-05,15.025,15.195,14.87,14.87,15.195,0.13421065531469586,-2.138861467588027,-5.99641712356338,False,0,,,,,,,,,,,,,,False,,,,TIMING_UNRESOLVED_OR_NOT_RELEASED,False,,,,TIMING_UNRESOLVED_OR_NOT_RELEASED,True,21.5,2024-09,,2024-11-14,CONSERVATIVE_MONTH_END_PLUS_45D_PROXY,False,3,23,21.5,2024-09
2024-12,2024-12,S2_Day14,2,2024-12-14 23:59:59,extended_historical_test,extended_historical_test,23.8,True,23.8,information timestamp <= nowcast cutoff,verified GSS release date where available; otherwise conservative observation month-end +45 days; target month itself always excluded,False,ADDED_IN_SCRIPT_10,True,9,2024-12-13,14.866666666666667,15.195,14.74,14.68,15.195,0.16995097332270076,-2.994406054623233,-6.9870261499928255,False,0,,,,,,,,,,,,,,False,,,,TIMING_UNRESOLVED_OR_NOT_RELEASED,False,,,,TIMING_UNRESOLVED_OR_NOT_RELEASED,True,21.5,2024-09,,2024-11-14,CONSERVATIVE_MONTH_END_PLUS_45D_PROXY,False,3,30,21.5,2024-09
2024-12,2024-12,S3_Day21,3,2024-12-21 23:59:59,extended_historical_test,extended_historical_test,23.8,True,23.8,information timestamp <= nowcast cutoff,verified GSS release date where available; otherwise conservative observation month-end +45 days; target month itself always excluded,False,ADDED_IN_SCRIPT_10,True,14,2024-12-20,14.815714285714284,15.195,14.7,14.68,15.195,0.1526650996562778,-3.257650542941759,-7.305808603610742,False,0,,,,,,,,,,,,,,False,,,,TIMING_UNRESOLVED_OR_NOT_RELEASED,False,,,,TIMING_UNRESOLVED_OR_NOT_RELEASED,True,22.1,2024-10,,2024-12-15,CONSERVATIVE_MONTH_END_PLUS_45D_PROXY,False,2,6,22.1,2024-10
2024-12,2024-12,S4_MonthEnd,4,2024-12-31 23:59:59,extended_historical_test,extended_historical_test,23.8,True,23.8,information timestamp <= nowcast cutoff,verified GSS release date where available; otherwise conservative observation month-end +45 days; target month itself always excluded,False,ADDED_IN_SCRIPT_10,True,19,2024-12-31,14.780526315789473,15.195,14.7,14.65,15.195,0.14430317807385973,-3.257650542941759,-7.525961365479661,False,0,,,,,,,,,,,,,,False,,,,TIMING_UNRESOLVED_OR_NOT_RELEASED,False,,,,TIMING_UNRESOLVED_OR_NOT_RELEASED,True,22.1,2024-10,,2024-12-15,CONSERVATIVE_MONTH_END_PLUS_45D_PROXY,False,2,16,22.1,2024-10
2025-01,2025-01,S1_Day7,1,2025-01-07 23:59:59,extended_historical_test,extended_historical_test,23.5,True,23.5,information timestamp <= nowcast cutoff,verified GSS release date where available; otherwise conservative observation month-end +45 days; target month itself always excluded,False,ADDED_IN_SCRIPT_10,True,3,2025-01-06,14.716666666666667,14.7,14.7,14.7,14.75,0.02357022603955192,0.0,-0.4320526059656382,False,0,,,,,,,,,,,,,,False,,,,TIMING_UNRESOLVED_OR_NOT_RELEASED,False,,,,TIMING_UNRESOLVED_OR_NOT_RELEASED,True,22.1,2024-10,,2024-12-15,CONSERVATIVE_MONTH_END_PLUS_45D_PROXY,False,3,23,22.1,2024-10
2025-01,2025-01,S2_Day14,2,2025-01-14 23:59:59,extended_historical_test,extended_historical_test,23.5,True,23.5,information timestamp <= nowcast cutoff,verified GSS release date where available; otherwise conservative observation month-end +45 days; target month itself always excluded,False,ADDED_IN_SCRIPT_10,True,8,2025-01-14,14.76175,14.7,14.844,14.7,14.844,0.04707905585289517,0.9795918367347056,-0.12703414877327512,False,0,,,,,,,,,,,,,,False,,,,TIMING_UNRESOLVED_OR_NOT_RELEASED,False,,,,TIMING_UNRESOLVED_OR_NOT_RELEASED,True,23.0,2024-11,,2025-01-14,CONSERVATIVE_MONTH_END_PLUS_45D_PROXY,False,2,0,23.0,2024-11
2025-01,2025-01,S3_Day21,3,2025-01-21 23:59:59,extended_historical_test,extended_historical_test,23.5,True,23.5,information timestamp <= nowcast cutoff,verified GSS release date where available; otherwise conservative observation month-end +45 days; target month itself always excluded,False,ADDED_IN_SCRIPT_10,True,13,2025-01-21,14.833353846153843,14.7,15.0196,14.7,15.0196,0.10473333622097766,2.1741496598639554,0.3574130530652031,False,0,,,,,,,,,,,,,,False,,,,TIMING_UNRESOLVED_OR_NOT_RELEASED,False,,,,TIMING_UNRESOLVED_OR_NOT_RELEASED,True,23.0,2024-11,,2025-01-14,CONSERVATIVE_MONTH_END_PLUS_45D_PROXY,False,2,7,23.0,2024-11
2025-01,2025-01,S4_MonthEnd,4,2025-01-31 23:59:59,extended_historical_test,extended_historical_test,23.5,True,23.5,information timestamp <= nowcast cutoff,verified GSS release date where available; otherwise conservative observation month-end +45 days; target month itself always excluded,False,ADDED_IN_SCRIPT_10,True,21,2025-01-31,14.971957142857145,14.7,15.3,14.7,15.3,0.20220357156524585,4.081632653061229,1.2951556864600589,False,0,,,,,,,,,,,,,,False,,,,TIMING_UNRESOLVED_OR_NOT_RELEASED,False,,,,TIMING_UNRESOLVED_OR_NOT_RELEASED,True,23.0,2024-11,,2025-01-14,CONSERVATIVE_MONTH_END_PLUS_45D_PROXY,False,2,17,23.0,2024-11
2025-02,2025-02,S1_Day7,1,2025-02-07 23:59:59,extended_historical_test,extended_historical_test,23.1,True,23.1,information timestamp <= nowcast cutoff,verified GSS release date where available; otherwise conservative observation month-end +45 days; target month itself always excluded,False,ADDED_IN_SCRIPT_10,True,5,2025-02-07,15.413,15.3,15.485,15.3,15.485,0.06599999999999939,1.2091503267973813,2.945792944333059,False,0,,,,,,,,,,,,,,False,,,,TIMING_UNRESOLVED_OR_NOT_RELEASED,False,,,,TIMING_UNRESOLVED_OR_NOT_RELEASED,True,23.0,2024-11,,2025-01-14,CONSERVATIVE_MONTH_END_PLUS_45D_PROXY,False,3,24,23.0,2024-11
2025-02,2025-02,S2_Day14,2,2025-02-14 23:59:59,extended_historical_test,extended_historical_test,23.1,True,23.1,information timestamp <= nowcast cutoff,verified GSS release date where available; otherwise conservative observation month-end +45 days; target month itself always excluded,False,ADDED_IN_SCRIPT_10,True,10,2025-02-14,15.444999999999999,15.3,15.5,15.3,15.5,0.05796550698475747,1.3071895424836555,3.159525856434442,False,0,,,,,,,,,,,,,,False,,,,TIMING_UNRESOLVED_OR_NOT_RELEASED,False,,,,TIMING_UNRESOLVED_OR_NOT_RELEASED,True,23.8,2024-12,,2025-02-14,CONSERVATIVE_MONTH_END_PLUS_45D_PROXY,False,2,0,23.8,2024-12
2025-02,2025-02,S3_Day21,3,2025-02-21 23:59:59,extended_historical_test,extended_historical_test,23.1,True,23.1,information timestamp <= nowcast cutoff,verified GSS release date where available; otherwise conservative observation month-end +45 days; target month itself always excluded,False,ADDED_IN_SCRIPT_10,True,15,2025-02-21,15.472666666666667,15.3,15.54,15.3,15.55,0.06284548954026488,1.5686274509803866,3.3443157700220993,False,0,,,,,,,,,,,,,,False,,,,TIMING_UNRESOLVED_OR_NOT_RELEASED,False,,,,TIMING_UNRESOLVED_OR_NOT_RELEASED,True,23.8,2024-12,,2025-02-14,CONSERVATIVE_MONTH_END_PLUS_45D_PROXY,False,2,7,23.8,2024-12
2025-02,2025-02,S4_MonthEnd,4,2025-02-28 23:59:59,extended_historical_test,extended_historical_test,23.1,True,23.1,information timestamp <= nowcast cutoff,verified GSS release date where available; otherwise conservative observation month-end +45 days; target month itself always excluded,False,ADDED_IN_SCRIPT_10,True,20,2025-02-28,15.485999999999995,15.3,15.53,15.3,15.55,0.05951050327463193,1.5032679738562038,3.433371150064324,False,0,,,,,,,,,,,,,,False,,,,TIMING_UNRESOLVED_OR_NOT_RELEASED,False,,,,TIMING_UNRESOLVED_OR_NOT_RELEASED,True,23.8,2024-12,,2025-02-14,CONSERVATIVE_MONTH_END_PLUS_45D_PROXY,False,2,14,23.8,2024-12
2025-03,2025-03,S1_Day7,1,2025-03-07 23:59:59,extended_historical_test,extended_historical_test,22.4,True,22.4,information timestamp <= nowcast cutoff,verified GSS release date where available; otherwise conservative observation month-end +45 days; target month itself always excluded,False,ADDED_IN_SCRIPT_10,True,4,2025-03-07,15.529999999999998,15.53,15.55,15.52,15.55,0.012247448713916354,0.12878300064391723,0.2841275991217973,False,0,,,,,,,,,,,,,,False,,,,TIMING_UNRESOLVED_OR_NOT_RELEASED,False,,,,TIMING_UNRESOLVED_OR_NOT_RELEASED,True,23.8,2024-12,,2025-02-14,CONSERVATIVE_MONTH_END_PLUS_45D_PROXY,False,3,21,23.8,2024-12
2025-03,2025-03,S2_Day14,2,2025-03-14 23:59:59,extended_historical_test,extended_historical_test,22.4,True,22.4,information timestamp <= nowcast cutoff,verified GSS release date where available; otherwise conservative observation month-end +45 days; target month itself always excluded,False,ADDED_IN_SCRIPT_10,True,9,2025-03-14,15.533333333333331,15.53,15.53,15.52,15.55,0.00942809041582078,0.0,0.3056524172371011,False,0,,,,,,,,,,,,,,False,,,,TIMING_UNRESOLVED_OR_NOT_RELEASED,False,,,,TIMING_UNRESOLVED_OR_NOT_RELEASED,True,23.8,2024-12,,2025-02-14,CONSERVATIVE_MONTH_END_PLUS_45D_PROXY,False,3,28,23.8,2024-12
2025-03,2025-03,S3_Day21,3,2025-03-21 23:59:59,extended_historical_test,extended_historical_test,22.4,True,22.4,information timestamp <= nowcast cutoff,verified GSS release date where available; otherwise conservative observation month-end +45 days; target month itself always excluded,False,ADDED_IN_SCRIPT_10,True,14,2025-03-21,15.533571428571426,15.53,15.53,15.52,15.55,0.00811272620828619,0.0,0.30718990424531967,False,0,,,,,,,,,,,,,,False,,,,TIMING_UNRESOLVED_OR_NOT_RELEASED,False,,,,TIMING_UNRESOLVED_OR_NOT_RELEASED,True,23.5,2025-01,,2025-03-17,CONSERVATIVE_MONTH_END_PLUS_45D_PROXY,False,2,4,23.5,2025-01
2025-03,2025-03,S4_MonthEnd,4,2025-03-31 23:59:59,extended_historical_test,extended_historical_test,22.4,True,22.4,information timestamp <= nowcast cutoff,verified GSS release date where available; otherwise conservative observation month-end +45 days; target month itself always excluded,False,ADDED_IN_SCRIPT_10,True,19,2025-03-28,15.531578947368416,15.53,15.53,15.52,15.55,0.00811960453712715,0.0,0.294323565597443,False,0,,,,,,,,,,,,,,False,,,,TIMING_UNRESOLVED_OR_NOT_RELEASED,False,,,,TIMING_UNRESOLVED_OR_NOT_RELEASED,True,23.5,2025-01,,2025-03-17,CONSERVATIVE_MONTH_END_PLUS_45D_PROXY,False,2,14,23.5,2025-01
2025-04,2025-04,S1_Day7,1,2025-04-07 23:59:59,extended_historical_test,extended_historical_test,21.2,True,21.2,information timestamp <= nowcast cutoff,verified GSS release date where available; otherwise conservative observation month-end +45 days; target month itself always excluded,False,ADDED_IN_SCRIPT_10,True,4,2025-04-07,15.528749999999999,15.53,15.52,15.52,15.535,0.00544862367942598,-0.06439150032195862,-0.01821416468991144,False,0,,,,,,,,,,,,,,False,,,,TIMING_UNRESOLVED_OR_NOT_RELEASED,False,,,,TIMING_UNRESOLVED_OR_NOT_RELEASED,True,23.5,2025-01,,2025-03-17,CONSERVATIVE_MONTH_END_PLUS_45D_PROXY,False,3,21,23.5,2025-01
2025-04,2025-04,S2_Day14,2,2025-04-14 23:59:59,extended_historical_test,extended_historical_test,21.2,True,21.2,information timestamp <= nowcast cutoff,verified GSS release date where available; otherwise conservative observation month-end +45 days; target month itself always excluded,False,ADDED_IN_SCRIPT_10,True,9,2025-04-14,15.524999999999999,15.53,15.515,15.515,15.535,0.006236095644623103,-0.09658725048292682,-0.042358522534713394,False,0,,,,,,,,,,,,,,False,,,,TIMING_UNRESOLVED_OR_NOT_RELEASED,False,,,,TIMING_UNRESOLVED_OR_NOT_RELEASED,True,23.1,2025-02,,2025-04-14,CONSERVATIVE_MONTH_END_PLUS_45D_PROXY,False,2,0,23.1,2025-02
2025-04,2025-04,S3_Day21,3,2025-04-21 23:59:59,extended_historical_test,extended_historical_test,21.2,True,21.2,information timestamp <= nowcast cutoff,verified GSS release date where available; otherwise conservative observation month-end +45 days; target month itself always excluded,False,ADDED_IN_SCRIPT_10,True,12,2025-04-17,15.5175,15.53,15.46,15.46,15.535,0.018984642916490498,-0.4507405022536881,-0.0906472382242951,False,0,,,,,,,,,,,,,,False,,,,TIMING_UNRESOLVED_OR_NOT_RELEASED,False,,,,TIMING_UNRESOLVED_OR_NOT_RELEASED,True,23.1,2025-02,,2025-04-14,CONSERVATIVE_MONTH_END_PLUS_45D_PROXY,False,2,7,23.1,2025-02
2025-04,2025-04,S4_MonthEnd,4,2025-04-30 23:59:59,extended_historical_test,extended_historical_test,21.2,True,21.2,information timestamp <= nowcast cutoff,verified GSS release date where available; otherwise conservative observation month-end +45 days; target month itself always excluded,False,ADDED_IN_SCRIPT_10,True,19,2025-04-30,15.22157894736842,15.53,14.15,14.15,15.535,0.48481969690200805,-8.886027044430133,-1.9959335818366508,False,0,,,,,,,,,,,,,,False,,,,TIMING_UNRESOLVED_OR_NOT_RELEASED,False,,,,TIMING_UNRESOLVED_OR_NOT_RELEASED,True,23.1,2025-02,,2025-04-14,CONSERVATIVE_MONTH_END_PLUS_45D_PROXY,False,2,16,23.1,2025-02
2025-05,2025-05,S1_Day7,1,2025-05-07 23:59:59,extended_historical_test,extended_historical_test,18.4,True,18.4,information timestamp <= nowcast cutoff,verified GSS release date where available; otherwise conservative observation month-end +45 days; target month itself always excluded,False,ADDED_IN_SCRIPT_10,True,4,2025-05-07,13.575,13.9,13.3,13.3,13.9,0.22500000000000003,-4.316546762589923,-10.817399121745442,False,0,,,,,,,,,,,,,,False,,,,TIMING_UNRESOLVED_OR_NOT_RELEASED,False,,,,TIMING_UNRESOLVED_OR_NOT_RELEASED,True,23.1,2025-02,,2025-04-14,CONSERVATIVE_MONTH_END_PLUS_45D_PROXY,False,3,23,23.1,2025-02
2025-05,2025-05,S2_Day14,2,2025-05-14 23:59:59,extended_historical_test,extended_historical_test,18.4,True,18.4,information timestamp <= nowcast cutoff,verified GSS release date where available; otherwise conservative observation month-end +45 days; target month itself always excluded,False,ADDED_IN_SCRIPT_10,True,9,2025-05-14,13.170833333333334,13.9,12.4475,12.4475,13.9,0.44593223202136406,-10.44964028776979,-13.472620817629622,False,0,,,,,,,,,,,,,,False,,,,TIMING_UNRESOLVED_OR_NOT_RELEASED,False,,,,TIMING_UNRESOLVED_OR_NOT_RELEASED,True,23.1,2025-02,,2025-04-14,CONSERVATIVE_MONTH_END_PLUS_45D_PROXY,False,3,30,23.1,2025-02
2025-05,2025-05,S3_Day21,3,2025-05-21 23:59:59,extended_historical_test,extended_historical_test,18.4,True,18.4,information timestamp <= nowcast cutoff,verified GSS release date where available; otherwise conservative observation month-end +45 days; target month itself always excluded,False,ADDED_IN_SCRIPT_10,True,14,2025-05-21,12.816964285714283,13.9,11.85,11.85,13.9,0.605399940543608,-14.748201438848929,-15.797406234718236,False,0,,,,,,,,,,,,,,False,,,,TIMING_UNRESOLVED_OR_NOT_RELEASED,False,,,,TIMING_UNRESOLVED_OR_NOT_RELEASED,True,22.4,2025-03,,2025-05-15,CONSERVATIVE_MONTH_END_PLUS_45D_PROXY,False,2,6,22.4,2025-03
2025-05,2025-05,S4_MonthEnd,4,2025-05-31 23:59:59,extended_historical_test,extended_historical_test,18.4,True,18.4,information timestamp <= nowcast cutoff,verified GSS release date where available; otherwise conservative observation month-end +45 days; target month itself always excluded,False,ADDED_IN_SCRIPT_10,True,21,2025-05-30,12.075119047619049,13.9,10.28,10.28,13.9,1.1922938266891252,-26.043165467625904,-20.671048060315357,False,0,,,,,,,,,,,,,,False,,,,TIMING_UNRESOLVED_OR_NOT_RELEASED,False,,,,TIMING_UNRESOLVED_OR_NOT_RELEASED,True,22.4,2025-03,,2025-05-15,CONSERVATIVE_MONTH_END_PLUS_45D_PROXY,False,2,16,22.4,2025-03
2025-06,2025-06,S1_Day7,1,2025-06-07 23:59:59,extended_historical_test,extended_historical_test,13.7,True,13.7,information timestamp <= nowcast cutoff,verified GSS release date where available; otherwise conservative observation month-end +45 days; target month itself always excluded,False,ADDED_IN_SCRIPT_10,True,4,2025-06-05,10.245000000000001,10.25,10.25,10.23,10.25,0.008660254037844201,0.0,-15.156115980321605,False,0,,,,,,,,,,,,,,False,,,,TIMING_UNRESOLVED_OR_NOT_RELEASED,False,,,,TIMING_UNRESOLVED_OR_NOT_RELEASED,True,22.4,2025-03,,2025-05-15,CONSERVATIVE_MONTH_END_PLUS_45D_PROXY,False,3,23,22.4,2025-03
2025-06,2025-06,S2_Day14,2,2025-06-14 23:59:59,extended_historical_test,extended_historical_test,13.7,True,13.7,information timestamp <= nowcast cutoff,verified GSS release date where available; otherwise conservative observation month-end +45 days; target month itself always excluded,False,ADDED_IN_SCRIPT_10,True,9,2025-06-13,10.258888888888889,10.25,10.35,10.23,10.35,0.03281071791162963,0.9756097560975618,-15.041095260160454,False,0,,,,,,,,,,,,,,False,,,,TIMING_UNRESOLVED_OR_NOT_RELEASED,False,,,,TIMING_UNRESOLVED_OR_NOT_RELEASED,True,21.2,2025-04,,2025-06-14,CONSERVATIVE_MONTH_END_PLUS_45D_PROXY,False,2,0,21.2,2025-04
2025-06,2025-06,S3_Day21,3,2025-06-21 23:59:59,extended_historical_test,extended_historical_test,13.7,True,13.7,information timestamp <= nowcast cutoff,verified GSS release date where available; otherwise conservative observation month-end +45 days; target month itself always excluded,False,ADDED_IN_SCRIPT_10,True,14,2025-06-20,10.27357142857143,10.25,10.3,10.23,10.35,0.03286490591522108,0.4878048780487809,-14.919501927418644,False,0,,,,,,,,,,,,,,False,,,,TIMING_UNRESOLVED_OR_NOT_RELEASED,False,,,,TIMING_UNRESOLVED_OR_NOT_RELEASED,True,21.2,2025-04,,2025-06-14,CONSERVATIVE_MONTH_END_PLUS_45D_PROXY,False,2,7,21.2,2025-04
2025-06,2025-06,S4_MonthEnd,4,2025-06-30 23:59:59,extended_historical_test,extended_historical_test,13.7,True,13.7,information timestamp <= nowcast cutoff,verified GSS release date where available; otherwise conservative observation month-end +45 days; target month itself always excluded,False,ADDED_IN_SCRIPT_10,True,20,2025-06-30,10.284,10.25,10.31,10.23,10.35,0.032000000000000126,0.5853658536585371,-14.833137798109064,False,0,,,,,,,,,,,,,,False,,,,TIMING_UNRESOLVED_OR_NOT_RELEASED,False,,,,TIMING_UNRESOLVED_OR_NOT_RELEASED,True,21.2,2025-04,,2025-06-14,CONSERVATIVE_MONTH_END_PLUS_45D_PROXY,False,2,16,21.2,2025-04
2025-07,2025-07,S1_Day7,1,2025-07-07 23:59:59,extended_historical_test,extended_historical_test,12.1,True,12.1,information timestamp <= nowcast cutoff,verified GSS release date where available; otherwise conservative observation month-end +45 days; target month itself always excluded,False,ADDED_IN_SCRIPT_10,True,4,2025-07-07,10.330925,10.3337,10.35,10.32,10.35,0.012351796428050212,0.1577363383879815,0.45629132633215885,False,0,,,,,,,,,,,,,,False,,,,TIMING_UNRESOLVED_OR_NOT_RELEASED,False,,,,TIMING_UNRESOLVED_OR_NOT_RELEASED,True,21.2,2025-04,,2025-06-14,CONSERVATIVE_MONTH_END_PLUS_45D_PROXY,False,3,23,21.2,2025-04
2025-07,2025-07,S2_Day14,2,2025-07-14 23:59:59,extended_historical_test,extended_historical_test,12.1,True,12.1,information timestamp <= nowcast cutoff,verified GSS release date where available; otherwise conservative observation month-end +45 days; target month itself always excluded,False,ADDED_IN_SCRIPT_10,True,9,2025-07-14,10.35818888888889,10.3337,10.4,10.32,10.4,0.031556244123942916,0.6415901371241706,0.7214010977138141,False,0,,,,,,,,,,,,,,False,,,,TIMING_UNRESOLVED_OR_NOT_RELEASED,False,,,,TIMING_UNRESOLVED_OR_NOT_RELEASED,True,21.2,2025-04,,2025-06-14,CONSERVATIVE_MONTH_END_PLUS_45D_PROXY,False,3,30,21.2,2025-04
2025-07,2025-07,S3_Day21,3,2025-07-21 23:59:59,extended_historical_test,extended_historical_test,12.1,True,12.1,information timestamp <= nowcast cutoff,verified GSS release date where available; otherwise conservative observation month-end +45 days; target month itself always excluded,False,ADDED_IN_SCRIPT_10,True,14,2025-07-21,10.38312142857143,10.3337,10.45,10.32,10.45,0.043017673752796415,1.1254439358603374,0.9638411957548554,False,0,,,,,,,,,,,,,,False,,,,TIMING_UNRESOLVED_OR_NOT_RELEASED,False,,,,TIMING_UNRESOLVED_OR_NOT_RELEASED,True,18.4,2025-05,,2025-07-15,CONSERVATIVE_MONTH_END_PLUS_45D_PROXY,False,2,6,18.4,2025-05
2025-07,2025-07,S4_MonthEnd,4,2025-07-31 23:59:59,extended_historical_test,extended_historical_test,12.1,True,12.1,information timestamp <= nowcast cutoff,verified GSS release date where available; otherwise conservative observation month-end +45 days; target month itself always excluded,False,ADDED_IN_SCRIPT_10,True,22,2025-07-31,10.416986363636362,10.3337,10.5,10.32,10.5,0.057937225397639215,1.6092977345965043,1.2931385028817743,False,0,,,,,,,,,,,,,,False,,,,TIMING_UNRESOLVED_OR_NOT_RELEASED,False,,,,TIMING_UNRESOLVED_OR_NOT_RELEASED,True,18.4,2025-05,,2025-07-15,CONSERVATIVE_MONTH_END_PLUS_45D_PROXY,False,2,16,18.4,2025-05
2025-08,2025-08,S1_Day7,1,2025-08-07 23:59:59,extended_historical_test,extended_historical_test,11.5,True,11.5,information timestamp <= nowcast cutoff,verified GSS release date where available; otherwise conservative observation month-end +45 days; target month itself always excluded,False,ADDED_IN_SCRIPT_10,True,5,2025-08-07,10.522,10.5,10.5,10.5,10.55,0.023151673805580815,0.0,1.008099969586418,False,0,,,,,,,,,,,,,,False,,,,TIMING_UNRESOLVED_OR_NOT_RELEASED,False,,,,TIMING_UNRESOLVED_OR_NOT_RELEASED,True,18.4,2025-05,,2025-07-15,CONSERVATIVE_MONTH_END_PLUS_45D_PROXY,False,3,23,18.4,2025-05
2025-08,2025-08,S2_Day14,2,2025-08-14 23:59:59,extended_historical_test,extended_historical_test,11.5,True,11.5,information timestamp <= nowcast cutoff,verified GSS release date where available; otherwise conservative observation month-end +45 days; target month itself always excluded,False,ADDED_IN_SCRIPT_10,True,10,2025-08-14,10.59906,10.5,10.8,10.5,10.8,0.09832167817933152,2.857142857142869,1.7478532658852464,False,0,,,,,,,,,,,,,,False,,,,TIMING_UNRESOLVED_OR_NOT_RELEASED,False,,,,TIMING_UNRESOLVED_OR_NOT_RELEASED,True,13.7,2025-06,,2025-08-14,CONSERVATIVE_MONTH_END_PLUS_45D_PROXY,False,2,0,13.7,2025-06
2025-08,2025-08,S3_Day21,3,2025-08-21 23:59:59,extended_historical_test,extended_historical_test,11.5,True,11.5,information timestamp <= nowcast cutoff,verified GSS release date where available; otherwise conservative observation month-end +45 days; target month itself always excluded,False,ADDED_IN_SCRIPT_10,True,15,2025-08-21,10.667366666666664,10.5,10.95,10.5,10.95,0.13710491197943592,4.2857142857142705,2.403577141123381,False,0,,,,,,,,,,,,,,False,,,,TIMING_UNRESOLVED_OR_NOT_RELEASED,False,,,,TIMING_UNRESOLVED_OR_NOT_RELEASED,True,13.7,2025-06,,2025-08-14,CONSERVATIVE_MONTH_END_PLUS_45D_PROXY,False,2,7,13.7,2025-06
2025-08,2025-08,S4_MonthEnd,4,2025-08-31 23:59:59,extended_historical_test,extended_historical_test,11.5,True,11.5,information timestamp <= nowcast cutoff,verified GSS release date where available; otherwise conservative observation month-end +45 days; target month itself always excluded,False,ADDED_IN_SCRIPT_10,True,21,2025-08-29,10.787642857142858,10.5,11.4,10.5,11.4,0.2422644846943474,8.571428571428585,3.5581931334803807,False,0,,,,,,,,,,,,,,False,,,,TIMING_UNRESOLVED_OR_NOT_RELEASED,False,,,,TIMING_UNRESOLVED_OR_NOT_RELEASED,True,13.7,2025-06,,2025-08-14,CONSERVATIVE_MONTH_END_PLUS_45D_PROXY,False,2,17,13.7,2025-06
2025-09,2025-09,S1_Day7,1,2025-09-07 23:59:59,formal_frozen_test,formal_frozen_test,9.4,True,9.4,information timestamp <= nowcast cutoff,verified GSS release date where available; otherwise conservative observation month-end +45 days; target month itself always excluded,False,ADDED_IN_SCRIPT_10,True,5,2025-09-05,11.832,11.6,11.96,11.6,11.96,0.13818827736099779,3.1034482758620863,9.681050408205149,False,0,,,,,,,,,,,,,,False,,,,TIMING_UNRESOLVED_OR_NOT_RELEASED,False,,,,TIMING_UNRESOLVED_OR_NOT_RELEASED,True,13.7,2025-06,,2025-08-14,CONSERVATIVE_MONTH_END_PLUS_45D_PROXY,False,3,24,13.7,2025-06
2025-09,2025-09,S2_Day14,2,2025-09-14 23:59:59,formal_frozen_test,formal_frozen_test,9.4,True,9.4,information timestamp <= nowcast cutoff,verified GSS release date where available; otherwise conservative observation month-end +45 days; target month itself always excluded,False,ADDED_IN_SCRIPT_10,True,10,2025-09-12,11.968,11.6,12.15,11.6,12.15,0.16904437287292354,4.74137931034484,10.941752137035099,False,0,,,,,,,,,,,,,,False,,,,TIMING_UNRESOLVED_OR_NOT_RELEASED,False,,,,TIMING_UNRESOLVED_OR_NOT_RELEASED,True,12.1,2025-07,,2025-09-14,CONSERVATIVE_MONTH_END_PLUS_45D_PROXY,False,2,0,12.1,2025-07
2025-09,2025-09,S3_Day21,3,2025-09-21 23:59:59,formal_frozen_test,formal_frozen_test,9.4,True,9.4,information timestamp <= nowcast cutoff,verified GSS release date where available; otherwise conservative observation month-end +45 days; target month itself always excluded,False,ADDED_IN_SCRIPT_10,True,15,2025-09-19,12.056666666666667,11.6,12.27,11.6,12.27,0.18721348479446895,5.7758620689655205,11.763680224948736,False,0,,,,,,,,,,,,,,False,,,,TIMING_UNRESOLVED_OR_NOT_RELEASED,False,,,,TIMING_UNRESOLVED_OR_NOT_RELEASED,True,12.1,2025-07,,2025-09-14,CONSERVATIVE_MONTH_END_PLUS_45D_PROXY,False,2,7,12.1,2025-07
2025-09,2025-09,S4_MonthEnd,4,2025-09-30 23:59:59,formal_frozen_test,formal_frozen_test,9.4,True,9.4,information timestamp <= nowcast cutoff,verified GSS release date where available; otherwise conservative observation month-end +45 days; target month itself always excluded,False,ADDED_IN_SCRIPT_10,True,21,2025-09-30,12.144300000000001,11.6,12.42,11.6,12.42,0.21200559291813842,7.068965517241388,12.576029451687454,True,2,2025-09-30,13.2,13.2,13.2,13.2,13.2,0.0,13.6,13.6,13.6,13.6,13.6,0.0,False,,,,TIMING_UNRESOLVED_OR_NOT_RELEASED,False,,,,TIMING_UNRESOLVED_OR_NOT_RELEASED,True,12.1,2025-07,,2025-09-14,CONSERVATIVE_MONTH_END_PLUS_45D_PROXY,False,2,16,12.1,2025-07
2025-10,2025-10,S1_Day7,1,2025-10-07 23:59:59,formal_frozen_test,formal_frozen_test,8.0,True,8.0,information timestamp <= nowcast cutoff,verified GSS release date where available; otherwise conservative observation month-end +45 days; target month itself always excluded,False,ADDED_IN_SCRIPT_10,True,5,2025-10-07,12.501999999999999,12.45,12.41,12.41,12.55,0.06013318551349206,-0.3212851405622441,2.9454147213095583,True,5,2025-10-07,13.264,13.2,13.3,13.2,13.3,0.7575757575757791,13.636000000000001,13.6,13.65,13.6,13.65,0.3676470588235281,False,,,,TIMING_UNRESOLVED_OR_NOT_RELEASED,False,,,,TIMING_UNRESOLVED_OR_NOT_RELEASED,True,12.1,2025-07,,2025-09-14,CONSERVATIVE_MONTH_END_PLUS_45D_PROXY,False,3,23,12.1,2025-07
2025-10,2025-10,S2_Day14,2,2025-10-14 23:59:59,formal_frozen_test,formal_frozen_test,8.0,True,8.0,information timestamp <= nowcast cutoff,verified GSS release date where available; otherwise conservative observation month-end +45 days; target month itself always excluded,False,ADDED_IN_SCRIPT_10,True,10,2025-10-14,12.2725,12.45,11.45,11.45,12.55,0.33544932553218854,-8.032128514056225,1.0556392710983742,True,10,2025-10-14,13.293450000000002,13.2,13.3229,13.2,13.3229,0.9310606060606075,13.643,13.6,13.65,13.6,13.65,0.3676470588235281,False,,,,TIMING_UNRESOLVED_OR_NOT_RELEASED,False,,,,TIMING_UNRESOLVED_OR_NOT_RELEASED,True,12.1,2025-07,,2025-09-14,CONSERVATIVE_MONTH_END_PLUS_45D_PROXY,False,3,30,12.1,2025-07
2025-10,2025-10,S3_Day21,3,2025-10-21 23:59:59,formal_frozen_test,formal_frozen_test,8.0,True,8.0,information timestamp <= nowcast cutoff,verified GSS release date where available; otherwise conservative observation month-end +45 days; target month itself always excluded,False,ADDED_IN_SCRIPT_10,True,15,2025-10-21,11.795,12.45,10.75,10.7,12.55,0.7385774615209072,-13.654618473895574,-2.876246469537158,True,15,2025-10-21,13.28216,13.2,13.165,13.165,13.3479,-0.26515151515151825,13.624333333333334,13.6,13.5,13.5,13.65,-0.7352941176470562,False,,,,TIMING_UNRESOLVED_OR_NOT_RELEASED,False,,,,TIMING_UNRESOLVED_OR_NOT_RELEASED,True,11.5,2025-08,,2025-10-15,CONSERVATIVE_MONTH_END_PLUS_45D_PROXY,False,2,6,11.5,2025-08
2025-10,2025-10,S4_MonthEnd,4,2025-10-31 23:59:59,formal_frozen_test,formal_frozen_test,8.0,True,8.0,information timestamp <= nowcast cutoff,verified GSS release date where available; otherwise conservative observation month-end +45 days; target month itself always excluded,False,ADDED_IN_SCRIPT_10,True,23,2025-10-31,11.460652173913045,12.45,10.9,10.7,12.55,0.7526219449766873,-12.449799196787136,-5.629372018864453,True,23,2025-10-31,13.20214168797954,13.2,13.0,13.0,13.3479,-1.5151515151515138,13.565869565217394,13.6,13.43,13.43,13.65,-1.2499999999999956,False,,,,TIMING_UNRESOLVED_OR_NOT_RELEASED,False,,,,TIMING_UNRESOLVED_OR_NOT_RELEASED,True,11.5,2025-08,,2025-10-15,CONSERVATIVE_MONTH_END_PLUS_45D_PROXY,False,2,16,11.5,2025-08
2025-11,2025-11,S1_Day7,1,2025-11-07 23:59:59,formal_frozen_test,formal_frozen_test,6.3,True,6.3,information timestamp <= nowcast cutoff,verified GSS release date where available; otherwise conservative observation month-end +45 days; target month itself always excluded,False,ADDED_IN_SCRIPT_10,True,5,2025-11-07,10.914,10.9,10.92,10.9,10.92,0.00734846922834933,0.18348623853210455,-4.769817333409221,True,5,2025-11-07,12.814000000000002,12.98,12.7,12.7,12.98,-2.157164869029282,13.110000000000003,13.35,12.95,12.95,13.35,-2.9962546816479474,False,,,,TIMING_UNRESOLVED_OR_NOT_RELEASED,False,,,,TIMING_UNRESOLVED_OR_NOT_RELEASED,True,11.5,2025-08,,2025-10-15,CONSERVATIVE_MONTH_END_PLUS_45D_PROXY,False,3,23,11.5,2025-08
2025-11,2025-11,S2_Day14,2,2025-11-14 23:59:59,formal_frozen_test,formal_frozen_test,6.3,True,6.3,information timestamp <= nowcast cutoff,verified GSS release date where available; otherwise conservative observation month-end +45 days; target month itself always excluded,False,ADDED_IN_SCRIPT_10,True,10,2025-11-14,10.934479999999999,10.9,10.97,10.9,10.97,0.025020663460428336,0.6422018348623881,-4.591118951421713,True,10,2025-11-14,12.714759607843137,12.98,12.6,12.6,12.98,-2.927580893682591,12.982,13.35,12.85,12.85,13.35,-3.745318352059923,False,,,,TIMING_UNRESOLVED_OR_NOT_RELEASED,False,,,,TIMING_UNRESOLVED_OR_NOT_RELEASED,True,9.4,2025-09,,2025-11-14,CONSERVATIVE_MONTH_END_PLUS_45D_PROXY,False,2,0,9.4,2025-09
2025-11,2025-11,S3_Day21,3,2025-11-21 23:59:59,formal_frozen_test,formal_frozen_test,6.3,True,6.3,information timestamp <= nowcast cutoff,verified GSS release date where available; otherwise conservative observation month-end +45 days; target month itself always excluded,False,ADDED_IN_SCRIPT_10,True,15,2025-11-21,10.968986666666666,10.9,11.12,10.9,11.12,0.06113462594053296,2.0183486238531945,-4.290030792187527,True,15,2025-11-21,12.677338242274255,12.98,12.6,12.55,12.98,-2.927580893682591,12.937392083333332,13.35,12.91,12.76,13.35,-3.2958801498127355,False,,,,TIMING_UNRESOLVED_OR_NOT_RELEASED,False,,,,TIMING_UNRESOLVED_OR_NOT_RELEASED,True,9.4,2025-09,,2025-11-14,CONSERVATIVE_MONTH_END_PLUS_45D_PROXY,False,2,7,9.4,2025-09
2025-11,2025-11,S4_MonthEnd,4,2025-11-30 23:59:59,formal_frozen_test,formal_frozen_test,6.3,True,6.3,information timestamp <= nowcast cutoff,verified GSS release date where available; otherwise conservative observation month-end +45 days; target month itself always excluded,False,ADDED_IN_SCRIPT_10,True,20,2025-11-28,11.023740000000002,10.9,11.27,10.9,11.27,0.11162824194620283,3.394495412844023,-3.8122802025835067,True,20,2025-11-28,12.657253681705692,12.98,12.595,12.55,12.98,-2.9661016949152574,12.9230440625,13.35,12.86,12.76,13.35,-3.670411985018729,False,,,,TIMING_UNRESOLVED_OR_NOT_RELEASED,False,,,,TIMING_UNRESOLVED_OR_NOT_RELEASED,True,9.4,2025-09,,2025-11-14,CONSERVATIVE_MONTH_END_PLUS_45D_PROXY,False,2,16,9.4,2025-09
2025-12,2025-12,S1_Day7,1,2025-12-07 23:59:59,formal_frozen_test,formal_frozen_test,5.4,True,5.4,information timestamp <= nowcast cutoff,verified GSS release date where available; otherwise conservative observation month-end +45 days; target month itself always excluded,False,ADDED_IN_SCRIPT_10,True,4,2025-12-04,11.35425,11.3,11.41,11.3,11.41,0.04005230954639185,0.9734513274336276,2.998165776769035,True,4,2025-12-04,12.633177368421052,12.66270947368421,12.6,12.6,12.66270947368421,-0.4952295068802903,12.9875,12.99,12.98,12.98,12.99,-0.07698229407235857,False,,,,TIMING_UNRESOLVED_OR_NOT_RELEASED,False,,,,TIMING_UNRESOLVED_OR_NOT_RELEASED,True,9.4,2025-09,,2025-11-14,CONSERVATIVE_MONTH_END_PLUS_45D_PROXY,False,3,23,9.4,2025-09
2025-12,2025-12,S2_Day14,2,2025-12-14 23:59:59,formal_frozen_test,formal_frozen_test,5.4,True,5.4,information timestamp <= nowcast cutoff,verified GSS release date where available; otherwise conservative observation month-end +45 days; target month itself always excluded,False,ADDED_IN_SCRIPT_10,True,9,2025-12-12,11.406333333333333,11.3,11.49,11.3,11.49,0.057569281932487296,1.6814159292035447,3.470630959486809,True,9,2025-12-12,12.593634385964911,12.66270947368421,12.55,12.55,12.66270947368421,-0.8900897072498082,12.955555555555556,12.99,12.925,12.925,12.99,-0.5003849114703529,False,,,,TIMING_UNRESOLVED_OR_NOT_RELEASED,False,,,,TIMING_UNRESOLVED_OR_NOT_RELEASED,True,9.4,2025-09,,2025-11-14,CONSERVATIVE_MONTH_END_PLUS_45D_PROXY,False,3,30,9.4,2025-09
2025-12,2025-12,S3_Day21,3,2025-12-21 23:59:59,formal_frozen_test,formal_frozen_test,5.4,True,5.4,information timestamp <= nowcast cutoff,verified GSS release date where available; otherwise conservative observation month-end +45 days; target month itself always excluded,False,ADDED_IN_SCRIPT_10,True,14,2025-12-19,11.439071428571427,11.3,11.49,11.3,11.51,0.06387316034333108,1.6814159292035447,3.767609074337974,True,14,2025-12-19,12.552336390977441,12.66270947368421,12.39,12.39,12.66270947368421,-2.153642348432272,12.91428751803752,12.99,12.75502525252526,12.75502525252526,12.99,-1.8088895109679815,False,,,,TIMING_UNRESOLVED_OR_NOT_RELEASED,False,,,,TIMING_UNRESOLVED_OR_NOT_RELEASED,True,8.0,2025-10,,2025-12-15,CONSERVATIVE_MONTH_END_PLUS_45D_PROXY,False,2,6,8.0,2025-10
2025-12,2025-12,S4_MonthEnd,4,2025-12-31 23:59:59,formal_frozen_test,formal_frozen_test,5.4,True,5.4,information timestamp <= nowcast cutoff,verified GSS release date where available; otherwise conservative observation month-end +45 days; target month itself always excluded,False,ADDED_IN_SCRIPT_10,True,20,2025-12-31,11.27835,11.3,10.45,10.45,11.51,0.33488166193448116,-7.522123893805322,2.3096517152980445,True,22,2025-12-31,12.48068996230245,12.66270947368421,12.332469696969696,12.332469696969696,12.66270947368421,-2.6079708880695884,12.851364784205696,12.99,12.72,12.72,12.99,-2.0785219399538035,False,,,,TIMING_UNRESOLVED_OR_NOT_RELEASED,False,,,,TIMING_UNRESOLVED_OR_NOT_RELEASED,True,8.0,2025-10,,2025-12-15,CONSERVATIVE_MONTH_END_PLUS_45D_PROXY,False,2,16,8.0,2025-10
2026-01,2026-01,S1_Day7,1,2026-01-07 23:59:59,formal_frozen_test,formal_frozen_test,3.8,True,3.8,information timestamp <= nowcast cutoff,verified GSS release date where available; otherwise conservative observation month-end +45 days; target month itself always excluded,False,ADDED_IN_SCRIPT_10,True,4,2026-01-07,10.596725000000001,10.5,10.67,10.5,10.67,0.06152785446446178,1.6190476190476089,-6.043658868540158,True,5,2026-01-07,12.273204868686866,12.32893434343434,12.19,12.19,12.32893434343434,-1.1268966121822932,12.643657500000003,12.72,12.5245,12.5245,12.72,-1.5369496855345943,False,,,,TIMING_UNRESOLVED_OR_NOT_RELEASED,False,,,,TIMING_UNRESOLVED_OR_NOT_RELEASED,True,8.0,2025-10,,2025-12-15,CONSERVATIVE_MONTH_END_PLUS_45D_PROXY,False,3,23,8.0,2025-10
2026-01,2026-01,S2_Day14,2,2026-01-14 23:59:59,formal_frozen_test,formal_frozen_test,3.8,True,3.8,information timestamp <= nowcast cutoff,verified GSS release date where available; otherwise conservative observation month-end +45 days; target month itself always excluded,False,ADDED_IN_SCRIPT_10,True,8,2026-01-14,10.6589875,10.5,10.75,10.5,10.75,0.07711550488552875,2.3809523809523725,-5.491605598336635,True,10,2026-01-14,12.174942533353335,12.32893434343434,12.042668316831683,12.042668316831683,12.32893434343434,-2.321904056169344,12.568125318627452,12.72,12.49,12.49,12.72,-1.8081761006289332,False,,,,TIMING_UNRESOLVED_OR_NOT_RELEASED,False,,,,TIMING_UNRESOLVED_OR_NOT_RELEASED,True,6.3,2025-11,,2026-01-14,CONSERVATIVE_MONTH_END_PLUS_45D_PROXY,False,2,0,6.3,2025-11
2026-01,2026-01,S3_Day21,3,2026-01-21 23:59:59,formal_frozen_test,formal_frozen_test,3.8,True,3.8,information timestamp <= nowcast cutoff,verified GSS release date where available; otherwise conservative observation month-end +45 days; target month itself always excluded,False,ADDED_IN_SCRIPT_10,True,13,2026-01-21,10.72706923076923,10.5,10.87,10.5,10.87,0.10630324826512115,3.523809523809507,-4.887955855517612,True,15,2026-01-21,12.069208223555687,12.32893434343434,11.694945544554455,11.694945544554455,12.32893434343434,-5.142283844000762,12.484083545751636,12.72,12.155,12.155,12.72,-4.441823899371078,False,,,,TIMING_UNRESOLVED_OR_NOT_RELEASED,False,,,,TIMING_UNRESOLVED_OR_NOT_RELEASED,True,6.3,2025-11,,2026-01-14,CONSERVATIVE_MONTH_END_PLUS_45D_PROXY,False,2,7,6.3,2025-11
2026-01,2026-01,S4_MonthEnd,4,2026-01-31 23:59:59,formal_frozen_test,formal_frozen_test,3.8,True,3.8,information timestamp <= nowcast cutoff,verified GSS release date where available; otherwise conservative observation month-end +45 days; target month itself always excluded,False,ADDED_IN_SCRIPT_10,True,20,2026-01-30,10.792094999999998,10.5,10.95,10.5,10.95,0.12447908047137878,4.2857142857142705,-4.311401933793524,True,21,2026-01-29,11.879007288395504,12.32893434343434,10.975,10.975,12.32893434343434,-10.981762946571017,12.362916818394023,12.72,11.9,11.9,12.72,-6.446540880503148,False,,,,TIMING_UNRESOLVED_OR_NOT_RELEASED,False,,,,TIMING_UNRESOLVED_OR_NOT_RELEASED,True,6.3,2025-11,,2026-01-14,CONSERVATIVE_MONTH_END_PLUS_45D_PROXY,False,2,17,6.3,2025-11
2026-02,2026-02,S1_Day7,1,2026-02-07 23:59:59,formal_frozen_test,formal_frozen_test,3.3,True,3.3,information timestamp <= nowcast cutoff,verified GSS release date where available; otherwise conservative observation month-end +45 days; target month itself always excluded,False,ADDED_IN_SCRIPT_10,True,5,2026-02-06,10.972,10.96,10.98,10.96,10.98,0.007483314773547723,0.18248175182480342,1.6670071936913278,True,5,2026-02-06,10.976000000000003,10.96,10.98,10.96,10.98,0.18248175182480342,11.91735098039216,11.9,11.93,11.9,11.93,0.25210084033613356,False,,,,TIMING_UNRESOLVED_OR_NOT_RELEASED,False,,,,TIMING_UNRESOLVED_OR_NOT_RELEASED,True,6.3,2025-11,,2026-01-14,CONSERVATIVE_MONTH_END_PLUS_45D_PROXY,False,3,24,6.3,2025-11
2026-02,2026-02,S2_Day14,2,2026-02-14 23:59:59,formal_frozen_test,formal_frozen_test,3.3,True,3.3,information timestamp <= nowcast cutoff,verified GSS release date where available; otherwise conservative observation month-end +45 days; target month itself always excluded,False,ADDED_IN_SCRIPT_10,True,10,2026-02-13,10.983270000000001,10.96,10.9985,10.96,10.9985,0.012729732911573418,0.35127737226277045,1.7714354812481181,True,10,2026-02-13,10.982499999999998,10.96,10.99,10.96,10.99,0.27372262773721623,11.934175490196079,11.9,11.955,11.9,11.955,0.4621848739495782,False,,,,TIMING_UNRESOLVED_OR_NOT_RELEASED,False,,,,TIMING_UNRESOLVED_OR_NOT_RELEASED,True,5.4,2025-12,,2026-02-14,CONSERVATIVE_MONTH_END_PLUS_45D_PROXY,False,2,0,5.4,2025-12
2026-02,2026-02,S3_Day21,3,2026-02-21 23:59:59,formal_frozen_test,formal_frozen_test,3.3,True,3.3,information timestamp <= nowcast cutoff,verified GSS release date where available; otherwise conservative observation month-end +45 days; target month itself always excluded,False,ADDED_IN_SCRIPT_10,True,15,2026-02-20,10.986606666666667,10.96,10.97,10.96,10.9999,0.013251237258795186,0.09124087591241281,1.802353173009208,True,15,2026-02-20,11.025395049504947,10.96,11.170935643564356,10.96,11.173014851485148,1.9245952879959338,11.981436601307193,11.9,12.15,11.9,12.15,2.1008403361344463,False,,,,TIMING_UNRESOLVED_OR_NOT_RELEASED,False,,,,TIMING_UNRESOLVED_OR_NOT_RELEASED,True,5.4,2025-12,,2026-02-14,CONSERVATIVE_MONTH_END_PLUS_45D_PROXY,False,2,7,5.4,2025-12
2026-02,2026-02,S4_MonthEnd,4,2026-02-28 23:59:59,formal_frozen_test,formal_frozen_test,3.3,True,3.3,information timestamp <= nowcast cutoff,verified GSS release date where available; otherwise conservative observation month-end +45 days; target month itself always excluded,False,ADDED_IN_SCRIPT_10,True,20,2026-02-27,10.918779999999998,10.96,10.6865,10.66,10.9999,0.12684106827049355,-2.4954379562043827,1.1738684657612852,True,20,2026-02-27,11.060020792079209,10.96,11.14,10.96,11.178163366336634,1.642335766423364,12.024441911764708,11.9,12.15,11.9,12.155926470588238,2.1008403361344463,False,,,,TIMING_UNRESOLVED_OR_NOT_RELEASED,False,,,,TIMING_UNRESOLVED_OR_NOT_RELEASED,True,5.4,2025-12,,2026-02-14,CONSERVATIVE_MONTH_END_PLUS_45D_PROXY,False,2,14,5.4,2025-12
2026-03,2026-03,S1_Day7,1,2026-03-07 23:59:59,formal_frozen_test,formal_frozen_test,3.2,True,3.2,information timestamp <= nowcast cutoff,verified GSS release date where available; otherwise conservative observation month-end +45 days; target month itself always excluded,False,ADDED_IN_SCRIPT_10,True,4,2026-03-05,10.744375000000002,10.72,10.77,10.72,10.77,0.018232440182268096,0.4664179104477473,-1.5972938368572054,True,4,2026-03-05,11.30725,11.23,11.38,11.23,11.38,1.335707925200369,12.33,12.27,12.375,12.27,12.375,0.8557457212714059,False,,,,TIMING_UNRESOLVED_OR_NOT_RELEASED,False,,,,TIMING_UNRESOLVED_OR_NOT_RELEASED,True,5.4,2025-12,,2026-02-14,CONSERVATIVE_MONTH_END_PLUS_45D_PROXY,False,3,21,5.4,2025-12
2026-03,2026-03,S2_Day14,2,2026-03-14 23:59:59,formal_frozen_test,formal_frozen_test,3.2,True,3.2,information timestamp <= nowcast cutoff,verified GSS release date where available; otherwise conservative observation month-end +45 days; target month itself always excluded,False,ADDED_IN_SCRIPT_10,True,9,2026-03-13,10.79138888888889,10.72,10.8725,10.72,10.8725,0.05201643852229039,1.4225746268656803,-1.166715613934055,True,9,2026-03-13,11.438777777777778,11.23,11.69,11.23,11.69,4.09617097061441,12.466111111111111,12.27,12.75,12.27,12.75,3.9119804400977953,False,,,,TIMING_UNRESOLVED_OR_NOT_RELEASED,False,,,,TIMING_UNRESOLVED_OR_NOT_RELEASED,True,5.4,2025-12,,2026-02-14,CONSERVATIVE_MONTH_END_PLUS_45D_PROXY,False,3,28,5.4,2025-12
2026-03,2026-03,S3_Day21,3,2026-03-21 23:59:59,formal_frozen_test,formal_frozen_test,3.2,True,3.2,information timestamp <= nowcast cutoff,verified GSS release date where available; otherwise conservative observation month-end +45 days; target month itself always excluded,False,ADDED_IN_SCRIPT_10,True,13,2026-03-19,10.827115384615384,10.72,10.94,10.72,10.94,0.07036201823048738,2.0522388059701413,-0.8395133465883053,True,13,2026-03-19,11.811846153846151,11.23,12.79,11.23,12.79,13.891362422083686,13.313461538461537,12.27,15.68,12.27,15.68,27.791361043194797,False,,,,TIMING_UNRESOLVED_OR_NOT_RELEASED,False,,,,TIMING_UNRESOLVED_OR_NOT_RELEASED,True,3.8,2026-01,,2026-03-17,CONSERVATIVE_MONTH_END_PLUS_45D_PROXY,False,2,4,3.8,2026-01
2026-03,2026-03,S4_MonthEnd,4,2026-03-31 23:59:59,formal_frozen_test,formal_frozen_test,3.2,True,3.2,information timestamp <= nowcast cutoff,verified GSS release date where available; otherwise conservative observation month-end +45 days; target month itself always excluded,False,ADDED_IN_SCRIPT_10,True,19,2026-03-31,10.87213157894737,10.72,10.998,10.72,10.998,0.0888127601822571,2.593283582089545,-0.4272310739169449,True,18,2026-03-31,12.144111111111112,11.23,13.29,11.23,13.29,18.343722172751555,14.01,12.27,15.99,12.27,15.99,30.317848410757954,False,,,,TIMING_UNRESOLVED_OR_NOT_RELEASED,False,,,,TIMING_UNRESOLVED_OR_NOT_RELEASED,True,3.8,2026-01,,2026-03-17,CONSERVATIVE_MONTH_END_PLUS_45D_PROXY,False,2,14,3.8,2026-01
2026-04,2026-04,S1_Day7,1,2026-04-07 23:59:59,formal_frozen_test,formal_frozen_test,3.4,True,3.4,information timestamp <= nowcast cutoff,verified GSS release date where available; otherwise conservative observation month-end +45 days; target month itself always excluded,False,ADDED_IN_SCRIPT_10,True,3,2026-04-07,11.003333333333332,11.0,11.01,11.0,11.01,0.004714045207910216,0.09090909090909705,1.2067712153154941,True,2,2026-04-02,13.535,13.5,13.57,13.5,13.57,0.5185185185185182,17.2975,17.1,17.494999999999997,17.1,17.494999999999997,2.3099415204678175,False,,,,TIMING_UNRESOLVED_OR_NOT_RELEASED,False,,,,TIMING_UNRESOLVED_OR_NOT_RELEASED,True,3.8,2026-01,,2026-03-17,CONSERVATIVE_MONTH_END_PLUS_45D_PROXY,False,3,21,3.8,2026-01
2026-04,2026-04,S2_Day14,2,2026-04-14 23:59:59,formal_frozen_test,formal_frozen_test,3.4,True,3.4,information timestamp <= nowcast cutoff,verified GSS release date where available; otherwise conservative observation month-end +45 days; target month itself always excluded,False,ADDED_IN_SCRIPT_10,True,8,2026-04-14,11.019525,11.0,11.0412,11.0,11.0412,0.01445957727597867,0.37454545454544963,1.3556993859239252,True,7,2026-04-14,13.56857142857143,13.5,13.595,13.5,13.595,0.7037037037037175,17.44214285714286,17.1,17.5,17.1,17.5,2.3391812865497075,False,,,,TIMING_UNRESOLVED_OR_NOT_RELEASED,False,,,,TIMING_UNRESOLVED_OR_NOT_RELEASED,True,3.8,2026-01,,2026-03-17,CONSERVATIVE_MONTH_END_PLUS_45D_PROXY,False,3,28,3.8,2026-01
2026-04,2026-04,S3_Day21,3,2026-04-21 23:59:59,formal_frozen_test,formal_frozen_test,3.4,True,3.4,information timestamp <= nowcast cutoff,verified GSS release date where available; otherwise conservative observation month-end +45 days; target month itself always excluded,False,ADDED_IN_SCRIPT_10,True,13,2026-04-21,11.0309,11.0,11.06,11.0,11.06,0.018739427788653572,0.5454545454545601,1.4603246833405414,True,12,2026-04-21,13.595416666666667,13.5,13.595,13.5,13.7,0.7037037037037175,17.256249999999998,17.1,16.545,16.545,17.6,-3.2456140350877183,False,,,,TIMING_UNRESOLVED_OR_NOT_RELEASED,False,,,,TIMING_UNRESOLVED_OR_NOT_RELEASED,True,3.8,2026-01,,2026-03-17,CONSERVATIVE_MONTH_END_PLUS_45D_PROXY,False,3,35,3.8,2026-01
2026-04,2026-04,S4_MonthEnd,4,2026-04-30 23:59:59,formal_frozen_test,formal_frozen_test,3.4,True,3.4,information timestamp <= nowcast cutoff,verified GSS release date where available; otherwise conservative observation month-end +45 days; target month itself always excluded,False,ADDED_IN_SCRIPT_10,True,20,2026-04-30,11.06637,11.0,11.19,11.0,11.191,0.05866440232372621,1.7272727272727328,1.786571654713498,True,19,2026-04-30,13.580526315789475,13.5,13.525,13.5,13.7,0.18518518518517713,16.970789473684217,17.1,16.424999999999997,16.424999999999997,17.6,-3.947368421052655,False,,,,TIMING_UNRESOLVED_OR_NOT_RELEASED,False,,,,TIMING_UNRESOLVED_OR_NOT_RELEASED,True,3.8,2026-01,,2026-03-17,CONSERVATIVE_MONTH_END_PLUS_45D_PROXY,False,3,44,3.8,2026-01
2026-05,2026-05,S1_Day7,1,2026-05-07 23:59:59,formal_frozen_test,formal_frozen_test,3.7,True,3.7,information timestamp <= nowcast cutoff,verified GSS release date where available; otherwise conservative observation month-end +45 days; target month itself always excluded,False,ADDED_IN_SCRIPT_10,True,4,2026-05-07,11.245875,11.2257,11.2748,11.2257,11.2748,0.017916246119095716,0.4373892051275252,1.6220766159092959,True,4,2026-05-07,13.5,13.5,13.5,13.5,13.5,0.0,16.27375,16.424999999999997,16.1,16.1,16.424999999999997,-1.9786910197868823,False,,,,TIMING_UNRESOLVED_OR_NOT_RELEASED,False,,,,TIMING_UNRESOLVED_OR_NOT_RELEASED,True,3.8,2026-01,,2026-03-17,CONSERVATIVE_MONTH_END_PLUS_45D_PROXY,False,4,51,3.8,2026-01
2026-05,2026-05,S2_Day14,2,2026-05-14 23:59:59,formal_frozen_test,formal_frozen_test,3.7,True,3.7,information timestamp <= nowcast cutoff,verified GSS release date where available; otherwise conservative observation month-end +45 days; target month itself always excluded,False,ADDED_IN_SCRIPT_10,True,9,2026-05-14,11.289,11.2257,11.4125,11.2257,11.4125,0.054664918671240306,1.6640387681837288,2.0117707974701693,True,9,2026-05-14,13.5,13.5,13.5,13.5,13.5,0.0,16.177222222222223,16.424999999999997,16.1,16.1,16.424999999999997,-1.9786910197868823,False,,,,TIMING_UNRESOLVED_OR_NOT_RELEASED,False,,,,TIMING_UNRESOLVED_OR_NOT_RELEASED,True,3.8,2026-01,,2026-03-17,CONSERVATIVE_MONTH_END_PLUS_45D_PROXY,False,4,58,3.8,2026-01
2026-05,2026-05,S3_Day21,3,2026-05-21 23:59:59,formal_frozen_test,formal_frozen_test,3.7,True,3.7,information timestamp <= nowcast cutoff,verified GSS release date where available; otherwise conservative observation month-end +45 days; target month itself always excluded,False,ADDED_IN_SCRIPT_10,True,14,2026-05-21,11.368642857142857,11.2257,11.6175,11.2257,11.6175,0.12362962956396178,3.4902055105694885,2.7314544619677417,True,14,2026-05-21,13.776428571428571,13.5,14.6,13.5,14.6,8.148148148148149,16.26642857142857,16.424999999999997,16.595,16.1,16.595,1.0350076103500916,False,,,,TIMING_UNRESOLVED_OR_NOT_RELEASED,False,,,,TIMING_UNRESOLVED_OR_NOT_RELEASED,True,3.8,2026-01,,2026-03-17,CONSERVATIVE_MONTH_END_PLUS_45D_PROXY,False,4,65,3.8,2026-01
2026-05,2026-05,S4_MonthEnd,4,2026-05-31 23:59:59,formal_frozen_test,formal_frozen_test,3.7,True,3.7,information timestamp <= nowcast cutoff,verified GSS release date where available; otherwise conservative observation month-end +45 days; target month itself always excluded,False,ADDED_IN_SCRIPT_10,True,19,2026-05-29,11.449805263157895,11.2257,11.73,11.2257,11.73,0.17403063092057938,4.4923701862690235,3.4648693578643863,True,19,2026-05-29,14.012105263157896,13.5,14.75,13.5,14.75,9.259259259259256,16.370789473684212,16.424999999999997,16.7,16.1,16.7,1.6742770167427867,False,,,,TIMING_UNRESOLVED_OR_NOT_RELEASED,False,,,,TIMING_UNRESOLVED_OR_NOT_RELEASED,True,3.8,2026-01,,2026-03-17,CONSERVATIVE_MONTH_END_PLUS_45D_PROXY,False,4,75,3.8,2026-01
2026-06,2026-06,S1_Day7,1,2026-06-07 23:59:59,formal_frozen_test,formal_frozen_test,5.3,True,5.3,information timestamp <= nowcast cutoff,verified GSS release date where available; otherwise conservative observation month-end +45 days; target month itself always excluded,False,ADDED_IN_SCRIPT_10,True,5,2026-06-05,11.805679999999999,11.75,11.8505,11.75,11.8505,0.03797343281822183,0.8553191489361733,3.108129166067175,True,5,2026-06-05,15.271,15.275,15.27,15.225,15.31,-0.03273322422259195,16.79,16.765,16.795,16.765,16.8,0.1789442290486276,False,,,,TIMING_UNRESOLVED_OR_NOT_RELEASED,False,,,,TIMING_UNRESOLVED_OR_NOT_RELEASED,True,3.8,2026-01,,2026-03-17,CONSERVATIVE_MONTH_END_PLUS_45D_PROXY,False,5,82,3.8,2026-01
2026-06,2026-06,S2_Day14,2,2026-06-14 23:59:59,formal_frozen_test,formal_frozen_test,5.3,True,5.3,information timestamp <= nowcast cutoff,verified GSS release date where available; otherwise conservative observation month-end +45 days; target month itself always excluded,False,ADDED_IN_SCRIPT_10,True,10,2026-06-12,11.62484,11.75,11.05,11.05,11.8505,0.3029126877501169,-5.957446808510635,1.5287136577363025,True,10,2026-06-12,15.235499999999998,15.275,15.2,15.2,15.31,-0.49099836333879043,16.7785,16.765,16.75,16.75,16.8,-0.0894721145243138,False,,,,TIMING_UNRESOLVED_OR_NOT_RELEASED,False,,,,TIMING_UNRESOLVED_OR_NOT_RELEASED,True,3.8,2026-01,,2026-03-17,CONSERVATIVE_MONTH_END_PLUS_45D_PROXY,False,5,89,3.8,2026-01
2026-06,2026-06,S3_Day21,3,2026-06-21 23:59:59,formal_frozen_test,formal_frozen_test,5.3,True,5.3,information timestamp <= nowcast cutoff,verified GSS release date where available; otherwise conservative observation month-end +45 days; target month itself always excluded,False,ADDED_IN_SCRIPT_10,True,15,2026-06-19,11.47196,11.75,11.215,11.05,11.8505,0.3292821076220206,-4.553191489361708,0.19349444233249802,True,15,2026-06-19,15.205999999999996,15.275,14.935,14.935,15.31,-2.225859247135842,16.721,16.765,16.5,16.5,16.8,-1.5806740232627514,False,,,,TIMING_UNRESOLVED_OR_NOT_RELEASED,False,,,,TIMING_UNRESOLVED_OR_NOT_RELEASED,True,3.8,2026-01,,2026-03-17,CONSERVATIVE_MONTH_END_PLUS_45D_PROXY,False,5,96,3.8,2026-01
2026-06,2026-06,S4_MonthEnd,4,2026-06-30 23:59:59,formal_frozen_test,formal_frozen_test,5.3,True,5.3,information timestamp <= nowcast cutoff,verified GSS release date where available; otherwise conservative observation month-end +45 days; target month itself always excluded,False,ADDED_IN_SCRIPT_10,True,22,2026-06-30,11.406845454545454,11.75,11.35,11.05,11.8505,0.28982869035357095,-3.404255319148941,-0.37520121630952863,True,22,2026-06-30,14.935799015799013,15.275,13.99,13.99,15.31,-8.412438625204588,16.567075216450217,16.765,16.094464285714288,16.094464285714288,16.8,-3.999616548080598,False,,,,TIMING_UNRESOLVED_OR_NOT_RELEASED,False,,,,TIMING_UNRESOLVED_OR_NOT_RELEASED,True,3.8,2026-01,,2026-03-17,CONSERVATIVE_MONTH_END_PLUS_45D_PROXY,False,5,105,3.8,2026-01
2026-07,2026-07,S1_Day7,1,2026-07-07 23:59:59,formal_frozen_test,formal_frozen_test,4.6,True,4.6,information timestamp <= nowcast cutoff,verified GSS release date where available; otherwise conservative observation month-end +45 days; target month itself always excluded,False,ADDED_IN_SCRIPT_10,True,4,2026-07-07,11.389125,11.35,11.427,11.35,11.427,0.027231358302515864,0.6784140969162911,-0.15534929982234935,True,5,2026-07-07,13.805000000000001,13.87,13.64,13.64,13.87,-1.6582552271088624,15.90964285714286,15.97821428571429,15.79,15.79,15.97821428571429,-1.1779431815642227,False,,,,TIMING_UNRESOLVED_OR_NOT_RELEASED,False,,,,TIMING_UNRESOLVED_OR_NOT_RELEASED,True,3.8,2026-01,,2026-03-17,CONSERVATIVE_MONTH_END_PLUS_45D_PROXY,False,6,112,3.8,2026-01
2026-07,2026-07,S2_Day14,2,2026-07-14 23:59:59,formal_frozen_test,formal_frozen_test,4.6,True,4.6,information timestamp <= nowcast cutoff,verified GSS release date where available; otherwise conservative observation month-end +45 days; target month itself always excluded,False,ADDED_IN_SCRIPT_10,True,9,2026-07-14,11.438444444444446,11.35,11.516,11.35,11.516,0.05134385414073138,1.4625550660793074,0.2770177787093653,True,10,2026-07-14,13.689499999999999,13.87,13.585,13.55,13.87,-2.054794520547931,15.759821428571428,15.97821428571429,15.6,15.6,15.97821428571429,-2.367062294642297,False,,,,TIMING_UNRESOLVED_OR_NOT_RELEASED,False,,,,TIMING_UNRESOLVED_OR_NOT_RELEASED,True,3.8,2026-01,,2026-03-17,CONSERVATIVE_MONTH_END_PLUS_45D_PROXY,False,6,119,3.8,2026-01
2026-07,2026-07,S3_Day21,3,2026-07-21 23:59:59,formal_frozen_test,formal_frozen_test,4.6,True,4.6,information timestamp <= nowcast cutoff,verified GSS release date where available; otherwise conservative observation month-end +45 days; target month itself always excluded,False,ADDED_IN_SCRIPT_10,True,14,2026-07-21,11.480592857142858,11.35,11.6,11.35,11.6,0.07147270672167429,2.2026431718061623,0.6465188196971283,True,15,2026-07-21,13.804333333333334,13.87,14.38,13.55,14.38,3.677000720980539,15.911214285714285,15.97821428571429,16.72,15.6,16.72,4.642481950870558,False,,,,TIMING_UNRESOLVED_OR_NOT_RELEASED,False,,,,TIMING_UNRESOLVED_OR_NOT_RELEASED,True,3.8,2026-01,,2026-03-17,CONSERVATIVE_MONTH_END_PLUS_45D_PROXY,False,6,126,3.8,2026-01
2026-07,2026-07,S4_MonthEnd,4,2026-07-31 23:59:59,formal_frozen_test,formal_frozen_test,4.6,True,4.6,information timestamp <= nowcast cutoff,verified GSS release date where available; otherwise conservative observation month-end +45 days; target month itself always excluded,False,ADDED_IN_SCRIPT_10,True,22,2026-07-31,11.542290909090909,11.35,11.69,11.35,11.69,0.10099765482916787,2.99559471365638,1.1874050111854606,True,23,2026-07-31,14.089644927536236,13.87,14.91,13.55,14.91,7.498197548666186,16.312096273291928,15.97821428571429,17.37,15.6,17.37,8.710521021927153,False,,,,TIMING_UNRESOLVED_OR_NOT_RELEASED,False,,,,TIMING_UNRESOLVED_OR_NOT_RELEASED,True,3.8,2026-01,,2026-03-17,CONSERVATIVE_MONTH_END_PLUS_45D_PROXY,False,6,136,3.8,2026-01
